source_file,260630_0020.wav
sample_rate_hz,48000
fft_size,8192
dominant_frequency_hz,5.859375

frequency_hz,magnitude
0.000000,204.961535256921
5.859375,129.751514077523
11.718750,8.935355018264
17.578125,37.517907318819
23.437500,41.108513478944
29.296875,24.373821811686
35.156250,14.394186594693
41.015625,33.062968709396
46.875000,27.168438962642
52.734375,23.422283821921
58.593750,29.523083582028
64.453125,31.044389571567
70.312500,27.594729653109
76.171875,14.637278065875
82.031250,10.949095154576
87.890625,6.671797317519
93.750000,15.028733435993
99.609375,15.057913996388
105.468750,15.378723521504
111.328125,13.865641269796
117.187500,9.338753256162
123.046875,8.068449467663
128.906250,3.454507520068
134.765625,3.867946544033
140.625000,5.200715351899
146.484375,4.332118407244
152.343750,8.312096808800
158.203125,10.080428957590
164.062500,3.330601442718
169.921875,4.100656041716
175.781250,4.015110337549
181.640625,5.049522547829
187.500000,1.679289295616
193.359375,4.617706756299
199.218750,3.759217988573
205.078125,2.843663408048
210.937500,1.022412374596
216.796875,2.069940795533
222.656250,3.809187584442
228.515625,3.960580826929
234.375000,2.318577792343
240.234375,1.956791750760
246.093750,1.785627155859
251.953125,0.804111993872
257.812500,0.759377722710
263.671875,0.644188463439
269.531250,0.832410317889
275.390625,1.235815946783
281.250000,0.622816814423
287.109375,0.878194794237
292.968750,1.336765696974
298.828125,0.946953974010
304.687500,1.182044652931
310.546875,1.505246766152
316.406250,1.097753100103
322.265625,0.838047760827
328.125000,0.880510058313
333.984375,1.531458755932
339.843750,0.786453240113
345.703125,0.897314071177
351.562500,1.182788640594
357.421875,1.724707284884
363.281250,2.280199694474
369.140625,1.704245925457
375.000000,1.051543465319
380.859375,0.887928965009
386.718750,1.116492727788
392.578125,1.385936272098
398.437500,0.756810433247
404.296875,0.654038466886
410.156250,1.633285038722
416.015625,4.521321952507
421.875000,2.967356672406
427.734375,1.360105134995
433.593750,1.477055742799
439.453125,1.025824500195
445.312500,1.074671694430
451.171875,1.661481348478
457.031250,0.758299109426
462.890625,0.136608959236
468.750000,0.377324408187
474.609375,0.270960317125
480.468750,0.144900666266
486.328125,0.413461858772
492.187500,0.075444356494
498.046875,0.351370672750
503.906250,0.509756863582
509.765625,0.341996425952
515.625000,0.720357310745
521.484375,0.162549827502
527.343750,0.588600945969
533.203125,0.508033629510
539.062500,0.697992301624
544.921875,1.194470628162
550.781250,0.526063616468
556.640625,0.874561149041
562.500000,1.018201532333
568.359375,0.252174724576
574.218750,0.177951004878
580.078125,0.815055144399
585.937500,0.746282923928
591.796875,0.556227973567
597.656250,0.400209645594
603.515625,0.393385076778
609.375000,0.823544780673
615.234375,0.870185413047
621.093750,0.398953788314
626.953125,0.446070339886
632.812500,1.362646897040
638.671875,2.045409688294
644.531250,1.488842735335
650.390625,0.761663166171
656.250000,0.722986622104
662.109375,0.743339754773
667.968750,1.512127789232
673.828125,1.477055350084
679.687500,1.282506650414
685.546875,0.631440916225
691.406250,0.040268485803
697.265625,0.382273433733
703.125000,0.896925671025
708.984375,1.114649323600
714.843750,0.865866316094
720.703125,0.532068389178
726.562500,0.457739607904
732.421875,0.870601666645
738.281250,1.423129102897
744.140625,0.333896666857
750.000000,1.359503967197
755.859375,2.026269143990
761.718750,2.284915715078
767.578125,1.506125993734
773.437500,0.432224780782
779.296875,0.698005223466
785.156250,0.109426842103
791.015625,0.617135991690
796.875000,0.487445712859
802.734375,0.070890904992
808.593750,0.091043150145
814.453125,0.225819972664
820.312500,0.128268086341
826.171875,0.388667104682
832.031250,1.041685492973
837.890625,1.141386451828
843.750000,0.514361163569
849.609375,0.102231870576
855.468750,0.414739316622
861.328125,0.475974008698
867.187500,0.813272502478
873.046875,1.664250468820
878.906250,1.328937708027
884.765625,0.554485806242
890.625000,0.538105798775
896.484375,0.693345316868
902.343750,0.267687845550
908.203125,0.068753940334
914.062500,0.251868405604
919.921875,0.171869628184
925.781250,0.183994386471
931.640625,0.240820715300
937.500000,0.107153671202
943.359375,0.157541600068
949.218750,0.129336859265
955.078125,0.248997300140
960.937500,0.199304356117
966.796875,0.352673824363
972.656250,0.274341580365
978.515625,0.237803880496
984.375000,0.127784784286
990.234375,0.145933894001
996.093750,0.174501392393
1001.953125,0.201905676787
1007.812500,0.096298654329
1013.671875,0.312561122136
1019.531250,0.156350301161
1025.390625,0.432242385492
1031.250000,0.595647571747
1037.109375,0.430403711029
1042.968750,0.339177809290
1048.828125,0.085360531179
1054.687500,0.143303165758
1060.546875,0.306696580808
1066.406250,0.076982140757
1072.265625,0.288713980186
1078.125000,0.220769878842
1083.984375,0.330655496345
1089.843750,0.424956342359
1095.703125,0.205740788886
1101.562500,0.064681412175
1107.421875,0.236009779903
1113.281250,0.488780719055
1119.140625,0.390969525698
1125.000000,0.101976633032
1130.859375,0.226717171038
1136.718750,0.179679776693
1142.578125,0.143493527136
1148.437500,0.337528881544
1154.296875,0.642021511313
1160.156250,0.704458788049
1166.015625,0.156565426898
1171.875000,0.288593633711
1177.734375,0.412390897238
1183.593750,0.299784684119
1189.453125,0.257670792859
1195.312500,0.296663990226
1201.171875,0.199680147540
1207.031250,0.230069597639
1212.890625,0.380351301437
1218.750000,0.109002166663
1224.609375,0.234659551870
1230.468750,0.236001116537
1236.328125,0.389228615260
1242.187500,0.216404072479
1248.046875,0.258028878140
1253.906250,0.384692974371
1259.765625,0.303764424833
1265.625000,0.166521907653
1271.484375,0.082757664535
1277.343750,0.174628993541
1283.203125,0.186564073975
1289.062500,0.341865960885
1294.921875,0.432856403416
1300.781250,0.515239834012
1306.640625,0.364286104188
1312.500000,0.172354398225
1318.359375,0.435802576864
1324.218750,0.382740978663
1330.078125,0.504137948546
1335.937500,0.581081376789
1341.796875,0.416365002725
1347.656250,0.294313092028
1353.515625,0.612367843571
1359.375000,0.401784599065
1365.234375,0.203732620769
1371.093750,0.345600367939
1376.953125,0.401665889077
1382.812500,0.301404998806
1388.671875,0.121196335970
1394.531250,0.052362848021
1400.390625,0.105060139004
1406.250000,0.061814892162
1412.109375,0.274200434160
1417.968750,0.274578617305
1423.828125,0.344358139616
1429.687500,0.348772919750
1435.546875,0.104055281845
1441.406250,0.238801366563
1447.265625,0.311756142625
1453.125000,0.260297295623
1458.984375,0.102366821176
1464.843750,0.085161221857
1470.703125,0.211710204573
1476.562500,0.522311765561
1482.421875,0.445020409558
1488.281250,0.091563112743
1494.140625,0.088880492822
1500.000000,0.292519775751
1505.859375,0.179060023287
1511.718750,0.217190103344
1517.578125,0.329154467879
1523.437500,0.243891103958
1529.296875,0.287149326591
1535.156250,0.180072651610
1541.015625,0.133948961518
1546.875000,0.257720914183
1552.734375,0.241738664852
1558.593750,0.137087221971
1564.453125,0.197040686743
1570.312500,0.053167873674
1576.171875,0.213284501971
1582.031250,0.069530296639
1587.890625,0.241759509998
1593.750000,0.153827710922
1599.609375,0.171858505356
1605.468750,0.132297470441
1611.328125,0.120502625206
1617.187500,0.139951048300
1623.046875,0.191111623789
1628.906250,0.217769590596
1634.765625,0.326678386266
1640.625000,0.405976121992
1646.484375,0.306509861135
1652.343750,0.301327233993
1658.203125,0.280031826726
1664.062500,0.427311841946
1669.921875,0.451839131795
1675.781250,0.275963299200
1681.640625,0.338915336168
1687.500000,0.238327684470
1693.359375,0.281348702507
1699.218750,0.264917969679
1705.078125,0.219848531717
1710.937500,0.163508409267
1716.796875,0.067601801608
1722.656250,0.098857608301
1728.515625,0.189326791257
1734.375000,0.221846969080
1740.234375,0.304405395402
1746.093750,0.137859901739
1751.953125,0.110418297225
1757.812500,0.307866429861
1763.671875,0.274185937282
1769.531250,0.177843011332
1775.390625,0.154528311934
1781.250000,0.017539422868
1787.109375,0.034542056590
1792.968750,0.044742875953
1798.828125,0.120901199743
1804.687500,0.275437899561
1810.546875,0.189053456055
1816.406250,0.078409944197
1822.265625,0.096126402625
1828.125000,0.015149913910
1833.984375,0.196036162561
1839.843750,0.250003122574
1845.703125,0.092583463443
1851.562500,0.206699663021
1857.421875,0.207569653920
1863.281250,0.089713563802
1869.140625,0.184946575504
1875.000000,0.125529572232
1880.859375,0.004716061282
1886.718750,0.068279145386
1892.578125,0.080336080903
1898.437500,0.083019294304
1904.296875,0.015368116299
1910.156250,0.127188880995
1916.015625,0.310603845596
1921.875000,0.312435019929
1927.734375,0.229502150539
1933.593750,0.252098570729
1939.453125,0.187919537679
1945.312500,0.022209215839
1951.171875,0.151463378569
1957.031250,0.121436520722
1962.890625,0.137255909905
1968.750000,0.122910335009
1974.609375,0.088390266679
1980.468750,0.095545512890
1986.328125,0.081970778344
1992.187500,0.020210270797
1998.046875,0.047877728232
2003.906250,0.121629119573
2009.765625,0.190410149159
2015.625000,0.195078237255
2021.484375,0.151388271346
2027.343750,0.101150268033
2033.203125,0.077280860006
2039.062500,0.031416371663
2044.921875,0.048179778264
2050.781250,0.122370543136
2056.640625,0.126617005118
2062.500000,0.104510633096
2068.359375,0.037608346466
2074.218750,0.159784373980
2080.078125,0.041772474062
2085.937500,0.171552027933
2091.796875,0.155534709934
2097.656250,0.160524680979
2103.515625,0.059014513151
2109.375000,0.078884482205
2115.234375,0.109291165398
2121.093750,0.163888806739
2126.953125,0.154408685520
2132.812500,0.044816640118
2138.671875,0.205377383971
2144.531250,0.158599689717
2150.390625,0.024591803917
2156.250000,0.037945463593
2162.109375,0.038367746379
2167.968750,0.063560954480
2173.828125,0.102450665651
2179.687500,0.164906682092
2185.546875,0.280535806392
2191.406250,0.289078554829
2197.265625,0.097813977962
2203.125000,0.041244646693
2208.984375,0.050870190613
2214.843750,0.090628702213
2220.703125,0.096218268334
2226.562500,0.049111108868
2232.421875,0.076986054604
2238.281250,0.223288014550
2244.140625,0.230032127253
2250.000000,0.233664165929
2255.859375,0.154049774328
2261.718750,0.262733000315
2267.578125,0.197405721670
2273.437500,0.064896616194
2279.296875,0.079244762946
2285.156250,0.037803761656
2291.015625,0.159279271475
2296.875000,0.095334038063
2302.734375,0.242897682242
2308.593750,0.242662603916
2314.453125,0.158546171865
2320.312500,0.111703423403
2326.171875,0.138064793059
2332.031250,0.189502981811
2337.890625,0.032157269119
2343.750000,0.032741279470
2349.609375,0.041706265773
2355.468750,0.156444284794
2361.328125,0.264650669262
2367.187500,0.144110272110
2373.046875,0.045809129271
2378.906250,0.059220815233
2384.765625,0.063610083069
2390.625000,0.021711095864
2396.484375,0.050785812194
2402.343750,0.031289809610
2408.203125,0.108846656338
2414.062500,0.200929450752
2419.921875,0.091050526955
2425.781250,0.094385775964
2431.640625,0.126094363104
2437.500000,0.131342790210
2443.359375,0.147481892116
2449.218750,0.154733568247
2455.078125,0.153184077019
2460.937500,0.110494156854
2466.796875,0.060811860021
2472.656250,0.056450116983
2478.515625,0.066571785748
2484.375000,0.155318327771
2490.234375,0.131894082135
2496.093750,0.064858016335
2501.953125,0.124818804423
2507.812500,0.067311773687
2513.671875,0.060303695896
2519.531250,0.088866917500
2525.390625,0.121924877255
2531.250000,0.155738217952
2537.109375,0.191266445234
2542.968750,0.146174575120
2548.828125,0.070037287645
2554.687500,0.067537289780
2560.546875,0.127972383209
2566.406250,0.190195289988
2572.265625,0.169842951301
2578.125000,0.156156678617
2583.984375,0.144924109834
2589.843750,0.121530656175
2595.703125,0.092081785647
2601.562500,0.098713456106
2607.421875,0.057513225983
2613.281250,0.007053660920
2619.140625,0.070022533270
2625.000000,0.073172890598
2630.859375,0.012270125598
2636.718750,0.130963548808
2642.578125,0.138810483566
2648.437500,0.099571692726
2654.296875,0.041144814232
2660.156250,0.107140329726
2666.015625,0.037705636825
2671.875000,0.063199595013
2677.734375,0.076211357169
2683.593750,0.071822803122
2689.453125,0.050765592371
2695.312500,0.103370404213
2701.171875,0.167794095670
2707.031250,0.187291485866
2712.890625,0.159236271992
2718.750000,0.088569337896
2724.609375,0.089169664958
2730.468750,0.089061809536
2736.328125,0.063145434233
2742.187500,0.100898425662
2748.046875,0.157663848914
2753.906250,0.059472211285
2759.765625,0.104754913136
2765.625000,0.153056110179
2771.484375,0.131378375037
2777.343750,0.024891092040
2783.203125,0.139765569158
2789.062500,0.135727127011
2794.921875,0.073767635884
2800.781250,0.040635271329
2806.640625,0.037281788079
2812.500000,0.078604612553
2818.359375,0.152779178478
2824.218750,0.122890072122
2830.078125,0.056165825616
2835.937500,0.093934053601
2841.796875,0.115079834084
2847.656250,0.192389014893
2853.515625,0.114038088205
2859.375000,0.027022109651
2865.234375,0.125904924718
2871.093750,0.156710893785
2876.953125,0.111548294130
2882.812500,0.082995103899
2888.671875,0.021543116185
2894.531250,0.089537002587
2900.390625,0.119802102751
2906.250000,0.048971574188
2912.109375,0.068359960594
2917.968750,0.108941914317
2923.828125,0.039639123558
2929.687500,0.063755364164
2935.546875,0.099200994857
2941.406250,0.085423331427
2947.265625,0.063961333437
2953.125000,0.010168370448
2958.984375,0.075494276058
2964.843750,0.141587302006
2970.703125,0.116390884285
2976.562500,0.079825774637
2982.421875,0.043838102044
2988.281250,0.055999737385
2994.140625,0.023138158727
3000.000000,0.074639806313
3005.859375,0.083895504193
3011.718750,0.091657966825
3017.578125,0.075405678921
3023.437500,0.099035620565
3029.296875,0.130210982638
3035.156250,0.113685694122
3041.015625,0.109535348873
3046.875000,0.067113456936
3052.734375,0.038984419823
3058.593750,0.037693326964
3064.453125,0.054597582208
3070.312500,0.013248707119
3076.171875,0.068401652265
3082.031250,0.024159186278
3087.890625,0.033138539259
3093.750000,0.091385231828
3099.609375,0.112172373759
3105.468750,0.041303479593
3111.328125,0.047556856348
3117.187500,0.072083514265
3123.046875,0.075470851626
3128.906250,0.084395346943
3134.765625,0.188843268175
3140.625000,0.222905421908
3146.484375,0.059768601212
3152.343750,0.062523491628
3158.203125,0.020007345320
3164.062500,0.102669666411
3169.921875,0.109983460362
3175.781250,0.016659945288
3181.640625,0.049574025714
3187.500000,0.042283508761
3193.359375,0.053416855433
3199.218750,0.090524574205
3205.078125,0.109586401807
3210.937500,0.094824632358
3216.796875,0.040729747226
3222.656250,0.101948240267
3228.515625,0.139005957670
3234.375000,0.099516712746
3240.234375,0.098629249347
3246.093750,0.069670998012
3251.953125,0.027824400415
3257.812500,0.104200386055
3263.671875,0.072102102931
3269.531250,0.033193630398
3275.390625,0.002264748143
3281.250000,0.022820447475
3287.109375,0.078047081800
3292.968750,0.086334883816
3298.828125,0.031611891455
3304.687500,0.029728212816
3310.546875,0.021212316331
3316.406250,0.072370024562
3322.265625,0.105336229474
3328.125000,0.100235130146
3333.984375,0.086897950235
3339.843750,0.068634434512
3345.703125,0.054498674245
3351.562500,0.044800754978
3357.421875,0.025503984344
3363.281250,0.052148270058
3369.140625,0.045427088850
3375.000000,0.023309756169
3380.859375,0.086470312350
3386.718750,0.097789084136
3392.578125,0.023505065164
3398.437500,0.082571099660
3404.296875,0.063750167326
3410.156250,0.013950288384
3416.015625,0.040690057981
3421.875000,0.032800057426
3427.734375,0.043847119369
3433.593750,0.091305006568
3439.453125,0.044593720014
3445.312500,0.049408890901
3451.171875,0.084973339672
3457.031250,0.041750259582
3462.890625,0.023305324951
3468.750000,0.069513680000
3474.609375,0.061990045592
3480.468750,0.032247870015
3486.328125,0.031306199006
3492.187500,0.060131491561
3498.046875,0.015809980262
3503.906250,0.049329623113
3509.765625,0.105366576294
3515.625000,0.119081452534
3521.484375,0.123577752536
3527.343750,0.122789738401
3533.203125,0.107721005000
3539.062500,0.086968876685
3544.921875,0.047487686115
3550.781250,0.074327536143
3556.640625,0.050721656017
3562.500000,0.053215394921
3568.359375,0.043363590245
3574.218750,0.071433948972
3580.078125,0.066422776493
3585.937500,0.047067425003
3591.796875,0.019793995281
3597.656250,0.046979719255
3603.515625,0.100458008949
3609.375000,0.068850364250
3615.234375,0.014816948916
3621.093750,0.065504493704
3626.953125,0.072900064223
3632.812500,0.024824067928
3638.671875,0.027157090980
3644.531250,0.067299170262
3650.390625,0.071529549553
3656.250000,0.048649071302
3662.109375,0.073164063487
3667.968750,0.055870495575
3673.828125,0.033492179289
3679.687500,0.027620362615
3685.546875,0.021178066116
3691.406250,0.065061157643
3697.265625,0.067624765340
3703.125000,0.027479467148
3708.984375,0.051181773186
3714.843750,0.039158617124
3720.703125,0.010720658061
3726.562500,0.059292240818
3732.421875,0.066558080089
3738.281250,0.028250723355
3744.140625,0.019332270910
3750.000000,0.055470686533
3755.859375,0.057799902803
3761.718750,0.049631924938
3767.578125,0.036309448604
3773.437500,0.035132594663
3779.296875,0.073239460524
3785.156250,0.066408042267
3791.015625,0.022773997192
3796.875000,0.057206341770
3802.734375,0.086515022874
3808.593750,0.055612640930
3814.453125,0.065936464469
3820.312500,0.077663259603
3826.171875,0.069745023332
3832.031250,0.044026533526
3837.890625,0.019038703056
3843.750000,0.029808404910
3849.609375,0.032330875539
3855.468750,0.066455395713
3861.328125,0.091280285720
3867.187500,0.078571596781
3873.046875,0.064337620715
3878.906250,0.081625304322
3884.765625,0.092521347484
3890.625000,0.017200516392
3896.484375,0.046964619220
3902.343750,0.027635015046
3908.203125,0.070108804612
3914.062500,0.083977672128
3919.921875,0.029863385492
3925.781250,0.080799412465
3931.640625,0.029557793664
3937.500000,0.062326630978
3943.359375,0.059425918244
3949.218750,0.027330850635
3955.078125,0.115817809814
3960.937500,0.216563307553
3966.796875,0.168741868672
3972.656250,0.094846578335
3978.515625,0.078586712089
3984.375000,0.070559045061
3990.234375,0.070153069759
3996.093750,0.022525176860
4001.953125,0.069742802522
4007.812500,0.040004988965
4013.671875,0.011487947617
4019.531250,0.013139470591
4025.390625,0.016504334668
4031.250000,0.036107415561
4037.109375,0.021697749879
4042.968750,0.077395873297
4048.828125,0.049400742321
4054.687500,0.097602867490
4060.546875,0.021819163976
4066.406250,0.065356765282
4072.265625,0.088611572329
4078.125000,0.050611223199
4083.984375,0.019052129361
4089.843750,0.055215434894
4095.703125,0.106191209787
4101.562500,0.121314076142
4107.421875,0.118089439227
4113.281250,0.077508604652
4119.140625,0.017187115330
4125.000000,0.000427841428
4130.859375,0.026169280233
4136.718750,0.052762240894
4142.578125,0.069114143057
4148.437500,0.084602057531
4154.296875,0.044771239096
4160.156250,0.057250041174
4166.015625,0.044375116554
4171.875000,0.044474199749
4177.734375,0.050047954902
4183.593750,0.024309239532
4189.453125,0.045828383333
4195.312500,0.065679995114
4201.171875,0.034163514179
4207.031250,0.027492852444
4212.890625,0.048441965653
4218.750000,0.062980642274
4224.609375,0.051543331995
4230.468750,0.051049354186
4236.328125,0.035216058031
4242.187500,0.073553284239
4248.046875,0.048444052811
4253.906250,0.040856243548
4259.765625,0.047582694167
4265.625000,0.075746166527
4271.484375,0.096877897826
4277.343750,0.080592394185
4283.203125,0.059732770304
4289.062500,0.071198458810
4294.921875,0.113028015107
4300.781250,0.098549286084
4306.640625,0.063756693631
4312.500000,0.046621969174
4318.359375,0.049345348731
4324.218750,0.036003973370
4330.078125,0.040994232142
4335.937500,0.055165440213
4341.796875,0.114520205537
4347.656250,0.091157205793
4353.515625,0.054781578668
4359.375000,0.053092014209
4365.234375,0.025693459239
4371.093750,0.018057302078
4376.953125,0.017807249070
4382.812500,0.037307865962
4388.671875,0.050933062731
4394.531250,0.055075315473
4400.390625,0.049432453816
4406.250000,0.023102194535
4412.109375,0.042531591151
4417.968750,0.077506062216
4423.828125,0.030812180885
4429.687500,0.023620603719
4435.546875,0.049863241705
4441.406250,0.007040041915
4447.265625,0.043168602593
4453.125000,0.053836945526
4458.984375,0.076549853369
4464.843750,0.106851392217
4470.703125,0.114955639914
4476.562500,0.105462697197
4482.421875,0.092642372337
4488.281250,0.032102868841
4494.140625,0.053352440696
4500.000000,0.095288633934
4505.859375,0.066569544119
4511.718750,0.027038837772
4517.578125,0.045882632726
4523.437500,0.042461097354
4529.296875,0.055734384075
4535.156250,0.029743701286
4541.015625,0.024011015797
4546.875000,0.025087574667
4552.734375,0.042330077974
4558.593750,0.050148293739
4564.453125,0.027033390822
4570.312500,0.036837410272
4576.171875,0.075774448080
4582.031250,0.145734204630
4587.890625,0.119369345994
4593.750000,0.053536346211
4599.609375,0.026848759223
4605.468750,0.024080149759
4611.328125,0.047901658634
4617.187500,0.023838666139
4623.046875,0.079013003176
4628.906250,0.119462060258
4634.765625,0.111355079395
4640.625000,0.070135388720
4646.484375,0.070443596704
4652.343750,0.029543075045
4658.203125,0.044024240185
4664.062500,0.059710309765
4669.921875,0.052799626417
4675.781250,0.079099801556
4681.640625,0.091072613112
4687.500000,0.055272916581
4693.359375,0.011182645086
4699.218750,0.045324134953
4705.078125,0.086363426342
4710.937500,0.066784889662
4716.796875,0.082138658044
4722.656250,0.040890624438
4728.515625,0.017195188456
4734.375000,0.046267971193
4740.234375,0.068591175302
4746.093750,0.048702732317
4751.953125,0.029825980526
4757.812500,0.011774139296
4763.671875,0.020998130909
4769.531250,0.027516184839
4775.390625,0.034680409258
4781.250000,0.021835710384
4787.109375,0.037231771982
4792.968750,0.087665834578
4798.828125,0.110702829058
4804.687500,0.102886020533
4810.546875,0.055034695683
4816.406250,0.034713000908
4822.265625,0.051348311719
4828.125000,0.020268990706
4833.984375,0.021942176178
4839.843750,0.011819305171
4845.703125,0.089284958583
4851.562500,0.083858468443
4857.421875,0.027859794704
4863.281250,0.057066940998
4869.140625,0.048124912765
4875.000000,0.006729340959
4880.859375,0.024680104136
4886.718750,0.062011647907
4892.578125,0.107804964597
4898.437500,0.090558829099
4904.296875,0.033086102174
4910.156250,0.015517840717
4916.015625,0.016114501880
4921.875000,0.032268537759
4927.734375,0.042251420314
4933.593750,0.024754456094
4939.453125,0.030952913718
4945.312500,0.074004400511
4951.171875,0.081267467408
4957.031250,0.027771968884
4962.890625,0.049907880058
4968.750000,0.093914318684
4974.609375,0.102220212441
4980.468750,0.092527048139
4986.328125,0.101972727799
4992.187500,0.079394075934
4998.046875,0.068633290710
5003.906250,0.092425678103
5009.765625,0.082342620592
5015.625000,0.046079120101
5021.484375,0.039954029415
5027.343750,0.049610960081
5033.203125,0.051130807667
5039.062500,0.020690160645
5044.921875,0.027938485452
5050.781250,0.041744346190
5056.640625,0.045848030927
5062.500000,0.029709504064
5068.359375,0.022834825049
5074.218750,0.035402121807
5080.078125,0.050505297908
5085.937500,0.056788482984
5091.796875,0.030714450775
5097.656250,0.011387915784
5103.515625,0.015675774619
5109.375000,0.021870005166
5115.234375,0.022576852925
5121.093750,0.011888944172
5126.953125,0.004631450064
5132.812500,0.013929999275
5138.671875,0.028869785873
5144.531250,0.032760187344
5150.390625,0.009391243536
5156.250000,0.023266823753
5162.109375,0.021048539111
5167.968750,0.011985240090
5173.828125,0.006557504115
5179.687500,0.024077274833
5185.546875,0.015043944734
5191.406250,0.027533383856
5197.265625,0.012215761493
5203.125000,0.022070114275
5208.984375,0.054068436918
5214.843750,0.056882813782
5220.703125,0.028085997838
5226.562500,0.013692976967
5232.421875,0.007619585034
5238.281250,0.011728064014
5244.140625,0.016579738668
5250.000000,0.011384480871
5255.859375,0.016688145765
5261.718750,0.026989357425
5267.578125,0.032727654056
5273.437500,0.019137566346
5279.296875,0.019636160760
5285.156250,0.020936111864
5291.015625,0.023545438437
5296.875000,0.020836995798
5302.734375,0.011624846495
5308.593750,0.001849651615
5314.453125,0.007378569206
5320.312500,0.028447195620
5326.171875,0.013618163811
5332.031250,0.049805961255
5337.890625,0.023763112000
5343.750000,0.022936278478
5349.609375,0.021060472244
5355.468750,0.006233791482
5361.328125,0.020261840520
5367.187500,0.037889972602
5373.046875,0.045662850548
5378.906250,0.048183085342
5384.765625,0.033148391529
5390.625000,0.022507119866
5396.484375,0.047895625881
5402.343750,0.063395034796
5408.203125,0.063067306526
5414.062500,0.048173460778
5419.921875,0.041048027540
5425.781250,0.024437086534
5431.640625,0.008711705267
5437.500000,0.025130934751
5443.359375,0.029695940556
5449.218750,0.027114308200
5455.078125,0.026033820501
5460.937500,0.041994097748
5466.796875,0.032467698051
5472.656250,0.008692610797
5478.515625,0.006533421662
5484.375000,0.017411346309
5490.234375,0.011454332469
5496.093750,0.030604099904
5501.953125,0.027589572549
5507.812500,0.001338626873
5513.671875,0.006830720553
5519.531250,0.012585802087
5525.390625,0.023942209102
5531.250000,0.011265365231
5537.109375,0.013536032858
5542.968750,0.018466738131
5548.828125,0.035520713323
5554.687500,0.023912836093
5560.546875,0.011547936566
5566.406250,0.026657826619
5572.265625,0.019534601803
5578.125000,0.009784469052
5583.984375,0.012178900384
5589.843750,0.013973477053
5595.703125,0.013453430901
5601.562500,0.012975016748
5607.421875,0.030137912006
5613.281250,0.016674683558
5619.140625,0.014869048572
5625.000000,0.017108420763
5630.859375,0.040965874304
5636.718750,0.042683722497
5642.578125,0.018664133707
5648.437500,0.027247082346
5654.296875,0.048541996825
5660.156250,0.012535952576
5666.015625,0.001898887313
5671.875000,0.021870784687
5677.734375,0.027930026458
5683.593750,0.025712203429
5689.453125,0.028761190389
5695.312500,0.042476236600
5701.171875,0.040739155883
5707.031250,0.044237888323
5712.890625,0.052177847851
5718.750000,0.048323055838
5724.609375,0.046367440435
5730.468750,0.053116156078
5736.328125,0.042557744859
5742.187500,0.038089687244
5748.046875,0.059447501806
5753.906250,0.060395106959
5759.765625,0.044684061042
5765.625000,0.036911453677
5771.484375,0.056870916177
5777.343750,0.051369808186
5783.203125,0.040552981022
5789.062500,0.039648291267
5794.921875,0.026033827557
5800.781250,0.021388091965
5806.640625,0.050902481789
5812.500000,0.066403065830
5818.359375,0.054402554235
5824.218750,0.050757093446
5830.078125,0.043286939414
5835.937500,0.018871997266
5841.796875,0.026868921235
5847.656250,0.024541287905
5853.515625,0.028811644996
5859.375000,0.017811677105
5865.234375,0.033681276799
5871.093750,0.037297785799
5876.953125,0.065071002012
5882.812500,0.065002655152
5888.671875,0.028185760394
5894.531250,0.014487548144
5900.390625,0.010426224377
5906.250000,0.022499980026
5912.109375,0.050580478407
5917.968750,0.049423983094
5923.828125,0.042411593431
5929.687500,0.051605671714
5935.546875,0.041595936192
5941.406250,0.047151516598
5947.265625,0.063523733674
5953.125000,0.042881296242
5958.984375,0.029271702850
5964.843750,0.038223799428
5970.703125,0.036501221089
5976.562500,0.030327958829
5982.421875,0.049540259239
5988.281250,0.070110027411
5994.140625,0.056973548647
6000.000000,0.031512397290
6005.859375,0.040540044728
6011.718750,0.053343449155
6017.578125,0.044383087455
6023.437500,0.011530981173
6029.296875,0.013849053791
6035.156250,0.035230184257
6041.015625,0.041783065282
6046.875000,0.027104756559
6052.734375,0.030324072184
6058.593750,0.038010621498
6064.453125,0.023441341062
6070.312500,0.049767077982
6076.171875,0.025313668044
6082.031250,0.051419636381
6087.890625,0.035169330319
6093.750000,0.024042094821
6099.609375,0.035034214714
6105.468750,0.011550151575
6111.328125,0.022060717183
6117.187500,0.028382323229
6123.046875,0.030954418746
6128.906250,0.033329566951
6134.765625,0.045879793266
6140.625000,0.060976899542
6146.484375,0.002509986740
6152.343750,0.054129236551
6158.203125,0.041886416130
6164.062500,0.018478856488
6169.921875,0.033997888445
6175.781250,0.048189224755
6181.640625,0.055785847504
6187.500000,0.058192729883
6193.359375,0.023437155345
6199.218750,0.014263470816
6205.078125,0.016462431878
6210.937500,0.022194051821
6216.796875,0.010481863066
6222.656250,0.021068782384
6228.515625,0.024244901025
6234.375000,0.023914989899
6240.234375,0.043218637101
6246.093750,0.051882285766
6251.953125,0.039257862307
6257.812500,0.027936814100
6263.671875,0.019573832536
6269.531250,0.009588153191
6275.390625,0.010315968388
6281.250000,0.024762708327
6287.109375,0.034493885550
6292.968750,0.010690099566
6298.828125,0.025737311127
6304.687500,0.046483703789
6310.546875,0.053160891609
6316.406250,0.062398181649
6322.265625,0.039008278110
6328.125000,0.016122959641
6333.984375,0.030237276635
6339.843750,0.022016176773
6345.703125,0.024675610693
6351.562500,0.055384168738
6357.421875,0.054416924732
6363.281250,0.067072165204
6369.140625,0.056417608857
6375.000000,0.043857658820
6380.859375,0.067932074823
6386.718750,0.083312936668
6392.578125,0.058330987939
6398.437500,0.020614774316
6404.296875,0.024087565002
6410.156250,0.045595155797
6416.015625,0.054980960933
6421.875000,0.062826892099
6427.734375,0.049279951822
6433.593750,0.030421080767
6439.453125,0.016794786466
6445.312500,0.058393253209
6451.171875,0.054499460204
6457.031250,0.043561711258
6462.890625,0.040489899001
6468.750000,0.040745143416
6474.609375,0.031171450406
6480.468750,0.036539758232
6486.328125,0.037814372838
6492.187500,0.031591610058
6498.046875,0.014455806356
6503.906250,0.015826562391
6509.765625,0.019721774349
6515.625000,0.020490805136
6521.484375,0.008788265834
6527.343750,0.006197302438
6533.203125,0.028274096330
6539.062500,0.043065924743
6544.921875,0.023239905123
6550.781250,0.039889686539
6556.640625,0.050050879658
6562.500000,0.007381747096
6568.359375,0.032642105252
6574.218750,0.013173178650
6580.078125,0.003833279513
6585.937500,0.026991141765
6591.796875,0.063152845368
6597.656250,0.039332243680
6603.515625,0.033219692233
6609.375000,0.025572060179
6615.234375,0.024257368977
6621.093750,0.023241190584
6626.953125,0.014104638870
6632.812500,0.006834671413
6638.671875,0.011958399289
6644.531250,0.024980035979
6650.390625,0.004395675715
6656.250000,0.027874321831
6662.109375,0.017333659050
6667.968750,0.048704229233
6673.828125,0.074992160158
6679.687500,0.063235993346
6685.546875,0.031378556349
6691.406250,0.004809695972
6697.265625,0.020791668398
6703.125000,0.023829260572
6708.984375,0.013156992632
6714.843750,0.040311667181
6720.703125,0.054485329472
6726.562500,0.052325366003
6732.421875,0.041504536693
6738.281250,0.016528405569
6744.140625,0.011042706168
6750.000000,0.053931044103
6755.859375,0.052438045473
6761.718750,0.033328349193
6767.578125,0.032371144981
6773.437500,0.043802539290
6779.296875,0.052359378226
6785.156250,0.055812199990
6791.015625,0.068529114937
6796.875000,0.087303393016
6802.734375,0.078530183136
6808.593750,0.070298720975
6814.453125,0.070907330881
6820.312500,0.050384299420
6826.171875,0.039747009244
6832.031250,0.052690145359
6837.890625,0.048966637970
6843.750000,0.031850940596
6849.609375,0.009030610695
6855.468750,0.026895894833
6861.328125,0.041806622397
6867.187500,0.024958764036
6873.046875,0.020709235928
6878.906250,0.034031335323
6884.765625,0.024171642979
6890.625000,0.040074768482
6896.484375,0.037366510698
6902.343750,0.012439581195
6908.203125,0.022442559946
6914.062500,0.042826876659
6919.921875,0.041204017581
6925.781250,0.021749011221
6931.640625,0.001916934815
6937.500000,0.005790888807
6943.359375,0.007792957446
6949.218750,0.008280484955
6955.078125,0.010005249095
6960.937500,0.013124687660
6966.796875,0.023763432926
6972.656250,0.036347371587
6978.515625,0.029203684249
6984.375000,0.023488699634
6990.234375,0.016629588932
6996.093750,0.007626529998
7001.953125,0.010932925078
7007.812500,0.018369154883
7013.671875,0.035793027470
7019.531250,0.030646292325
7025.390625,0.014473047950
7031.250000,0.010835926432
7037.109375,0.011677054008
7042.968750,0.016623735372
7048.828125,0.019000987065
7054.687500,0.031539238612
7060.546875,0.016167061859
7066.406250,0.003258031842
7072.265625,0.014639910979
7078.125000,0.007313030361
7083.984375,0.007816802902
7089.843750,0.024470993171
7095.703125,0.021775455796
7101.562500,0.014122798374
7107.421875,0.014391864688
7113.281250,0.006287352063
7119.140625,0.019313052897
7125.000000,0.028985116155
7130.859375,0.028722038863
7136.718750,0.013275586613
7142.578125,0.003184366746
7148.437500,0.003695900604
7154.296875,0.001433571329
7160.156250,0.009748606644
7166.015625,0.010471738921
7171.875000,0.009966602550
7177.734375,0.016011243106
7183.593750,0.019826104582
7189.453125,0.025745177109
7195.312500,0.019608251542
7201.171875,0.004533502687
7207.031250,0.016698501904
7212.890625,0.007142069335
7218.750000,0.019827088115
7224.609375,0.011405592664
7230.468750,0.005894423162
7236.328125,0.005236041302
7242.187500,0.011314122925
7248.046875,0.011009381039
7253.906250,0.020276063854
7259.765625,0.009488193373
7265.625000,0.010482755169
7271.484375,0.011762859704
7277.343750,0.009563188530
7283.203125,0.009440061998
7289.062500,0.004851251679
7294.921875,0.023927090287
7300.781250,0.020501003543
7306.640625,0.008072638128
7312.500000,0.013489008934
7318.359375,0.013840872071
7324.218750,0.012602629584
7330.078125,0.016897149975
7335.937500,0.011171418362
7341.796875,0.020717299690
7347.656250,0.018098291811
7353.515625,0.004924999210
7359.375000,0.008664024712
7365.234375,0.006578512855
7371.093750,0.009823468260
7376.953125,0.009670151131
7382.812500,0.015727025999
7388.671875,0.009267266609
7394.531250,0.020239818815
7400.390625,0.012475072233
7406.250000,0.007381479351
7412.109375,0.022664250346
7417.968750,0.029032186544
7423.828125,0.016688982006
7429.687500,0.007918083800
7435.546875,0.013582723486
7441.406250,0.014407430102
7447.265625,0.015611362067
7453.125000,0.029971448884
7458.984375,0.026502358560
7464.843750,0.009225100291
7470.703125,0.010559336856
7476.562500,0.005440169624
7482.421875,0.004224600640
7488.281250,0.006067341875
7494.140625,0.021828132876
7500.000000,0.022689836762
7505.859375,0.015493211676
7511.718750,0.019689283842
7517.578125,0.020710558984
7523.437500,0.022137559617
7529.296875,0.016611941223
7535.156250,0.005440529425
7541.015625,0.002056481707
7546.875000,0.010275287675
7552.734375,0.000914468174
7558.593750,0.018105056073
7564.453125,0.026125245275
7570.312500,0.019870801221
7576.171875,0.010871742313
7582.031250,0.011028173402
7587.890625,0.004997438745
7593.750000,0.013206842802
7599.609375,0.016372554358
7605.468750,0.010986048391
7611.328125,0.016219125510
7617.187500,0.005702381471
7623.046875,0.007472144798
7628.906250,0.007959748520
7634.765625,0.005853684016
7640.625000,0.026325641572
7646.484375,0.020566961277
7652.343750,0.010297425697
7658.203125,0.015769694702
7664.062500,0.001357691802
7669.921875,0.014088364145
7675.781250,0.001248693582
7681.640625,0.020160959900
7687.500000,0.023964040786
7693.359375,0.010729399135
7699.218750,0.009935094231
7705.078125,0.024538195089
7710.937500,0.025273615507
7716.796875,0.025564424944
7722.656250,0.014894687899
7728.515625,0.014408415935
7734.375000,0.010481660348
7740.234375,0.003572329393
7746.093750,0.007912077295
7751.953125,0.014587482571
7757.812500,0.010957491736
7763.671875,0.022667596933
7769.531250,0.028246972391
7775.390625,0.020783961037
7781.250000,0.018341618294
7787.109375,0.018109877842
7792.968750,0.003473422636
7798.828125,0.009239900783
7804.687500,0.010538561917
7810.546875,0.008361554326
7816.406250,0.009867932958
7822.265625,0.011231775715
7828.125000,0.008061910993
7833.984375,0.001906858811
7839.843750,0.012216494081
7845.703125,0.004810167362
7851.562500,0.007779865857
7857.421875,0.001525596142
7863.281250,0.014971003531
7869.140625,0.011902162980
7875.000000,0.013873162863
7880.859375,0.023764690001
7886.718750,0.009432326013
7892.578125,0.016185908142
7898.437500,0.023451162536
7904.296875,0.023327477848
7910.156250,0.031155052573
7916.015625,0.037444048402
7921.875000,0.024203497369
7927.734375,0.014483388570
7933.593750,0.025765168713
7939.453125,0.049258400851
7945.312500,0.030283705070
7951.171875,0.031017391373
7957.031250,0.013473371061
7962.890625,0.033302857688
7968.750000,0.052821253404
7974.609375,0.036157485710
7980.468750,0.014956027667
7986.328125,0.038883026389
7992.187500,0.025968109178
7998.046875,0.004388284347
8003.906250,0.016261169476
8009.765625,0.014800055469
8015.625000,0.012053093969
8021.484375,0.014769332874
8027.343750,0.015583199357
8033.203125,0.013163534981
8039.062500,0.038551247272
8044.921875,0.051099615731
8050.781250,0.039227628849
8056.640625,0.009963683572
8062.500000,0.000808648897
8068.359375,0.009899657987
8074.218750,0.027535483087
8080.078125,0.034816956791
8085.937500,0.029977805491
8091.796875,0.027593299593
8097.656250,0.020719029309
8103.515625,0.023598036794
8109.375000,0.022070167220
8115.234375,0.016930304843
8121.093750,0.037948957241
8126.953125,0.027794482278
8132.812500,0.013535014278
8138.671875,0.014471403141
8144.531250,0.011193539264
8150.390625,0.014344019116
8156.250000,0.014028617447
8162.109375,0.012159565032
8167.968750,0.011179700173
8173.828125,0.019255259405
8179.687500,0.017948967401
8185.546875,0.006325476171
8191.406250,0.022036189544
8197.265625,0.019892855924
8203.125000,0.021458664478
8208.984375,0.029755188111
8214.843750,0.044512485103
8220.703125,0.047899269318
8226.562500,0.011686119377
8232.421875,0.026488799910
8238.281250,0.032668905364
8244.140625,0.035802704803
8250.000000,0.035495888006
8255.859375,0.023290181945
8261.718750,0.003315330976
8267.578125,0.029436607205
8273.437500,0.043556761901
8279.296875,0.026027335377
8285.156250,0.013358462032
8291.015625,0.032247265356
8296.875000,0.028579187359
8302.734375,0.025715419585
8308.593750,0.005589742011
8314.453125,0.015805356463
8320.312500,0.016548510617
8326.171875,0.012142309633
8332.031250,0.008115650608
8337.890625,0.039539502543
8343.750000,0.043014172694
8349.609375,0.026813680811
8355.468750,0.011346268525
8361.328125,0.022598210260
8367.187500,0.025085857768
8373.046875,0.013700051751
8378.906250,0.012875869075
8384.765625,0.038467877211
8390.625000,0.054899653333
8396.484375,0.054672947583
8402.343750,0.058536646382
8408.203125,0.049713901624
8414.062500,0.032950722334
8419.921875,0.022438004840
8425.781250,0.022842779786
8431.640625,0.013525474320
8437.500000,0.009529639604
8443.359375,0.016747881970
8449.218750,0.016570434984
8455.078125,0.013874608072
8460.937500,0.020310506886
8466.796875,0.023803533934
8472.656250,0.017698146159
8478.515625,0.012202331013
8484.375000,0.038284029808
8490.234375,0.022764378023
8496.093750,0.021904677962
8501.953125,0.021220964564
8507.812500,0.007191195803
8513.671875,0.028835829162
8519.531250,0.023971817185
8525.390625,0.022314363817
8531.250000,0.030022874906
8537.109375,0.013566945063
8542.968750,0.006104898189
8548.828125,0.014594228188
8554.687500,0.015232332131
8560.546875,0.018688876979
8566.406250,0.024584908282
8572.265625,0.010726541454
8578.125000,0.010148530906
8583.984375,0.014923291163
8589.843750,0.022827332571
8595.703125,0.017301574497
8601.562500,0.034785714566
8607.421875,0.017929708884
8613.281250,0.019992980425
8619.140625,0.018869154804
8625.000000,0.007690689222
8630.859375,0.004788989813
8636.718750,0.024211638537
8642.578125,0.036810886913
8648.437500,0.016149941194
8654.296875,0.019010039786
8660.156250,0.028459012162
8666.015625,0.014872471471
8671.875000,0.025513934064
8677.734375,0.021429247600
8683.593750,0.023235801595
8689.453125,0.027151349587
8695.312500,0.006998699287
8701.171875,0.008117796364
8707.031250,0.002036446454
8712.890625,0.004162426269
8718.750000,0.011845229269
8724.609375,0.016496270926
8730.468750,0.008556434282
8736.328125,0.019421698130
8742.187500,0.017730264079
8748.046875,0.013630894715
8753.906250,0.005127378260
8759.765625,0.020033248785
8765.625000,0.017234658347
8771.484375,0.008943556924
8777.343750,0.005819971709
8783.203125,0.024323571950
8789.062500,0.011909130698
8794.921875,0.016351874323
8800.781250,0.018636855717
8806.640625,0.009689192928
8812.500000,0.015043837703
8818.359375,0.021069188883
8824.218750,0.017508732544
8830.078125,0.008244158946
8835.937500,0.010871343560
8841.796875,0.019325183023
8847.656250,0.009541277819
8853.515625,0.009305298528
8859.375000,0.018982597496
8865.234375,0.011098479862
8871.093750,0.016946542519
8876.953125,0.031538772374
8882.812500,0.020179725080
8888.671875,0.012256083472
8894.531250,0.010921167062
8900.390625,0.010444254691
8906.250000,0.017949180192
8912.109375,0.020594031764
8917.968750,0.009330012497
8923.828125,0.006351944498
8929.687500,0.003562573974
8935.546875,0.022326098829
8941.406250,0.014769655384
8947.265625,0.000902622933
8953.125000,0.002687042678
8958.984375,0.012545024734
8964.843750,0.019630973370
8970.703125,0.012718661387
8976.562500,0.018035932162
8982.421875,0.019845306625
8988.281250,0.027481036837
8994.140625,0.017054537509
9000.000000,0.011489158493
9005.859375,0.015257720720
9011.718750,0.012639610717
9017.578125,0.014887847671
9023.437500,0.014260730159
9029.296875,0.013216663247
9035.156250,0.023736683076
9041.015625,0.016097773430
9046.875000,0.010700000065
9052.734375,0.022333629360
9058.593750,0.023945176522
9064.453125,0.031217586687
9070.312500,0.034328665073
9076.171875,0.022933570499
9082.031250,0.014338018770
9087.890625,0.012232886015
9093.750000,0.026932279660
9099.609375,0.024953131553
9105.468750,0.012314205606
9111.328125,0.014841565583
9117.187500,0.005621445676
9123.046875,0.021307938235
9128.906250,0.015019174559
9134.765625,0.008124611205
9140.625000,0.009047439659
9146.484375,0.007360660116
9152.343750,0.007149034708
9158.203125,0.006477074512
9164.062500,0.008573640465
9169.921875,0.019993780845
9175.781250,0.024166925887
9181.640625,0.015709314882
9187.500000,0.023101210570
9193.359375,0.030171281370
9199.218750,0.019694338378
9205.078125,0.004057523268
9210.937500,0.026871964080
9216.796875,0.037392946693
9222.656250,0.022732927729
9228.515625,0.007349766963
9234.375000,0.008969663042
9240.234375,0.010869803087
9246.093750,0.022040245700
9251.953125,0.012748183189
9257.812500,0.011035827297
9263.671875,0.016214006271
9269.531250,0.005615852097
9275.390625,0.016438828310
9281.250000,0.020037962330
9287.109375,0.024127452269
9292.968750,0.028304527771
9298.828125,0.027048243334
9304.687500,0.025873777893
9310.546875,0.018204024509
9316.406250,0.007616831225
9322.265625,0.015874848859
9328.125000,0.002215778012
9333.984375,0.008442672154
9339.843750,0.011359456276
9345.703125,0.016357514046
9351.562500,0.013559625523
9357.421875,0.019544416288
9363.281250,0.016002063193
9369.140625,0.011443112832
9375.000000,0.014455978654
9380.859375,0.013577502440
9386.718750,0.020401199726
9392.578125,0.004625457582
9398.437500,0.006537854851
9404.296875,0.015471516099
9410.156250,0.014067946660
9416.015625,0.010121776376
9421.875000,0.013292535199
9427.734375,0.034283554739
9433.593750,0.036781487865
9439.453125,0.031818011294
9445.312500,0.025627726446
9451.171875,0.021339661753
9457.031250,0.006686555662
9462.890625,0.023183644799
9468.750000,0.010993684784
9474.609375,0.022577835454
9480.468750,0.038884156117
9486.328125,0.021528054437
9492.187500,0.011401106765
9498.046875,0.023124990373
9503.906250,0.016180349030
9509.765625,0.012064657486
9515.625000,0.005316151371
9521.484375,0.020804794770
9527.343750,0.003233587935
9533.203125,0.007136183716
9539.062500,0.010527233177
9544.921875,0.014742909428
9550.781250,0.004208791651
9556.640625,0.025635403062
9562.500000,0.023858214505
9568.359375,0.009498099453
9574.218750,0.008230322019
9580.078125,0.010993665764
9585.937500,0.017803326272
9591.796875,0.020742139959
9597.656250,0.030598159867
9603.515625,0.020103913474
9609.375000,0.013016315156
9615.234375,0.020708086833
9621.093750,0.011986832398
9626.953125,0.019015737306
9632.812500,0.018661749930
9638.671875,0.017591679032
9644.531250,0.013738684544
9650.390625,0.005513522534
9656.250000,0.010749918275
9662.109375,0.024157184336
9667.968750,0.033559739193
9673.828125,0.039148074278
9679.687500,0.013878868413
9685.546875,0.018347636099
9691.406250,0.025135234105
9697.265625,0.025976571452
9703.125000,0.016655043288
9708.984375,0.024850098365
9714.843750,0.043216892418
9720.703125,0.047918853916
9726.562500,0.018436501495
9732.421875,0.028664723689
9738.281250,0.030955240025
9744.140625,0.026012045975
9750.000000,0.031746524205
9755.859375,0.016502324153
9761.718750,0.025612023402
9767.578125,0.021704532439
9773.437500,0.013479220944
9779.296875,0.008309279699
9785.156250,0.013005220215
9791.015625,0.013953515165
9796.875000,0.006246532022
9802.734375,0.018747140455
9808.593750,0.018215416482
9814.453125,0.013118512621
9820.312500,0.010229942173
9826.171875,0.006242482924
9832.031250,0.011253500675
9837.890625,0.047015149809
9843.750000,0.033368807880
9849.609375,0.014836626106
9855.468750,0.022558842024
9861.328125,0.017047913795
9867.187500,0.015858020802
9873.046875,0.017977179242
9878.906250,0.029216438023
9884.765625,0.014986808650
9890.625000,0.017201449577
9896.484375,0.016086679264
9902.343750,0.005233527432
9908.203125,0.009610729067
9914.062500,0.008162522737
9919.921875,0.003772684227
9925.781250,0.020159349917
9931.640625,0.016520588035
9937.500000,0.018191191663
9943.359375,0.004691353265
9949.218750,0.028059231595
9955.078125,0.011393017782
9960.937500,0.020181487157
9966.796875,0.028514071838
9972.656250,0.016798523736
9978.515625,0.010860694661
9984.375000,0.013575009110
9990.234375,0.024984923846
9996.093750,0.031317326284
10001.953125,0.021660641961
10007.812500,0.022796223957
10013.671875,0.029715939881
10019.531250,0.031791417347
10025.390625,0.027861609444
10031.250000,0.034946723772
10037.109375,0.021289567782
10042.968750,0.026876374977
10048.828125,0.025656898943
10054.687500,0.006421988034
10060.546875,0.006760121907
10066.406250,0.021781460045
10072.265625,0.035835525674
10078.125000,0.024925187493
10083.984375,0.019381978709
10089.843750,0.022418328634
10095.703125,0.015098136914
10101.562500,0.026678864234
10107.421875,0.029115419139
10113.281250,0.028882586085
10119.140625,0.037046095365
10125.000000,0.048635699424
10130.859375,0.032701224484
10136.718750,0.001372261636
10142.578125,0.003203213560
10148.437500,0.032145912944
10154.296875,0.047432080090
10160.156250,0.029582347106
10166.015625,0.026069149982
10171.875000,0.027172835815
10177.734375,0.005070239155
10183.593750,0.012782724465
10189.453125,0.006899010758
10195.312500,0.017636322716
10201.171875,0.018175483687
10207.031250,0.019806225724
10212.890625,0.033459100574
10218.750000,0.020868421009
10224.609375,0.013408482569
10230.468750,0.014671818259
10236.328125,0.014333733832
10242.187500,0.023744045299
10248.046875,0.039286006533
10253.906250,0.015587339127
10259.765625,0.051479965126
10265.625000,0.021963761342
10271.484375,0.031632199048
10277.343750,0.018197989911
10283.203125,0.027565053983
10289.062500,0.001717908884
10294.921875,0.010135563574
10300.781250,0.035725071624
10306.640625,0.019127272973
10312.500000,0.014524989951
10318.359375,0.010137861990
10324.218750,0.006303766341
10330.078125,0.024929862539
10335.937500,0.041366210887
10341.796875,0.039272068407
10347.656250,0.042186654026
10353.515625,0.029279977511
10359.375000,0.017556812998
10365.234375,0.044835328988
10371.093750,0.038351232432
10376.953125,0.015344242205
10382.812500,0.005847452727
10388.671875,0.021680326247
10394.531250,0.022119865722
10400.390625,0.008084696435
10406.250000,0.028775995771
10412.109375,0.018239049893
10417.968750,0.025340280200
10423.828125,0.039261786235
10429.687500,0.020306785543
10435.546875,0.037538503111
10441.406250,0.028453839930
10447.265625,0.019551394581
10453.125000,0.008087136356
10458.984375,0.037269639040
10464.843750,0.040846483332
10470.703125,0.015180435111
10476.562500,0.002546292787
10482.421875,0.020660769899
10488.281250,0.034468138443
10494.140625,0.024753766108
10500.000000,0.012110265410
10505.859375,0.017090397199
10511.718750,0.006936497737
10517.578125,0.020591009922
10523.437500,0.017502965244
10529.296875,0.003848827094
10535.156250,0.018136968336
10541.015625,0.016148750675
10546.875000,0.011134269254
10552.734375,0.017730589714
10558.593750,0.027745121771
10564.453125,0.069774701254
10570.312500,0.035208537082
10576.171875,0.048437760015
10582.031250,0.055866264464
10587.890625,0.033068025960
10593.750000,0.028291941050
10599.609375,0.037362435899
10605.468750,0.034277004830
10611.328125,0.025294907565
10617.187500,0.066779145720
10623.046875,0.042095033094
10628.906250,0.017168722777
10634.765625,0.040484540175
10640.625000,0.041011421240
10646.484375,0.047678440226
10652.343750,0.025252784912
10658.203125,0.032841668263
10664.062500,0.020191969367
10669.921875,0.018417371881
10675.781250,0.050385746010
10681.640625,0.038505429438
10687.500000,0.016541488197
10693.359375,0.031790248911
10699.218750,0.067062058915
10705.078125,0.035343437823
10710.937500,0.014624115333
10716.796875,0.026635113650
10722.656250,0.012892231221
10728.515625,0.021285643222
10734.375000,0.037532073781
10740.234375,0.022109891037
10746.093750,0.039767066193
10751.953125,0.063219297458
10757.812500,0.072247929829
10763.671875,0.074725380118
10769.531250,0.040229180918
10775.390625,0.005594320285
10781.250000,0.015515238149
10787.109375,0.024167773772
10792.968750,0.005530524033
10798.828125,0.024384384994
10804.687500,0.028831167285
10810.546875,0.018044263835
10816.406250,0.006862682508
10822.265625,0.008772922419
10828.125000,0.035193399144
10833.984375,0.036419785131
10839.843750,0.010817457095
10845.703125,0.039324757239
10851.562500,0.036470054356
10857.421875,0.015553286916
10863.281250,0.016867471434
10869.140625,0.013449207558
10875.000000,0.019498399712
10880.859375,0.013847481935
10886.718750,0.003790990748
10892.578125,0.028740327126
10898.437500,0.025104391297
10904.296875,0.032967276582
10910.156250,0.058917497691
10916.015625,0.041530337865
10921.875000,0.011845352861
10927.734375,0.021913005757
10933.593750,0.026145428617
10939.453125,0.052984235273
10945.312500,0.043315711680
10951.171875,0.024172137766
10957.031250,0.024345432522
10962.890625,0.044513460587
10968.750000,0.031908637184
10974.609375,0.040484152568
10980.468750,0.054756038989
10986.328125,0.033700195624
10992.187500,0.050688249178
10998.046875,0.047222144072
11003.906250,0.060445087602
11009.765625,0.049438875614
11015.625000,0.032378112314
11021.484375,0.032809508474
11027.343750,0.034774456108
11033.203125,0.014493455607
11039.062500,0.005122841756
11044.921875,0.022055232340
11050.781250,0.008310216959
11056.640625,0.025454378687
11062.500000,0.032087235024
11068.359375,0.043032531490
11074.218750,0.050542019935
11080.078125,0.044102982868
11085.937500,0.053300866497
11091.796875,0.055626732752
11097.656250,0.052920684659
11103.515625,0.014200323903
11109.375000,0.026244015972
11115.234375,0.032757395978
11121.093750,0.015300558102
11126.953125,0.027120197341
11132.812500,0.026766690086
11138.671875,0.041613941093
11144.531250,0.045691387907
11150.390625,0.040518114056
11156.250000,0.056057974607
11162.109375,0.033433779548
11167.968750,0.001199670825
11173.828125,0.024648619195
11179.687500,0.062872926981
11185.546875,0.052057242855
11191.406250,0.036649950741
11197.265625,0.037640248343
11203.125000,0.025223113150
11208.984375,0.039422397018
11214.843750,0.030772062512
11220.703125,0.046729348475
11226.562500,0.040674078600
11232.421875,0.038637389435
11238.281250,0.013550495928
11244.140625,0.009265785102
11250.000000,0.029775253409
11255.859375,0.022556621055
11261.718750,0.042526465759
11267.578125,0.026925123757
11273.437500,0.013761326677
11279.296875,0.047450490255
11285.156250,0.076647667483
11291.015625,0.086885346320
11296.875000,0.071170639304
11302.734375,0.024130167665
11308.593750,0.020560273474
11314.453125,0.013805412866
11320.312500,0.025211962009
11326.171875,0.027317808134
11332.031250,0.045178823093
11337.890625,0.044045541960
11343.750000,0.045717290424
11349.609375,0.055900347433
11355.468750,0.058507564091
11361.328125,0.027564926473
11367.187500,0.027306196472
11373.046875,0.021130527910
11378.906250,0.020041195447
11384.765625,0.035951771638
11390.625000,0.022085866419
11396.484375,0.043673688999
11402.343750,0.032896551126
11408.203125,0.041366601919
11414.062500,0.020681775935
11419.921875,0.024269859092
11425.781250,0.020780250929
11431.640625,0.015835350230
11437.500000,0.037695863004
11443.359375,0.058544771889
11449.218750,0.037421263712
11455.078125,0.007811320738
11460.937500,0.017481746045
11466.796875,0.029576185457
11472.656250,0.019168132564
11478.515625,0.026160116938
11484.375000,0.042756958991
11490.234375,0.019516853323
11496.093750,0.014205964049
11501.953125,0.015874399826
11507.812500,0.045193757810
11513.671875,0.060940590810
11519.531250,0.030246976020
11525.390625,0.010526970387
11531.250000,0.024524661606
11537.109375,0.026413754115
11542.968750,0.053226332074
11548.828125,0.034157929074
11554.687500,0.003426614796
11560.546875,0.039302042805
11566.406250,0.043329911582
11572.265625,0.030813190734
11578.125000,0.043707337721
11583.984375,0.012656952740
11589.843750,0.038777239810
11595.703125,0.051945262421
11601.562500,0.029463401088
11607.421875,0.002417750092
11613.281250,0.029932678398
11619.140625,0.022601447175
11625.000000,0.011047884648
11630.859375,0.034857896360
11636.718750,0.037375071737
11642.578125,0.011455675809
11648.437500,0.020486142186
11654.296875,0.056787585424
11660.156250,0.060200197400
11666.015625,0.043518917617
11671.875000,0.003321239304
11677.734375,0.039452675552
11683.593750,0.028335782492
11689.453125,0.010401938334
11695.312500,0.029799541177
11701.171875,0.076810562302
11707.031250,0.049050286706
11712.890625,0.015610214971
11718.750000,0.016639903728
11724.609375,0.010605430304
11730.468750,0.015024416916
11736.328125,0.032219119135
11742.187500,0.029246438659
11748.046875,0.061867575953
11753.906250,0.055810068184
11759.765625,0.029278512963
11765.625000,0.014375588895
11771.484375,0.012158052939
11777.343750,0.018409695156
11783.203125,0.023720332924
11789.062500,0.039823986445
11794.921875,0.042242236758
11800.781250,0.026326944383
11806.640625,0.007677889030
11812.500000,0.021600038797
11818.359375,0.006861440814
11824.218750,0.040898216490
11830.078125,0.040097433534
11835.937500,0.043553485674
11841.796875,0.056398723721
11847.656250,0.044826803533
11853.515625,0.035664882416
11859.375000,0.029688752859
11865.234375,0.000964830617
11871.093750,0.041201861812
11876.953125,0.080511258401
11882.812500,0.090625339258
11888.671875,0.062206693418
11894.531250,0.046145730463
11900.390625,0.033682106551
11906.250000,0.019264267756
11912.109375,0.020909095926
11917.968750,0.025685403932
11923.828125,0.049437778059
11929.687500,0.040563851238
11935.546875,0.018632967478
11941.406250,0.016228526153
11947.265625,0.030750374645
11953.125000,0.035294081545
11958.984375,0.032060769948
11964.843750,0.055442081717
11970.703125,0.068624596254
11976.562500,0.049123944186
11982.421875,0.027481095554
11988.281250,0.019739909463
11994.140625,0.046037371051
12000.000000,0.077834222986
12005.859375,0.016000209721
12011.718750,0.054023171950
12017.578125,0.054297537086
12023.437500,0.048069797365
12029.296875,0.047755025919
12035.156250,0.026462477248
12041.015625,0.019666139018
12046.875000,0.016255330561
12052.734375,0.009427171578
12058.593750,0.043515071301
12064.453125,0.038613147796
12070.312500,0.011557802293
12076.171875,0.014346982484
12082.031250,0.041131605524
12087.890625,0.074602344021
12093.750000,0.058900094247
12099.609375,0.044597819552
12105.468750,0.027546285125
12111.328125,0.045757093201
12117.187500,0.063569281433
12123.046875,0.044896278371
12128.906250,0.022126922243
12134.765625,0.012278867054
12140.625000,0.044066439977
12146.484375,0.046659021489
12152.343750,0.012758716416
12158.203125,0.018615400091
12164.062500,0.028647165135
12169.921875,0.023535956436
12175.781250,0.023371861126
12181.640625,0.019596686654
12187.500000,0.025241527741
12193.359375,0.002342103794
12199.218750,0.048061378676
12205.078125,0.064388527602
12210.937500,0.040974321283
12216.796875,0.027295658719
12222.656250,0.005108602145
12228.515625,0.005617387175
12234.375000,0.011325087867
12240.234375,0.026363000169
12246.093750,0.035387107787
12251.953125,0.023857255857
12257.812500,0.018118804972
12263.671875,0.021506965108
12269.531250,0.009319646303
12275.390625,0.046077945444
12281.250000,0.054926606256
12287.109375,0.027374945210
12292.968750,0.047835677556
12298.828125,0.020917742722
12304.687500,0.017308141902
12310.546875,0.013312527562
12316.406250,0.032966463125
12322.265625,0.027878801891
12328.125000,0.011437330871
12333.984375,0.008488446647
12339.843750,0.034677706154
12345.703125,0.023161046506
12351.562500,0.027197738734
12357.421875,0.017393962596
12363.281250,0.025439394235
12369.140625,0.054837169657
12375.000000,0.042281906383
12380.859375,0.042853728681
12386.718750,0.019618085500
12392.578125,0.005824495418
12398.437500,0.020461982885
12404.296875,0.016618700316
12410.156250,0.014787433059
12416.015625,0.022561794152
12421.875000,0.021317810217
12427.734375,0.004574378028
12433.593750,0.019384852212
12439.453125,0.029858298418
12445.312500,0.027815988112
12451.171875,0.021692781105
12457.031250,0.017728451062
12462.890625,0.005341343563
12468.750000,0.002603843054
12474.609375,0.010715343052
12480.468750,0.013361503970
12486.328125,0.033644003089
12492.187500,0.030805892487
12498.046875,0.041208489404
12503.906250,0.034122799356
12509.765625,0.022955747738
12515.625000,0.014477761905
12521.484375,0.014412201766
12527.343750,0.032403666167
12533.203125,0.030393469294
12539.062500,0.024655641170
12544.921875,0.032472363656
12550.781250,0.022322797534
12556.640625,0.031852251233
12562.500000,0.010239824188
12568.359375,0.027624951886
12574.218750,0.006616863275
12580.078125,0.033743896265
12585.937500,0.038143061533
12591.796875,0.009720910473
12597.656250,0.007419112734
12603.515625,0.038766972332
12609.375000,0.034868088239
12615.234375,0.017211796505
12621.093750,0.030147453944
12626.953125,0.013411243124
12632.812500,0.029829549751
12638.671875,0.043335432878
12644.531250,0.038341715152
12650.390625,0.014537394825
12656.250000,0.024885223996
12662.109375,0.032928322182
12667.968750,0.007207251793
12673.828125,0.022401000853
12679.687500,0.030820971908
12685.546875,0.030350351538
12691.406250,0.004499659186
12697.265625,0.009937183932
12703.125000,0.017454345803
12708.984375,0.022163311824
12714.843750,0.012840135770
12720.703125,0.012452997896
12726.562500,0.019402802891
12732.421875,0.017232760982
12738.281250,0.005445887937
12744.140625,0.015888448405
12750.000000,0.042881218920
12755.859375,0.050782940275
12761.718750,0.041376880429
12767.578125,0.029463542813
12773.437500,0.030036590052
12779.296875,0.030414837750
12785.156250,0.015278125508
12791.015625,0.041604999674
12796.875000,0.023556571199
12802.734375,0.023560436304
12808.593750,0.032925303049
12814.453125,0.025040013886
12820.312500,0.000507448692
12826.171875,0.020095712986
12832.031250,0.028022783923
12837.890625,0.015574176445
12843.750000,0.004662737219
12849.609375,0.012888152439
12855.468750,0.026555575903
12861.328125,0.025472498415
12867.187500,0.011474343510
12873.046875,0.009213416152
12878.906250,0.022069458522
12884.765625,0.034293912840
12890.625000,0.028697654363
12896.484375,0.022307568993
12902.343750,0.044366280961
12908.203125,0.042273212010
12914.062500,0.028330408841
12919.921875,0.035904300321
12925.781250,0.043290914257
12931.640625,0.059496291921
12937.500000,0.052090928298
12943.359375,0.029825338455
12949.218750,0.022257218536
12955.078125,0.024893161869
12960.937500,0.017414127054
12966.796875,0.020353577487
12972.656250,0.026655598963
12978.515625,0.038925059223
12984.375000,0.040198667373
12990.234375,0.026367203896
12996.093750,0.005877840091
13001.953125,0.021719540509
13007.812500,0.014491333450
13013.671875,0.004634163168
13019.531250,0.019280004102
13025.390625,0.021466270834
13031.250000,0.018036431392
13037.109375,0.031210910554
13042.968750,0.014774191678
13048.828125,0.024076678781
13054.687500,0.031220213260
13060.546875,0.017954079643
13066.406250,0.005785636975
13072.265625,0.012815610028
13078.125000,0.011857024136
13083.984375,0.009919574509
13089.843750,0.014740908792
13095.703125,0.012547815430
13101.562500,0.025932663911
13107.421875,0.037199237002
13113.281250,0.039905686061
13119.140625,0.030172670089
13125.000000,0.008233827826
13130.859375,0.013761015290
13136.718750,0.014668991244
13142.578125,0.006003283900
13148.437500,0.006420964617
13154.296875,0.013748675438
13160.156250,0.022810150389
13166.015625,0.020334664789
13171.875000,0.029309534828
13177.734375,0.027369652209
13183.593750,0.018103633008
13189.453125,0.007771792548
13195.312500,0.014658099942
13201.171875,0.019147167302
13207.031250,0.016104581094
13212.890625,0.025778341126
13218.750000,0.026642597494
13224.609375,0.023219340357
13230.468750,0.019655569927
13236.328125,0.011106921865
13242.187500,0.012486060657
13248.046875,0.016598611446
13253.906250,0.000404188515
13259.765625,0.008924197347
13265.625000,0.004687531270
13271.484375,0.011180209186
13277.343750,0.025614097784
13283.203125,0.029793384420
13289.062500,0.017005542483
13294.921875,0.020378098955
13300.781250,0.041166689741
13306.640625,0.034690834371
13312.500000,0.031386970421
13318.359375,0.021234472261
13324.218750,0.010893157048
13330.078125,0.028913173643
13335.937500,0.020704676282
13341.796875,0.022582084113
13347.656250,0.025080825391
13353.515625,0.020297137390
13359.375000,0.016280040118
13365.234375,0.016227814318
13371.093750,0.013944340224
13376.953125,0.015323535861
13382.812500,0.004363850127
13388.671875,0.015637372259
13394.531250,0.006488300611
13400.390625,0.002877931021
13406.250000,0.004288541126
13412.109375,0.008543252125
13417.968750,0.008562034433
13423.828125,0.020610812851
13429.687500,0.013133975551
13435.546875,0.013384691346
13441.406250,0.012633455967
13447.265625,0.016816625202
13453.125000,0.023337152631
13458.984375,0.019409479144
13464.843750,0.010465148526
13470.703125,0.001679471589
13476.562500,0.013639854270
13482.421875,0.015263100230
13488.281250,0.002732981753
13494.140625,0.003645969762
13500.000000,0.017249170287
13505.859375,0.001586640553
13511.718750,0.018124247671
13517.578125,0.016208841281
13523.437500,0.009237360768
13529.296875,0.011298892470
13535.156250,0.004662870998
13541.015625,0.004989491592
13546.875000,0.008992985662
13552.734375,0.009325909522
13558.593750,0.009150796757
13564.453125,0.008727383432
13570.312500,0.010561697591
13576.171875,0.005860553901
13582.031250,0.012750280006
13587.890625,0.014203010677
13593.750000,0.003285130700
13599.609375,0.005487152426
13605.468750,0.009209892168
13611.328125,0.016719140321
13617.187500,0.011187670290
13623.046875,0.012776539291
13628.906250,0.007560143865
13634.765625,0.016172187691
13640.625000,0.014270716645
13646.484375,0.010660076551
13652.343750,0.018646679760
13658.203125,0.004282008825
13664.062500,0.018998961892
13669.921875,0.017852382032
13675.781250,0.021310185175
13681.640625,0.018032873605
13687.500000,0.002237827488
13693.359375,0.010918473260
13699.218750,0.007212592245
13705.078125,0.016425959077
13710.937500,0.025544370693
13716.796875,0.013618304636
13722.656250,0.002945482786
13728.515625,0.017894157948
13734.375000,0.015030319435
13740.234375,0.012085743412
13746.093750,0.019182114184
13751.953125,0.016606520795
13757.812500,0.013507807548
13763.671875,0.011249200639
13769.531250,0.016812574339
13775.390625,0.009501561418
13781.250000,0.009763895499
13787.109375,0.013215872152
13792.968750,0.007993535284
13798.828125,0.010776007251
13804.687500,0.013117331465
13810.546875,0.011218023668
13816.406250,0.009447371278
13822.265625,0.018835735377
13828.125000,0.009514392598
13833.984375,0.008604456043
13839.843750,0.001975905852
13845.703125,0.015880170123
13851.562500,0.028384583035
13857.421875,0.023989819768
13863.281250,0.018787299738
13869.140625,0.008680214176
13875.000000,0.005212395494
13880.859375,0.005355447109
13886.718750,0.007546632349
13892.578125,0.001690315292
13898.437500,0.007772176412
13904.296875,0.012426716772
13910.156250,0.012282607813
13916.015625,0.010666758999
13921.875000,0.006596559463
13927.734375,0.005130062098
13933.593750,0.007824692340
13939.453125,0.009584956833
13945.312500,0.012131299472
13951.171875,0.010721570236
13957.031250,0.001674553221
13962.890625,0.008370193371
13968.750000,0.002690927464
13974.609375,0.011760861994
13980.468750,0.005182276148
13986.328125,0.004236491480
13992.187500,0.006531927045
13998.046875,0.007477668029
14003.906250,0.013037837789
14009.765625,0.008883871492
14015.625000,0.008665875103
14021.484375,0.015259915942
14027.343750,0.008985214660
14033.203125,0.017576617195
14039.062500,0.016233993971
14044.921875,0.010484143001
14050.781250,0.007889456757
14056.640625,0.004308195204
14062.500000,0.002945968722
14068.359375,0.006229887016
14074.218750,0.008419349243
14080.078125,0.007978544375
14085.937500,0.013624549929
14091.796875,0.003539088127
14097.656250,0.004364542649
14103.515625,0.005808949933
14109.375000,0.004071969954
14115.234375,0.010372986601
14121.093750,0.013024890186
14126.953125,0.014093059624
14132.812500,0.018966039996
14138.671875,0.012019927684
14144.531250,0.003172835439
14150.390625,0.010381949811
14156.250000,0.007982347400
14162.109375,0.005288975585
14167.968750,0.004991720463
14173.828125,0.008905933469
14179.687500,0.012704192291
14185.546875,0.005744415703
14191.406250,0.002412527691
14197.265625,0.000691936505
14203.125000,0.006037956126
14208.984375,0.012214045533
14214.843750,0.010435934383
14220.703125,0.006659836045
14226.562500,0.011186793436
14232.421875,0.011505079865
14238.281250,0.010749674660
14244.140625,0.010791617852
14250.000000,0.008674838828
14255.859375,0.013066154089
14261.718750,0.007713940962
14267.578125,0.010232009811
14273.437500,0.006500558832
14279.296875,0.015194951988
14285.156250,0.005491136437
14291.015625,0.005521667567
14296.875000,0.007601716072
14302.734375,0.014261446831
14308.593750,0.007238653465
14314.453125,0.006415474134
14320.312500,0.003654223681
14326.171875,0.005231953140
14332.031250,0.019977016878
14337.890625,0.023201941668
14343.750000,0.011679593163
14349.609375,0.013547730520
14355.468750,0.015813531205
14361.328125,0.009056752338
14367.187500,0.013902430987
14373.046875,0.011510709516
14378.906250,0.002710941726
14384.765625,0.006691160800
14390.625000,0.005054658625
14396.484375,0.005140702317
14402.343750,0.007744746831
14408.203125,0.004229136062
14414.062500,0.006336719493
14419.921875,0.008158125680
14425.781250,0.009326708565
14431.640625,0.012704120104
14437.500000,0.012491505336
14443.359375,0.007115575762
14449.218750,0.008734299536
14455.078125,0.007376979184
14460.937500,0.010387967443
14466.796875,0.010873214059
14472.656250,0.009609149112
14478.515625,0.001074074813
14484.375000,0.006663782126
14490.234375,0.007399709336
14496.093750,0.013590466679
14501.953125,0.011559446897
14507.812500,0.004346028415
14513.671875,0.012943692665
14519.531250,0.018819873908
14525.390625,0.005372567012
14531.250000,0.011619297007
14537.109375,0.008816975977
14542.968750,0.007874047481
14548.828125,0.005297841805
14554.687500,0.004173297729
14560.546875,0.002211927927
14566.406250,0.006377172450
14572.265625,0.009975205840
14578.125000,0.010831887810
14583.984375,0.006446486979
14589.843750,0.005093481664
14595.703125,0.013522375431
14601.562500,0.013361168969
14607.421875,0.004236511163
14613.281250,0.007328608467
14619.140625,0.005609676874
14625.000000,0.001664724009
14630.859375,0.011680117394
14636.718750,0.007014919020
14642.578125,0.003701489804
14648.437500,0.007116643563
14654.296875,0.010917613824
14660.156250,0.008632576931
14666.015625,0.005260216557
14671.875000,0.002706056414
14677.734375,0.009001086674
14683.593750,0.002937160980
14689.453125,0.007030468104
14695.312500,0.004672760277
14701.171875,0.017586655937
14707.031250,0.015374847920
14712.890625,0.011060815752
14718.750000,0.011684232257
14724.609375,0.004725864443
14730.468750,0.002899737717
14736.328125,0.004593914504
14742.187500,0.015395689515
14748.046875,0.009371863352
14753.906250,0.004833327982
14759.765625,0.005732017441
14765.625000,0.018857677628
14771.484375,0.017689087320
14777.343750,0.006870099472
14783.203125,0.001873360248
14789.062500,0.002089985160
14794.921875,0.007234340758
14800.781250,0.008702445377
14806.640625,0.012656894511
14812.500000,0.012827093036
14818.359375,0.009554175216
14824.218750,0.002945824080
14830.078125,0.010528105711
14835.937500,0.009851244637
14841.796875,0.013276348435
14847.656250,0.012850637890
14853.515625,0.008328482015
14859.375000,0.012455095360
14865.234375,0.010762355946
14871.093750,0.006119380115
14876.953125,0.018756787749
14882.812500,0.017423937940
14888.671875,0.004063448493
14894.531250,0.004427018661
14900.390625,0.006606447236
14906.250000,0.009420616262
14912.109375,0.014083165427
14917.968750,0.015027130189
14923.828125,0.017154068507
14929.687500,0.007406950005
14935.546875,0.006532750937
14941.406250,0.008049511301
14947.265625,0.006734101542
14953.125000,0.007038178945
14958.984375,0.002753674303
14964.843750,0.006023469159
14970.703125,0.006072923850
14976.562500,0.007798274236
14982.421875,0.011703958370
14988.281250,0.013964771372
14994.140625,0.006336651010
15000.000000,0.012933613416
15005.859375,0.018305375297
15011.718750,0.012277563916
15017.578125,0.004409946264
15023.437500,0.004637311240
15029.296875,0.003669361791
15035.156250,0.003435197338
15041.015625,0.004707344417
15046.875000,0.017213350093
15052.734375,0.021259483737
15058.593750,0.016418323688
15064.453125,0.013116305711
15070.312500,0.008083422635
15076.171875,0.005315007006
15082.031250,0.003891290740
15087.890625,0.005118218625
15093.750000,0.002318357268
15099.609375,0.004924474127
15105.468750,0.011944322299
15111.328125,0.013164415020
15117.187500,0.013306325155
15123.046875,0.008652903222
15128.906250,0.003113731867
15134.765625,0.002290075010
15140.625000,0.002790373309
15146.484375,0.002120699177
15152.343750,0.008367719209
15158.203125,0.010274520868
15164.062500,0.007139461242
15169.921875,0.012598274242
15175.781250,0.002430423663
15181.640625,0.003498572910
15187.500000,0.011447497163
15193.359375,0.011528844006
15199.218750,0.007200401059
15205.078125,0.013927404866
15210.937500,0.001108691887
15216.796875,0.010246578026
15222.656250,0.009521896698
15228.515625,0.005261546971
15234.375000,0.003255543694
15240.234375,0.003757677712
15246.093750,0.003690947266
15251.953125,0.007326540218
15257.812500,0.009150873248
15263.671875,0.003315676848
15269.531250,0.006957541090
15275.390625,0.011837031595
15281.250000,0.008582574028
15287.109375,0.004876190046
15292.968750,0.003500593945
15298.828125,0.014202861246
15304.687500,0.013080916796
15310.546875,0.003895408126
15316.406250,0.007395434651
15322.265625,0.014426950732
15328.125000,0.007753453738
15333.984375,0.001621802256
15339.843750,0.007354583757
15345.703125,0.005831175992
15351.562500,0.007866699951
15357.421875,0.010861937181
15363.281250,0.003648061745
15369.140625,0.006458720215
15375.000000,0.006228818870
15380.859375,0.006440055786
15386.718750,0.009827801240
15392.578125,0.013538575830
15398.437500,0.013266579646
15404.296875,0.005670308046
15410.156250,0.014650945490
15416.015625,0.010998039575
15421.875000,0.009861088826
15427.734375,0.009101033579
15433.593750,0.008354474546
15439.453125,0.011519082524
15445.312500,0.012478775734
15451.171875,0.011500662530
15457.031250,0.007962579826
15462.890625,0.005386173712
15468.750000,0.001731030092
15474.609375,0.001455867055
15480.468750,0.005165593376
15486.328125,0.005440425906
15492.187500,0.009324773795
15498.046875,0.014029830168
15503.906250,0.013725936621
15509.765625,0.005067985304
15515.625000,0.003884192563
15521.484375,0.004651960704
15527.343750,0.006625203522
15533.203125,0.011735714925
15539.062500,0.011283841130
15544.921875,0.008090229535
15550.781250,0.003714087940
15556.640625,0.011826178446
15562.500000,0.006844875633
15568.359375,0.006168876176
15574.218750,0.004595090624
15580.078125,0.005078518715
15585.937500,0.010993752268
15591.796875,0.013289383709
15597.656250,0.012268589670
15603.515625,0.006553325649
15609.375000,0.007747557246
15615.234375,0.013014475085
15621.093750,0.003781264780
15626.953125,0.008691094870
15632.812500,0.009185060598
15638.671875,0.004424465939
15644.531250,0.002042249209
15650.390625,0.005795004877
15656.250000,0.011976851837
15662.109375,0.009323783892
15667.968750,0.008954911607
15673.828125,0.007034309150
15679.687500,0.002631154689
15685.546875,0.005065170675
15691.406250,0.008840040907
15697.265625,0.011216964046
15703.125000,0.010082766300
15708.984375,0.013739331026
15714.843750,0.013433474778
15720.703125,0.016813918425
15726.562500,0.016771399703
15732.421875,0.009500909679
15738.281250,0.007309769746
15744.140625,0.004238402909
15750.000000,0.006949435816
15755.859375,0.006884288059
15761.718750,0.001030323577
15767.578125,0.007578493580
15773.437500,0.007045488246
15779.296875,0.002392923218
15785.156250,0.003806715716
15791.015625,0.008307980998
15796.875000,0.003062906355
15802.734375,0.006409428156
15808.593750,0.009309506671
15814.453125,0.007153869965
15820.312500,0.002197308120
15826.171875,0.008647423354
15832.031250,0.010890759386
15837.890625,0.008160163379
15843.750000,0.006958204978
15849.609375,0.006683431680
15855.468750,0.006982362256
15861.328125,0.001493103649
15867.187500,0.010101487136
15873.046875,0.017913919934
15878.906250,0.008105439031
15884.765625,0.010528618667
15890.625000,0.014094120089
15896.484375,0.003096900579
15902.343750,0.010604630653
15908.203125,0.012559801626
15914.062500,0.014948702760
15919.921875,0.013610521548
15925.781250,0.010123986360
15931.640625,0.005495515756
15937.500000,0.010501149773
15943.359375,0.009294510385
15949.218750,0.003002277676
15955.078125,0.012327582548
15960.937500,0.016452447809
15966.796875,0.012437654897
15972.656250,0.001337764060
15978.515625,0.008898786637
15984.375000,0.006005001946
15990.234375,0.005337837253
15996.093750,0.008588483280
16001.953125,0.011745067260
16007.812500,0.005466323421
16013.671875,0.001691988328
16019.531250,0.001882030865
16025.390625,0.003103430651
16031.250000,0.005369379253
16037.109375,0.004297740940
16042.968750,0.003187425232
16048.828125,0.010198717020
16054.687500,0.018555425464
16060.546875,0.019440687603
16066.406250,0.015581029805
16072.265625,0.007020184215
16078.125000,0.003653485109
16083.984375,0.006239038306
16089.843750,0.001162550936
16095.703125,0.007741019590
16101.562500,0.015273226567
16107.421875,0.017580402955
16113.281250,0.010172096828
16119.140625,0.006977258571
16125.000000,0.003565122734
16130.859375,0.005427551295
16136.718750,0.005151313821
16142.578125,0.004178494347
16148.437500,0.004120223934
16154.296875,0.009554392457
16160.156250,0.014580669102
16166.015625,0.013190870926
16171.875000,0.009187094320
16177.734375,0.001112712523
16183.593750,0.003486328045
16189.453125,0.006077718948
16195.312500,0.014202374743
16201.171875,0.011590836540
16207.031250,0.003689045639
16212.890625,0.003388217090
16218.750000,0.009885963842
16224.609375,0.006535565291
16230.468750,0.001149809118
16236.328125,0.001559703226
16242.187500,0.001871022095
16248.046875,0.007154398048
16253.906250,0.004297859160
16259.765625,0.004255313370
16265.625000,0.009385508704
16271.484375,0.011447513884
16277.343750,0.015389797537
16283.203125,0.017290336017
16289.062500,0.013983182553
16294.921875,0.008581798788
16300.781250,0.003736062122
16306.640625,0.004999007751
16312.500000,0.005347764334
16318.359375,0.002323416708
16324.218750,0.001032269789
16330.078125,0.005010890754
16335.937500,0.001785059940
16341.796875,0.002123315213
16347.656250,0.007523466146
16353.515625,0.002726136837
16359.375000,0.008026848098
16365.234375,0.008249175115
16371.093750,0.005092090020
16376.953125,0.000350093251
16382.812500,0.003365719394
16388.671875,0.007144511692
16394.531250,0.011221831300
16400.390625,0.004765887459
16406.250000,0.006583968158
16412.109375,0.007581417997
16417.968750,0.008018970623
16423.828125,0.005299118914
16429.687500,0.005906059347
16435.546875,0.002862299288
16441.406250,0.009409285343
16447.265625,0.009601281099
16453.125000,0.007698780142
16458.984375,0.003637883374
16464.843750,0.003913278617
16470.703125,0.006136652474
16476.562500,0.015945672617
16482.421875,0.010836524907
16488.281250,0.001601880230
16494.140625,0.000735534749
16500.000000,0.002854953974
16505.859375,0.003015510183
16511.718750,0.002811690535
16517.578125,0.006533388818
16523.437500,0.005242904654
16529.296875,0.001960541194
16535.156250,0.001377429492
16541.015625,0.003421531453
16546.875000,0.005474386125
16552.734375,0.007479286098
16558.593750,0.005859273067
16564.453125,0.003486790023
16570.312500,0.005233621838
16576.171875,0.010698753403
16582.031250,0.008085253914
16587.890625,0.007682469941
16593.750000,0.006236025437
16599.609375,0.002569015701
16605.468750,0.001446571910
16611.328125,0.006502044205
16617.187500,0.004544945002
16623.046875,0.004695777137
16628.906250,0.002448459967
16634.765625,0.006524562856
16640.625000,0.004502981810
16646.484375,0.000395864075
16652.343750,0.005167673977
16658.203125,0.009865128027
16664.062500,0.008923230695
16669.921875,0.011110246793
16675.781250,0.006555158646
16681.640625,0.004021453034
16687.500000,0.007683072158
16693.359375,0.001489427843
16699.218750,0.009316212558
16705.078125,0.010752893119
16710.937500,0.005452171189
16716.796875,0.002906651763
16722.656250,0.004486384252
16728.515625,0.004547441917
16734.375000,0.002733364466
16740.234375,0.008149566888
16746.093750,0.008364631088
16751.953125,0.009878157648
16757.812500,0.009445346285
16763.671875,0.004188203672
16769.531250,0.005658668023
16775.390625,0.007295794007
16781.250000,0.004081249550
16787.109375,0.005721748272
16792.968750,0.004137119690
16798.828125,0.000673421496
16804.687500,0.003641564849
16810.546875,0.006994320448
16816.406250,0.005770686254
16822.265625,0.002465973167
16828.125000,0.002656478207
16833.984375,0.007160319782
16839.843750,0.006776755671
16845.703125,0.000914982170
16851.562500,0.005992659389
16857.421875,0.004745554144
16863.281250,0.006656457949
16869.140625,0.009097038074
16875.000000,0.008932121572
16880.859375,0.007320659656
16886.718750,0.002608254198
16892.578125,0.002544807771
16898.437500,0.003542683983
16904.296875,0.006703760758
16910.156250,0.005940228247
16916.015625,0.004492238938
16921.875000,0.003631637676
16927.734375,0.005925233781
16933.593750,0.011915861638
16939.453125,0.012000873137
16945.312500,0.010959168871
16951.171875,0.009567070220
16957.031250,0.006076660544
16962.890625,0.005835449444
16968.750000,0.005132021431
16974.609375,0.004805227342
16980.468750,0.011091647220
16986.328125,0.013083209036
16992.187500,0.008969126833
16998.046875,0.004699606641
17003.906250,0.005926739907
17009.765625,0.004375428533
17015.625000,0.006679906814
17021.484375,0.014857994194
17027.343750,0.007763252624
17033.203125,0.003491911359
17039.062500,0.004292763191
17044.921875,0.004012948737
17050.781250,0.006760596284
17056.640625,0.005660414297
17062.500000,0.001664559012
17068.359375,0.002749811526
17074.218750,0.009485145596
17080.078125,0.010953424757
17085.937500,0.009703197669
17091.796875,0.008466766442
17097.656250,0.008725340542
17103.515625,0.007375812201
17109.375000,0.002170901131
17115.234375,0.004601603538
17121.093750,0.003212408302
17126.953125,0.005814290632
17132.812500,0.003605279230
17138.671875,0.011962557971
17144.531250,0.007758162956
17150.390625,0.007545697193
17156.250000,0.016708101529
17162.109375,0.012207228049
17167.968750,0.004548120932
17173.828125,0.006966192715
17179.687500,0.004359190217
17185.546875,0.006552268025
17191.406250,0.005983427900
17197.265625,0.004640475506
17203.125000,0.005981812273
17208.984375,0.004373691989
17214.843750,0.011908819033
17220.703125,0.010314763946
17226.562500,0.005856648771
17232.421875,0.013643316564
17238.281250,0.009713710651
17244.140625,0.005464754880
17250.000000,0.005619907796
17255.859375,0.006091287857
17261.718750,0.007860490139
17267.578125,0.004197761375
17273.437500,0.001771620882
17279.296875,0.008133539055
17285.156250,0.010714000231
17291.015625,0.009628783223
17296.875000,0.006986322845
17302.734375,0.008776034162
17308.593750,0.010915966248
17314.453125,0.006444445628
17320.312500,0.005436135079
17326.171875,0.007978351995
17332.031250,0.006092832176
17337.890625,0.004489655245
17343.750000,0.006399243874
17349.609375,0.005633705044
17355.468750,0.003418903803
17361.328125,0.003913113189
17367.187500,0.006157512916
17373.046875,0.000389575850
17378.906250,0.006208074738
17384.765625,0.002502318665
17390.625000,0.005760862898
17396.484375,0.004624224575
17402.343750,0.004009873328
17408.203125,0.007155340298
17414.062500,0.002938064430
17419.921875,0.005906925492
17425.781250,0.007400326642
17431.640625,0.005372445580
17437.500000,0.006181957734
17443.359375,0.007804093078
17449.218750,0.005542849245
17455.078125,0.003759370851
17460.937500,0.005102574916
17466.796875,0.007461777939
17472.656250,0.003782110043
17478.515625,0.006328003912
17484.375000,0.006109971596
17490.234375,0.008960309081
17496.093750,0.006913091880
17501.953125,0.006791268762
17507.812500,0.007763521501
17513.671875,0.007699055243
17519.531250,0.010603769665
17525.390625,0.014026906010
17531.250000,0.011571795546
17537.109375,0.005361433378
17542.968750,0.006675811122
17548.828125,0.005013714450
17554.687500,0.005158751609
17560.546875,0.008617922959
17566.406250,0.004043242373
17572.265625,0.005615182275
17578.125000,0.006478210266
17583.984375,0.006291697748
17589.843750,0.004525907786
17595.703125,0.002832732771
17601.562500,0.004067034225
17607.421875,0.011615683352
17613.281250,0.005596134977
17619.140625,0.004980657334
17625.000000,0.005798455604
17630.859375,0.006463961697
17636.718750,0.005844372252
17642.578125,0.003168253604
17648.437500,0.001876865935
17654.296875,0.006667205797
17660.156250,0.005493026576
17666.015625,0.005527881592
17671.875000,0.004285386469
17677.734375,0.001700235730
17683.593750,0.001132867288
17689.453125,0.001235363495
17695.312500,0.002269447482
17701.171875,0.003331728186
17707.031250,0.001497285147
17712.890625,0.002617170061
17718.750000,0.005691902032
17724.609375,0.006951188941
17730.468750,0.002063302802
17736.328125,0.008231783781
17742.187500,0.006168969261
17748.046875,0.003917339894
17753.906250,0.004385570230
17759.765625,0.006794460081
17765.625000,0.009704342557
17771.484375,0.009949603906
17777.343750,0.003929574456
17783.203125,0.002295131141
17789.062500,0.006316346958
17794.921875,0.007953137160
17800.781250,0.004626714365
17806.640625,0.005078989937
17812.500000,0.008415149012
17818.359375,0.006251315081
17824.218750,0.003262578548
17830.078125,0.007717353088
17835.937500,0.005506824028
17841.796875,0.003986573932
17847.656250,0.004508520507
17853.515625,0.003776431027
17859.375000,0.004787294267
17865.234375,0.003703117577
17871.093750,0.007152190477
17876.953125,0.006853867169
17882.812500,0.001285854386
17888.671875,0.002677146261
17894.531250,0.002151498796
17900.390625,0.003169877074
17906.250000,0.010976708286
17912.109375,0.011053943728
17917.968750,0.005467411770
17923.828125,0.006626155882
17929.687500,0.008270745973
17935.546875,0.008594859458
17941.406250,0.003140955715
17947.265625,0.006726762587
17953.125000,0.009228224576
17958.984375,0.003974662548
17964.843750,0.001571287675
17970.703125,0.004804747494
17976.562500,0.005490022053
17982.421875,0.004599951448
17988.281250,0.004550254566
17994.140625,0.001894843216
18000.000000,0.003427753435
18005.859375,0.007512010198
18011.718750,0.010282148035
18017.578125,0.003747153788
18023.437500,0.006089025031
18029.296875,0.002684421515
18035.156250,0.003623091787
18041.015625,0.007181664399
18046.875000,0.006747580528
18052.734375,0.007622398669
18058.593750,0.007702262452
18064.453125,0.007167870521
18070.312500,0.005370666691
18076.171875,0.004902396556
18082.031250,0.009441627428
18087.890625,0.006911798079
18093.750000,0.003070929642
18099.609375,0.001659735821
18105.468750,0.006765729669
18111.328125,0.005793574203
18117.187500,0.001681219651
18123.046875,0.004462616645
18128.906250,0.005079316028
18134.765625,0.001861359797
18140.625000,0.004141703097
18146.484375,0.002196751944
18152.343750,0.003193499089
18158.203125,0.008433102614
18164.062500,0.006113918630
18169.921875,0.007432130040
18175.781250,0.008395864805
18181.640625,0.008756460153
18187.500000,0.005177563358
18193.359375,0.002648405480
18199.218750,0.009473709830
18205.078125,0.007537647017
18210.937500,0.005268735202
18216.796875,0.002945652745
18222.656250,0.004207273094
18228.515625,0.004460581874
18234.375000,0.002524439611
18240.234375,0.002607922782
18246.093750,0.005891354759
18251.953125,0.009180647881
18257.812500,0.013633647007
18263.671875,0.014871913786
18269.531250,0.008418837960
18275.390625,0.004834673757
18281.250000,0.005987799910
18287.109375,0.004507469414
18292.968750,0.004493734985
18298.828125,0.011571194805
18304.687500,0.006697217864
18310.546875,0.006331323259
18316.406250,0.004304303511
18322.265625,0.006686855641
18328.125000,0.003236511201
18333.984375,0.003258168782
18339.843750,0.003800169508
18345.703125,0.004601206387
18351.562500,0.010668725923
18357.421875,0.008930604690
18363.281250,0.009623058178
18369.140625,0.008162058531
18375.000000,0.000347217570
18380.859375,0.002963095967
18386.718750,0.007280063241
18392.578125,0.009550386287
18398.437500,0.011721759811
18404.296875,0.005041430333
18410.156250,0.003221193312
18416.015625,0.004392556453
18421.875000,0.002866698423
18427.734375,0.004192492661
18433.593750,0.004845187147
18439.453125,0.000271342904
18445.312500,0.000958346316
18451.171875,0.002571753481
18457.031250,0.006397877955
18462.890625,0.004243604592
18468.750000,0.003447594776
18474.609375,0.008920864690
18480.468750,0.006472232141
18486.328125,0.002222197168
18492.187500,0.005831368993
18498.046875,0.008157573865
18503.906250,0.004061249751
18509.765625,0.006139830364
18515.625000,0.002252539997
18521.484375,0.009713842154
18527.343750,0.006554665786
18533.203125,0.004558516763
18539.062500,0.005770732254
18544.921875,0.011356771708
18550.781250,0.006359521665
18556.640625,0.002217609088
18562.500000,0.003450466443
18568.359375,0.002422868016
18574.218750,0.003301685971
18580.078125,0.007632676644
18585.937500,0.011587697488
18591.796875,0.007841944526
18597.656250,0.004092082143
18603.515625,0.007477063783
18609.375000,0.008430575689
18615.234375,0.004769816190
18621.093750,0.001811217725
18626.953125,0.003902117766
18632.812500,0.009618079450
18638.671875,0.011486404939
18644.531250,0.011779204161
18650.390625,0.006773903212
18656.250000,0.003470499020
18662.109375,0.007871055935
18667.968750,0.009964838782
18673.828125,0.007545753814
18679.687500,0.002608152914
18685.546875,0.004731834539
18691.406250,0.003069029117
18697.265625,0.007560544081
18703.125000,0.006829899987
18708.984375,0.002696768069
18714.843750,0.002561272448
18720.703125,0.002304582774
18726.562500,0.005982618925
18732.421875,0.006554265181
18738.281250,0.006267563346
18744.140625,0.005555405663
18750.000000,0.002919455835
18755.859375,0.002118824309
18761.718750,0.005180908538
18767.578125,0.000647429032
18773.437500,0.001915271346
18779.296875,0.003016314464
18785.156250,0.003061959850
18791.015625,0.006558989561
18796.875000,0.006374053095
18802.734375,0.003490504800
18808.593750,0.003212188646
18814.453125,0.003732164790
18820.312500,0.010041675309
18826.171875,0.012571311255
18832.031250,0.006740406942
18837.890625,0.002655716259
18843.750000,0.002210575737
18849.609375,0.001740764966
18855.468750,0.001869256129
18861.328125,0.007331571510
18867.187500,0.011256937397
18873.046875,0.010140102315
18878.906250,0.005674496318
18884.765625,0.004818197278
18890.625000,0.006460499298
18896.484375,0.007969318331
18902.343750,0.008803583359
18908.203125,0.003692190073
18914.062500,0.005851877028
18919.921875,0.007675096941
18925.781250,0.003734288751
18931.640625,0.002401179665
18937.500000,0.005598638003
18943.359375,0.006529471095
18949.218750,0.004940927777
18955.078125,0.004958968088
18960.937500,0.004938486030
18966.796875,0.004335108762
18972.656250,0.004713752400
18978.515625,0.002912796060
18984.375000,0.004390969781
18990.234375,0.002867092082
18996.093750,0.004387085367
19001.953125,0.004468612065
19007.812500,0.003000375245
19013.671875,0.004031499742
19019.531250,0.007863693192
19025.390625,0.005935339766
19031.250000,0.002581215068
19037.109375,0.002211803528
19042.968750,0.005111324094
19048.828125,0.001696581012
19054.687500,0.003221015560
19060.546875,0.004639252406
19066.406250,0.004722082836
19072.265625,0.003551691044
19078.125000,0.001519987645
19083.984375,0.003205049255
19089.843750,0.004570253148
19095.703125,0.006147670495
19101.562500,0.007707244641
19107.421875,0.008805840862
19113.281250,0.007610281970
19119.140625,0.004276765452
19125.000000,0.004105039566
19130.859375,0.005621773399
19136.718750,0.005967141383
19142.578125,0.004288721699
19148.437500,0.002932622048
19154.296875,0.003309734243
19160.156250,0.005925190041
19166.015625,0.007512013790
19171.875000,0.007528471361
19177.734375,0.003946145308
19183.593750,0.003589144220
19189.453125,0.005561665421
19195.312500,0.001550680849
19201.171875,0.002635332255
19207.031250,0.003126209144
19212.890625,0.001821276316
19218.750000,0.003783021852
19224.609375,0.008244405725
19230.468750,0.007384233400
19236.328125,0.001674514458
19242.187500,0.004657376832
19248.046875,0.005881889222
19253.906250,0.006078810606
19259.765625,0.004687868819
19265.625000,0.002703177966
19271.484375,0.002668836372
19277.343750,0.003546721238
19283.203125,0.004108080371
19289.062500,0.003394031050
19294.921875,0.004701107832
19300.781250,0.001516510101
19306.640625,0.001109536961
19312.500000,0.002421126618
19318.359375,0.003442120548
19324.218750,0.004155724765
19330.078125,0.004009719660
19335.937500,0.004666262837
19341.796875,0.003215943904
19347.656250,0.003159185159
19353.515625,0.002425665926
19359.375000,0.002076252930
19365.234375,0.000724076427
19371.093750,0.002014878631
19376.953125,0.003864932708
19382.812500,0.003684005637
19388.671875,0.004698572052
19394.531250,0.001563331487
19400.390625,0.003205136585
19406.250000,0.004902909425
19412.109375,0.003623288399
19417.968750,0.005815217261
19423.828125,0.006412961082
19429.687500,0.003232586978
19435.546875,0.002877782338
19441.406250,0.001151434473
19447.265625,0.003701296141
19453.125000,0.003562129389
19458.984375,0.002871859111
19464.843750,0.002504747184
19470.703125,0.002841043135
19476.562500,0.001620480333
19482.421875,0.004431784023
19488.281250,0.007882870804
19494.140625,0.008278472438
19500.000000,0.009052158391
19505.859375,0.006960713912
19511.718750,0.003639568905
19517.578125,0.003147341488
19523.437500,0.004509388506
19529.296875,0.002775546981
19535.156250,0.002542567955
19541.015625,0.005193658835
19546.875000,0.004676298213
19552.734375,0.003715540319
19558.593750,0.006112099306
19564.453125,0.004384174497
19570.312500,0.000287547483
19576.171875,0.002743572928
19582.031250,0.006121429871
19587.890625,0.010500611721
19593.750000,0.008231158637
19599.609375,0.002918770069
19605.468750,0.003207912466
19611.328125,0.005702695716
19617.187500,0.005291860827
19623.046875,0.005623459466
19628.906250,0.001180268483
19634.765625,0.000922014701
19640.625000,0.002048779423
19646.484375,0.005381961569
19652.343750,0.003946076453
19658.203125,0.003411403748
19664.062500,0.002343928463
19669.921875,0.003484553791
19675.781250,0.001959461469
19681.640625,0.001694970877
19687.500000,0.004255404516
19693.359375,0.006750500598
19699.218750,0.001772937861
19705.078125,0.005691744532
19710.937500,0.006618687007
19716.796875,0.006001403499
19722.656250,0.002341361151
19728.515625,0.002328246814
19734.375000,0.004913109593
19740.234375,0.006493490201
19746.093750,0.005277533756
19751.953125,0.003104617460
19757.812500,0.001349681740
19763.671875,0.001164995426
19769.531250,0.004773862551
19775.390625,0.006031125463
19781.250000,0.003388853574
19787.109375,0.003332894569
19792.968750,0.002683015544
19798.828125,0.001424590099
19804.687500,0.002765701412
19810.546875,0.003656654018
19816.406250,0.001143517333
19822.265625,0.002904273591
19828.125000,0.001592697843
19833.984375,0.004406390865
19839.843750,0.004122000432
19845.703125,0.002925402120
19851.562500,0.004521188456
19857.421875,0.005226676085
19863.281250,0.001945806101
19869.140625,0.000218325312
19875.000000,0.002772647928
19880.859375,0.004607857641
19886.718750,0.002200481468
19892.578125,0.002784023350
19898.437500,0.003781499548
19904.296875,0.002729166144
19910.156250,0.004051510961
19916.015625,0.003644545861
19921.875000,0.002435510009
19927.734375,0.002062224645
19933.593750,0.000900718130
19939.453125,0.001912041344
19945.312500,0.000545930528
19951.171875,0.001029971396
19957.031250,0.003225235307
19962.890625,0.003018827891
19968.750000,0.004786291349
19974.609375,0.002257385675
19980.468750,0.002042024922
19986.328125,0.001601658319
19992.187500,0.004419514723
19998.046875,0.006609101868
20003.906250,0.005899721136
20009.765625,0.005908239366
20015.625000,0.006815704390
20021.484375,0.006543205699
20027.343750,0.000302610772
20033.203125,0.003723700472
20039.062500,0.006718520890
20044.921875,0.005339338907
20050.781250,0.002482870169
20056.640625,0.002807873731
20062.500000,0.003323660319
20068.359375,0.001881007465
20074.218750,0.002126189509
20080.078125,0.002542640789
20085.937500,0.003222725054
20091.796875,0.006028525158
20097.656250,0.006394830040
20103.515625,0.002986545090
20109.375000,0.002827531804
20115.234375,0.002810601899
20121.093750,0.007320410020
20126.953125,0.005749724574
20132.812500,0.002728285105
20138.671875,0.002303757292
20144.531250,0.005424165373
20150.390625,0.006401198179
20156.250000,0.000555809912
20162.109375,0.004576125486
20167.968750,0.005289998224
20173.828125,0.002319092745
20179.687500,0.006298819150
20185.546875,0.007919461293
20191.406250,0.007720563418
20197.265625,0.009194695650
20203.125000,0.006160302911
20208.984375,0.008553479040
20214.843750,0.009497340030
20220.703125,0.003629857579
20226.562500,0.004350483704
20232.421875,0.001797046974
20238.281250,0.003919808387
20244.140625,0.004696471064
20250.000000,0.005483381622
20255.859375,0.006378291023
20261.718750,0.008561092789
20267.578125,0.008110862404
20273.437500,0.002344575518
20279.296875,0.005185151935
20285.156250,0.004882694564
20291.015625,0.002263889327
20296.875000,0.001595742712
20302.734375,0.005320399602
20308.593750,0.005144488152
20314.453125,0.003311121504
20320.312500,0.003519998024
20326.171875,0.004079069546
20332.031250,0.003203189323
20337.890625,0.001296736866
20343.750000,0.000724497760
20349.609375,0.001191740803
20355.468750,0.005882867872
20361.328125,0.008294476821
20367.187500,0.004814258011
20373.046875,0.002321787127
20378.906250,0.003302369912
20384.765625,0.005611503032
20390.625000,0.006819853110
20396.484375,0.005758330268
20402.343750,0.006914309404
20408.203125,0.006757723849
20414.062500,0.005585030809
20419.921875,0.006934615217
20425.781250,0.007940850722
20431.640625,0.006275532595
20437.500000,0.005385432613
20443.359375,0.003049102873
20449.218750,0.001656985522
20455.078125,0.006391475923
20460.937500,0.007684093884
20466.796875,0.002156333558
20472.656250,0.003913418744
20478.515625,0.005487491835
20484.375000,0.005121834968
20490.234375,0.004105793505
20496.093750,0.003370255612
20501.953125,0.001906990687
20507.812500,0.004506578243
20513.671875,0.008175750065
20519.531250,0.007629542251
20525.390625,0.004807541799
20531.250000,0.002676128554
20537.109375,0.002661671483
20542.968750,0.004946182731
20548.828125,0.001179463793
20554.687500,0.002573770557
20560.546875,0.002571426117
20566.406250,0.004135207522
20572.265625,0.004907408550
20578.125000,0.004727085555
20583.984375,0.003496032506
20589.843750,0.000892659945
20595.703125,0.001047283719
20601.562500,0.002410638607
20607.421875,0.002048730034
20613.281250,0.002219430338
20619.140625,0.003458908169
20625.000000,0.002088997375
20630.859375,0.006037601220
20636.718750,0.006308131488
20642.578125,0.005358081643
20648.437500,0.003216039262
20654.296875,0.001051428433
20660.156250,0.000577039788
20666.015625,0.001561166891
20671.875000,0.004974615363
20677.734375,0.003357899420
20683.593750,0.003879921608
20689.453125,0.004495030444
20695.312500,0.003130413686
20701.171875,0.002209143872
20707.031250,0.005303400846
20712.890625,0.004905230018
20718.750000,0.003116079164
20724.609375,0.001830956614
20730.468750,0.002805313414
20736.328125,0.004674869259
20742.187500,0.000502294235
20748.046875,0.004487812419
20753.906250,0.001762286463
20759.765625,0.006376931759
20765.625000,0.007837606716
20771.484375,0.003593264359
20777.343750,0.001777938520
20783.203125,0.003667638699
20789.062500,0.002413473400
20794.921875,0.001173400960
20800.781250,0.000908646679
20806.640625,0.000760702142
20812.500000,0.002791846093
20818.359375,0.002968762117
20824.218750,0.002829876076
20830.078125,0.004133185944
20835.937500,0.003122213942
20841.796875,0.002921857904
20847.656250,0.001183529702
20853.515625,0.002225126160
20859.375000,0.002827901189
20865.234375,0.004848464153
20871.093750,0.004317998108
20876.953125,0.004114339281
20882.812500,0.001916944384
20888.671875,0.004627142061
20894.531250,0.003582949718
20900.390625,0.002219852441
20906.250000,0.004942208616
20912.109375,0.003022756066
20917.968750,0.006277342842
20923.828125,0.007463313995
20929.687500,0.001815656538
20935.546875,0.003975677712
20941.406250,0.004228871543
20947.265625,0.001541853578
20953.125000,0.002669916179
20958.984375,0.005834734687
20964.843750,0.003919346709
20970.703125,0.002107046879
20976.562500,0.002698391942
20982.421875,0.001931999885
20988.281250,0.002182075143
20994.140625,0.000529233211
21000.000000,0.002299331924
21005.859375,0.001996563305
21011.718750,0.003793385686
21017.578125,0.002794546703
21023.437500,0.005919732027
21029.296875,0.004189798342
21035.156250,0.003965828216
21041.015625,0.004301493926
21046.875000,0.001507314439
21052.734375,0.001187028168
21058.593750,0.003068219483
21064.453125,0.006056419316
21070.312500,0.001907020906
21076.171875,0.004151471528
21082.031250,0.004961815222
21087.890625,0.001762297988
21093.750000,0.002029979498
21099.609375,0.004172574688
21105.468750,0.004551121604
21111.328125,0.003884625201
21117.187500,0.001259655177
21123.046875,0.003537003113
21128.906250,0.004109961667
21134.765625,0.003476097230
21140.625000,0.000778752446
21146.484375,0.002317326525
21152.343750,0.003076404199
21158.203125,0.005485711716
21164.062500,0.005924359288
21169.921875,0.001084054150
21175.781250,0.004857863203
21181.640625,0.002492563449
21187.500000,0.000769181849
21193.359375,0.004565280771
21199.218750,0.006237997028
21205.078125,0.003953492184
21210.937500,0.003778863405
21216.796875,0.006030924443
21222.656250,0.002722161241
21228.515625,0.003993712112
21234.375000,0.003371664544
21240.234375,0.004913861690
21246.093750,0.004603966953
21251.953125,0.001653902859
21257.812500,0.003172040958
21263.671875,0.002534198076
21269.531250,0.002962838437
21275.390625,0.001801620072
21281.250000,0.001885135314
21287.109375,0.005848297599
21292.968750,0.004367609037
21298.828125,0.003243972379
21304.687500,0.005705182262
21310.546875,0.002206970432
21316.406250,0.001719094414
21322.265625,0.004370180482
21328.125000,0.005491770434
21333.984375,0.003135822930
21339.843750,0.006901861716
21345.703125,0.006429796952
21351.562500,0.002461165654
21357.421875,0.001869903456
21363.281250,0.002044376909
21369.140625,0.001853223174
21375.000000,0.001811494303
21380.859375,0.002363789105
21386.718750,0.004590278820
21392.578125,0.005141473927
21398.437500,0.002270750169
21404.296875,0.004428006306
21410.156250,0.002748895373
21416.015625,0.003010872806
21421.875000,0.005121698352
21427.734375,0.003768381607
21433.593750,0.002378751669
21439.453125,0.001855213060
21445.312500,0.001637284241
21451.171875,0.001348664660
21457.031250,0.002733081454
21462.890625,0.005647355638
21468.750000,0.004148439926
21474.609375,0.001095011743
21480.468750,0.000910457074
21486.328125,0.004757379370
21492.187500,0.006541045961
21498.046875,0.003173173145
21503.906250,0.003438523083
21509.765625,0.001398844559
21515.625000,0.001252809839
21521.484375,0.002096953594
21527.343750,0.003030850300
21533.203125,0.003719763744
21539.062500,0.003190898826
21544.921875,0.004025714376
21550.781250,0.006093489533
21556.640625,0.004575973807
21562.500000,0.004423339362
21568.359375,0.004788974122
21574.218750,0.003185442842
21580.078125,0.004151006770
21585.937500,0.001803937425
21591.796875,0.000923499643
21597.656250,0.000428172570
21603.515625,0.001926178504
21609.375000,0.002132874211
21615.234375,0.004140843983
21621.093750,0.000577275550
21626.953125,0.003915210924
21632.812500,0.004662657466
21638.671875,0.004287482653
21644.531250,0.004653677901
21650.390625,0.003679831312
21656.250000,0.002819931035
21662.109375,0.002880800383
21667.968750,0.003995614195
21673.828125,0.003183900110
21679.687500,0.002907919919
21685.546875,0.003812284438
21691.406250,0.002440366207
21697.265625,0.002675805700
21703.125000,0.003530459330
21708.984375,0.002692474059
21714.843750,0.002644071326
21720.703125,0.002532071477
21726.562500,0.002399021728
21732.421875,0.001879330002
21738.281250,0.001698938341
21744.140625,0.003381796715
21750.000000,0.002349119086
21755.859375,0.001903068514
21761.718750,0.003002999967
21767.578125,0.002347973878
21773.437500,0.002428617587
21779.296875,0.002787592438
21785.156250,0.003019815339
21791.015625,0.002032368842
21796.875000,0.002098100401
21802.734375,0.003455067144
21808.593750,0.004421699939
21814.453125,0.005214236215
21820.312500,0.004711063902
21826.171875,0.003192066360
21832.031250,0.005326155521
21837.890625,0.005732466431
21843.750000,0.003331559197
21849.609375,0.001262590964
21855.468750,0.004294607104
21861.328125,0.003869625677
21867.187500,0.000907206217
21873.046875,0.000463551102
21878.906250,0.002024920379
21884.765625,0.003471675497
21890.625000,0.002098247881
21896.484375,0.003705597631
21902.343750,0.004057545145
21908.203125,0.004148072170
21914.062500,0.001600332778
21919.921875,0.003870454797
21925.781250,0.003858784805
21931.640625,0.002711087389
21937.500000,0.001698927497
21943.359375,0.000843225586
21949.218750,0.002752537297
21955.078125,0.006505196587
21960.937500,0.004904987980
21966.796875,0.005271718486
21972.656250,0.008617448343
21978.515625,0.003723359271
21984.375000,0.001354607318
21990.234375,0.000821064559
21996.093750,0.000670599100
22001.953125,0.002122512372
22007.812500,0.002690047499
22013.671875,0.005457819325
22019.531250,0.002537525452
22025.390625,0.008861138190
22031.250000,0.008101688724
22037.109375,0.003106287246
22042.968750,0.001749384865
22048.828125,0.001695828322
22054.687500,0.001970544016
22060.546875,0.002647390425
22066.406250,0.002364748888
22072.265625,0.004964646726
22078.125000,0.007348725522
22083.984375,0.005185521195
22089.843750,0.002311038034
22095.703125,0.001685122255
22101.562500,0.001798452827
22107.421875,0.000834901463
22113.281250,0.000466323865
22119.140625,0.001953726693
22125.000000,0.004951671437
22130.859375,0.007195948924
22136.718750,0.003188602699
22142.578125,0.000866529896
22148.437500,0.003238490338
22154.296875,0.004996051462
22160.156250,0.004114679505
22166.015625,0.004494638447
22171.875000,0.004698887226
22177.734375,0.003425944850
22183.593750,0.003631587065
22189.453125,0.005881327815
22195.312500,0.005065069639
22201.171875,0.005447850144
22207.031250,0.004306702159
22212.890625,0.003981255407
22218.750000,0.001607291468
22224.609375,0.003737037525
22230.468750,0.003508201832
22236.328125,0.001354742818
22242.187500,0.001885653438
22248.046875,0.003296495885
22253.906250,0.002404140396
22259.765625,0.002041373880
22265.625000,0.003538463730
22271.484375,0.003620188769
22277.343750,0.003164451751
22283.203125,0.004503759339
22289.062500,0.004647804254
22294.921875,0.003459358428
22300.781250,0.004481483549
22306.640625,0.003456834536
22312.500000,0.001077442100
22318.359375,0.003141868859
22324.218750,0.004258245261
22330.078125,0.006018215015
22335.937500,0.004066031466
22341.796875,0.001377900876
22347.656250,0.004631529076
22353.515625,0.007822970696
22359.375000,0.006811611135
22365.234375,0.000795346869
22371.093750,0.002284626121
22376.953125,0.002631713256
22382.812500,0.005099635512
22388.671875,0.004352662346
22394.531250,0.002206489371
22400.390625,0.000303481782
22406.250000,0.001263793601
22412.109375,0.000313075790
22417.968750,0.003446688848
22423.828125,0.004230434462
22429.687500,0.003358670262
22435.546875,0.004465233635
22441.406250,0.003559431092
22447.265625,0.001694898286
22453.125000,0.002561500168
22458.984375,0.002882627767
22464.843750,0.005036456311
22470.703125,0.003078452054
22476.562500,0.001629238758
22482.421875,0.002609952381
22488.281250,0.002526445513
22494.140625,0.005561609621
22500.000000,0.005985808977
22505.859375,0.002023277019
22511.718750,0.004047785284
22517.578125,0.004561450800
22523.437500,0.000951236113
22529.296875,0.001674239292
22535.156250,0.003884325403
22541.015625,0.005423434733
22546.875000,0.006814539542
22552.734375,0.004620867605
22558.593750,0.003761935628
22564.453125,0.004305944807
22570.312500,0.003228194339
22576.171875,0.001253430131
22582.031250,0.004784882590
22587.890625,0.002196870491
22593.750000,0.003118085853
22599.609375,0.005762626492
22605.468750,0.004660527304
22611.328125,0.002209043385
22617.187500,0.004092675877
22623.046875,0.005445511257
22628.906250,0.003608596342
22634.765625,0.001474932464
22640.625000,0.001968530024
22646.484375,0.002023673268
22652.343750,0.007078170360
22658.203125,0.007069365537
22664.062500,0.002428079360
22669.921875,0.001459036241
22675.781250,0.001918234548
22681.640625,0.000538279909
22687.500000,0.003633480637
22693.359375,0.004538865581
22699.218750,0.001039585709
22705.078125,0.005101163391
22710.937500,0.005341389205
22716.796875,0.002133372173
22722.656250,0.002307775795
22728.515625,0.002574353229
22734.375000,0.000545957286
22740.234375,0.003644663510
22746.093750,0.003202128810
22751.953125,0.001606140113
22757.812500,0.001308604697
22763.671875,0.001405601317
22769.531250,0.000363795106
22775.390625,0.001257128143
22781.250000,0.000377744604
22787.109375,0.001361154826
22792.968750,0.004336290759
22798.828125,0.004921705868
22804.687500,0.003344803502
22810.546875,0.002518073646
22816.406250,0.005267063180
22822.265625,0.003091934581
22828.125000,0.000859281709
22833.984375,0.002200256997
22839.843750,0.003041635037
22845.703125,0.003593920065
22851.562500,0.001938424408
22857.421875,0.004044820848
22863.281250,0.003750616806
22869.140625,0.001833968118
22875.000000,0.004326741949
22880.859375,0.004144471405
22886.718750,0.001318311748
22892.578125,0.002001039417
22898.437500,0.002203324446
22904.296875,0.006540278543
22910.156250,0.003981446925
22916.015625,0.001589097588
22921.875000,0.002406681997
22927.734375,0.002526352040
22933.593750,0.003403618854
22939.453125,0.003923907877
22945.312500,0.001358292059
22951.171875,0.001855552396
22957.031250,0.002053495050
22962.890625,0.004104491856
22968.750000,0.004977924587
22974.609375,0.004342595120
22980.468750,0.002883312684
22986.328125,0.001754477807
22992.187500,0.001207891999
22998.046875,0.002851431341
23003.906250,0.002141189108
23009.765625,0.002755129510
23015.625000,0.005970966536
23021.484375,0.005653283535
23027.343750,0.002353837010
23033.203125,0.002378155613
23039.062500,0.003840751560
23044.921875,0.004033755781
23050.781250,0.002223865587
23056.640625,0.002543890649
23062.500000,0.002381872480
23068.359375,0.001457063818
23074.218750,0.002279970003
23080.078125,0.002931044923
23085.937500,0.003318542610
23091.796875,0.002012512619
23097.656250,0.001114990240
23103.515625,0.003308401188
23109.375000,0.002562010051
23115.234375,0.002708431602
23121.093750,0.004706652076
23126.953125,0.004428108459
23132.812500,0.006225519486
23138.671875,0.006747826611
23144.531250,0.003862201356
23150.390625,0.001405110521
23156.250000,0.003414848569
23162.109375,0.001517580364
23167.968750,0.001835905060
23173.828125,0.003574389258
23179.687500,0.003481286730
23185.546875,0.000789478325
23191.406250,0.003624507642
23197.265625,0.005721729910
23203.125000,0.003293199034
23208.984375,0.002266148336
23214.843750,0.002211431223
23220.703125,0.003023958462
23226.562500,0.002804992483
23232.421875,0.002549175697
23238.281250,0.000523162423
23244.140625,0.000552479567
23250.000000,0.002763955608
23255.859375,0.003654485300
23261.718750,0.005113325928
23267.578125,0.005981051572
23273.437500,0.004134925120
23279.296875,0.002576111099
23285.156250,0.002470512812
23291.015625,0.004765996230
23296.875000,0.005723498944
23302.734375,0.004090459943
23308.593750,0.002293598626
23314.453125,0.000682730904
23320.312500,0.001471368570
23326.171875,0.004774095941
23332.031250,0.002059216708
23337.890625,0.003464284750
23343.750000,0.003229001592
23349.609375,0.002075214949
23355.468750,0.002939055733
23361.328125,0.003094725497
23367.187500,0.001831090627
23373.046875,0.004551863027
23378.906250,0.003583347696
23384.765625,0.003788348639
23390.625000,0.004955217427
23396.484375,0.004971157816
23402.343750,0.005631952568
23408.203125,0.003338877640
23414.062500,0.002074154907
23419.921875,0.001294999447
23425.781250,0.003154737809
23431.640625,0.004735940705
23437.500000,0.003167059153
23443.359375,0.002016491446
23449.218750,0.002575560574
23455.078125,0.002981943551
23460.937500,0.002245395625
23466.796875,0.002813807113
23472.656250,0.001952988453
23478.515625,0.001917425536
23484.375000,0.003001868928
23490.234375,0.002377789357
23496.093750,0.001984988310
23501.953125,0.004351711766
23507.812500,0.002255892109
23513.671875,0.002733347120
23519.531250,0.002990445956
23525.390625,0.002467381374
23531.250000,0.000130573011
23537.109375,0.003652333912
23542.968750,0.003195481490
23548.828125,0.003580671232
23554.687500,0.005125210710
23560.546875,0.006250393700
23566.406250,0.004661480794
23572.265625,0.001959484008
23578.125000,0.002258662619
23583.984375,0.001702946043
23589.843750,0.001942165335
23595.703125,0.004382358231
23601.562500,0.002595941050
23607.421875,0.002382223231
23613.281250,0.005850647494
23619.140625,0.004718879198
23625.000000,0.001624426773
23630.859375,0.003487523141
23636.718750,0.003925391801
23642.578125,0.003170280370
23648.437500,0.003823382640
23654.296875,0.004497753023
23660.156250,0.002890395660
23666.015625,0.001668314370
23671.875000,0.002193180847
23677.734375,0.000617598560
23683.593750,0.002683991640
23689.453125,0.000815130761
23695.312500,0.001870894200
23701.171875,0.000232413355
23707.031250,0.002130995263
23712.890625,0.003144973009
23718.750000,0.000375636395
23724.609375,0.000659418563
23730.468750,0.001235300487
23736.328125,0.004334766015
23742.187500,0.007238292087
23748.046875,0.003884606652
23753.906250,0.002169940288
23759.765625,0.001602859314
23765.625000,0.001402501026
23771.484375,0.001205604551
23777.343750,0.002429998767
23783.203125,0.003488111891
23789.062500,0.001487407404
23794.921875,0.001223715711
23800.781250,0.001870417085
23806.640625,0.001308870601
23812.500000,0.001493246858
23818.359375,0.001956939231
23824.218750,0.001190603821
23830.078125,0.003276939934
23835.937500,0.002593570414
23841.796875,0.001367513814
23847.656250,0.001603477858
23853.515625,0.002989067031
23859.375000,0.002983635352
23865.234375,0.002161579259
23871.093750,0.003060847388
23876.953125,0.003020365265
23882.812500,0.002760421878
23888.671875,0.002898003277
23894.531250,0.002292517337
23900.390625,0.000914100462
23906.250000,0.001992145323
23912.109375,0.000950884005
23917.968750,0.003021806366
23923.828125,0.003131449384
23929.687500,0.002146075250
23935.546875,0.001554408375
23941.406250,0.000133509357
23947.265625,0.003590009936
23953.125000,0.006699619643
23958.984375,0.005372185373
23964.843750,0.001919752198
23970.703125,0.002537732879
23976.562500,0.003850621743
23982.421875,0.003980706425
23988.281250,0.002614015477
23994.140625,0.002874217275
