source_file,260630_0020.wav
sample_rate_hz,48000
fft_size,8192
hop_size,4096
analyzed_frames,11
min_frequency_hz,20.000000
max_frequency_hz,
global_dominant_frequency_hz,46.875000
global_dominant_magnitude,31.119143389855

frequency_hz,mean_magnitude
0.000000,81.712085859183
5.859375,76.285658541011
11.718750,48.406628483479
17.578125,35.744180934255
23.437500,28.053286717695
29.296875,27.809689430693
35.156250,29.242930834961
41.015625,28.763453985519
46.875000,31.119143389855
52.734375,20.977086359858
58.593750,17.067896667802
64.453125,14.243707478826
70.312500,11.573725560098
76.171875,15.739405806649
82.031250,24.857853823757
87.890625,14.900373672181
93.750000,9.981518934580
99.609375,9.682225139795
105.468750,8.242514170015
111.328125,7.012113278557
117.187500,6.786800215847
123.046875,5.357778974268
128.906250,3.728524742017
134.765625,7.437902718873
140.625000,7.524544220626
146.484375,5.788117958391
152.343750,6.129760927518
158.203125,6.197919616401
164.062500,6.211241483714
169.921875,5.314127136431
175.781250,4.202143338459
181.640625,3.153104690660
187.500000,3.073548596832
193.359375,2.949705419947
199.218750,2.808564004503
205.078125,2.317326410950
210.937500,1.727399415635
216.796875,2.165671145489
222.656250,2.439658747649
228.515625,1.641654035131
234.375000,1.263167674785
240.234375,1.239767316596
246.093750,1.556452485658
251.953125,1.181503040685
257.812500,1.148169854641
263.671875,1.142897804430
269.531250,1.119405113902
275.390625,0.968485962083
281.250000,0.951578594506
287.109375,1.166523294084
292.968750,1.070368625565
298.828125,1.184671699476
304.687500,1.432948575343
310.546875,1.187127991633
316.406250,0.739079838712
322.265625,0.780762354924
328.125000,1.058954673551
333.984375,1.452023916328
339.843750,1.353651245327
345.703125,1.067823165613
351.562500,0.940035822984
357.421875,1.020902690984
363.281250,1.436571994277
369.140625,1.175660931902
375.000000,0.839041059865
380.859375,1.067126762065
386.718750,1.380467291928
392.578125,1.268335835638
398.437500,0.879360430476
404.296875,0.779381350052
410.156250,1.607057476493
416.015625,2.853841224964
421.875000,2.028635370456
427.734375,0.829370107908
433.593750,0.999126602829
439.453125,0.868949571825
445.312500,1.023847163967
451.171875,0.987582214794
457.031250,0.757969862196
462.890625,0.701047559082
468.750000,0.600226565626
474.609375,0.607741116116
480.468750,0.675092833926
486.328125,0.782721722604
492.187500,0.514351198804
498.046875,0.586763952402
503.906250,0.647741258523
509.765625,0.645833294429
515.625000,0.835142871178
521.484375,0.781414562983
527.343750,0.503166775630
533.203125,0.691943438938
539.062500,0.719168490910
544.921875,0.632498181348
550.781250,0.619311844185
556.640625,0.716210230899
562.500000,0.509596256898
568.359375,0.448286229977
574.218750,0.490204237718
580.078125,0.635684411998
585.937500,0.614702852680
591.796875,1.024401662657
597.656250,1.059183599727
603.515625,0.603496251614
609.375000,0.566658815547
615.234375,0.632455879950
621.093750,0.598443026621
626.953125,0.470251438062
632.812500,0.665020641563
638.671875,0.596579888342
644.531250,0.613722847369
650.390625,0.651918307664
656.250000,0.601431722422
662.109375,0.582772817509
667.968750,1.122637608884
673.828125,1.055571960245
679.687500,0.658201388505
685.546875,0.620768129736
691.406250,0.467593407426
697.265625,0.597570148223
703.125000,0.652414505662
708.984375,0.847139340444
714.843750,0.855794259493
720.703125,0.623910077040
726.562500,0.492651154681
732.421875,0.673103206925
738.281250,0.681522435052
744.140625,0.664910470218
750.000000,1.081818161192
755.859375,1.816457646436
761.718750,1.888660686172
767.578125,1.316508999226
773.437500,0.728175337454
779.296875,0.614624010019
785.156250,0.756714488309
791.015625,0.678088072739
796.875000,0.579643504294
802.734375,0.540337909303
808.593750,0.560518727142
814.453125,0.504683424778
820.312500,0.461225842778
826.171875,0.496592912966
832.031250,0.751615072199
837.890625,0.683067369858
843.750000,0.530276105886
849.609375,0.649210307679
855.468750,0.692029973426
861.328125,0.617943812457
867.187500,0.498139807914
873.046875,0.636656038519
878.906250,0.650960425455
884.765625,0.642725185171
890.625000,0.613723913347
896.484375,0.665213564026
902.343750,0.594156693292
908.203125,0.469617810057
914.062500,0.454800222181
919.921875,0.383851153700
925.781250,0.343909530675
931.640625,0.295454107053
937.500000,0.366273869277
943.359375,0.403031523430
949.218750,0.381195150812
955.078125,0.392535197735
960.937500,0.361220065895
966.796875,0.343054157590
972.656250,0.337029083572
978.515625,0.380895300299
984.375000,0.465090665520
990.234375,0.388307742158
996.093750,0.337942456088
1001.953125,0.436097763147
1007.812500,0.521848948085
1013.671875,0.530089988097
1019.531250,0.378765194357
1025.390625,0.368472610794
1031.250000,0.372953791795
1037.109375,0.502512470179
1042.968750,0.576269109202
1048.828125,0.426815920548
1054.687500,0.358734361318
1060.546875,0.432166668784
1066.406250,0.355187266338
1072.265625,0.529033661430
1078.125000,0.530889246715
1083.984375,0.501637595092
1089.843750,0.479927071676
1095.703125,0.501414318802
1101.562500,0.549922212210
1107.421875,0.502641877703
1113.281250,0.384561545614
1119.140625,0.430733554249
1125.000000,0.427418008175
1130.859375,0.447610518031
1136.718750,0.327771780078
1142.578125,0.297335284031
1148.437500,0.319045004748
1154.296875,0.407125687316
1160.156250,0.401504304859
1166.015625,0.334639915627
1171.875000,0.374558663811
1177.734375,0.359083961850
1183.593750,0.315107496991
1189.453125,0.359625402836
1195.312500,0.414883027208
1201.171875,0.317519650456
1207.031250,0.288022439774
1212.890625,0.272144799554
1218.750000,0.350128918522
1224.609375,0.320384169029
1230.468750,0.289448337178
1236.328125,0.260763289375
1242.187500,0.245324368464
1248.046875,0.292066066546
1253.906250,0.283762068058
1259.765625,0.253491697543
1265.625000,0.270996179353
1271.484375,0.219272889609
1277.343750,0.263988395964
1283.203125,0.304899628779
1289.062500,0.327250408997
1294.921875,0.282470698385
1300.781250,0.251053025414
1306.640625,0.314578226272
1312.500000,0.287480032713
1318.359375,0.344515011361
1324.218750,0.391655326632
1330.078125,0.367207324241
1335.937500,0.422954885488
1341.796875,0.314502420666
1347.656250,0.234069396763
1353.515625,0.250734060459
1359.375000,0.179955632732
1365.234375,0.244122640406
1371.093750,0.271750141384
1376.953125,0.229117106880
1382.812500,0.202552424885
1388.671875,0.185029302857
1394.531250,0.213549064122
1400.390625,0.252016868697
1406.250000,0.253695505647
1412.109375,0.279055324629
1417.968750,0.173809318950
1423.828125,0.241681283651
1429.687500,0.267869187047
1435.546875,0.278215428652
1441.406250,0.279976114494
1447.265625,0.263414198369
1453.125000,0.264314417062
1458.984375,0.265571294944
1464.843750,0.286012404738
1470.703125,0.362912220346
1476.562500,0.284582799302
1482.421875,0.231345124567
1488.281250,0.304235345495
1494.140625,0.360592891943
1500.000000,0.412098021041
1505.859375,0.285474262741
1511.718750,0.238475714679
1517.578125,0.354363006765
1523.437500,0.360748523051
1529.296875,0.387402923445
1535.156250,0.321136061223
1541.015625,0.249131007363
1546.875000,0.239033672359
1552.734375,0.377687300686
1558.593750,0.415203732203
1564.453125,0.297677644122
1570.312500,0.226813760762
1576.171875,0.260543138313
1582.031250,0.298133492473
1587.890625,0.367907073185
1593.750000,0.342689004960
1599.609375,0.345117991247
1605.468750,0.236404807488
1611.328125,0.321169555722
1617.187500,0.348546922224
1623.046875,0.393107283486
1628.906250,0.380824424146
1634.765625,0.327975975849
1640.625000,0.353057071029
1646.484375,0.371149985746
1652.343750,0.432351384216
1658.203125,0.372260314903
1664.062500,0.305745376743
1669.921875,0.379553854362
1675.781250,0.381127031204
1681.640625,0.394546128099
1687.500000,0.322453285648
1693.359375,0.260194210738
1699.218750,0.276933513537
1705.078125,0.301797769851
1710.937500,0.379000313754
1716.796875,0.390767028314
1722.656250,0.252669995203
1728.515625,0.185650114694
1734.375000,0.284080520967
1740.234375,0.290415152733
1746.093750,0.250653835978
1751.953125,0.214340046551
1757.812500,0.257102395068
1763.671875,0.300424563286
1769.531250,0.324188578809
1775.390625,0.316902885010
1781.250000,0.265299268251
1787.109375,0.215748360392
1792.968750,0.147463115307
1798.828125,0.253194523490
1804.687500,0.324741160268
1810.546875,0.329830752423
1816.406250,0.289947892137
1822.265625,0.195371816809
1828.125000,0.238732325465
1833.984375,0.322406695177
1839.843750,0.318524280343
1845.703125,0.295165812184
1851.562500,0.197095152634
1857.421875,0.165747496036
1863.281250,0.218854655494
1869.140625,0.301559497031
1875.000000,0.348194210407
1880.859375,0.264915632325
1886.718750,0.200254518030
1892.578125,0.278087675686
1898.437500,0.335491254081
1904.296875,0.302667356624
1910.156250,0.298521783925
1916.015625,0.282776156693
1921.875000,0.285867806740
1927.734375,0.277180774856
1933.593750,0.296703606608
1939.453125,0.276860931554
1945.312500,0.181586619148
1951.171875,0.216979034139
1957.031250,0.252855114531
1962.890625,0.328586758154
1968.750000,0.319837833089
1974.609375,0.215335278718
1980.468750,0.197922427687
1986.328125,0.189294312731
1992.187500,0.243635235644
1998.046875,0.274659459544
2003.906250,0.310187650481
2009.765625,0.256161284470
2015.625000,0.223266045314
2021.484375,0.305392317963
2027.343750,0.363997489677
2033.203125,0.386773189831
2039.062500,0.276229517835
2044.921875,0.212588420382
2050.781250,0.289771018656
2056.640625,0.386561542867
2062.500000,0.387876753704
2068.359375,0.350687883745
2074.218750,0.319617656057
2080.078125,0.296084406495
2085.937500,0.353102145992
2091.796875,0.353867802687
2097.656250,0.386282678458
2103.515625,0.259392314081
2109.375000,0.228707235760
2115.234375,0.336312502900
2121.093750,0.405677180785
2126.953125,0.380396749022
2132.812500,0.263796244238
2138.671875,0.248931045975
2144.531250,0.340657065124
2150.390625,0.390656113668
2156.250000,0.392609106061
2162.109375,0.328008872430
2167.968750,0.183844748629
2173.828125,0.249918078573
2179.687500,0.374368645441
2185.546875,0.434697760496
2191.406250,0.448768012885
2197.265625,0.351467903720
2203.125000,0.245596814977
2208.984375,0.320355843980
2214.843750,0.346111521668
2220.703125,0.341576023461
2226.562500,0.269584771075
2232.421875,0.270301799131
2238.281250,0.349772965122
2244.140625,0.428507642501
2250.000000,0.433077820022
2255.859375,0.337063880402
2261.718750,0.258847853339
2267.578125,0.240554765947
2273.437500,0.341358773992
2279.296875,0.412448757796
2285.156250,0.351768035586
2291.015625,0.290859424289
2296.875000,0.278229963766
2302.734375,0.339828251497
2308.593750,0.358077551776
2314.453125,0.374520591243
2320.312500,0.326887874835
2326.171875,0.274219933986
2332.031250,0.313323597798
2337.890625,0.341529736040
2343.750000,0.312313912850
2349.609375,0.260768511275
2355.468750,0.252054839787
2361.328125,0.308326627360
2367.187500,0.351774362796
2373.046875,0.313613879364
2378.906250,0.255723066968
2384.765625,0.252314156370
2390.625000,0.258873236289
2396.484375,0.247159201055
2402.343750,0.241514591936
2408.203125,0.232982791594
2414.062500,0.190999725834
2419.921875,0.292694892042
2425.781250,0.340371707102
2431.640625,0.246815648063
2437.500000,0.228011692772
2443.359375,0.187655001336
2449.218750,0.147207793639
2455.078125,0.229811800854
2460.937500,0.274815516330
2466.796875,0.218894285591
2472.656250,0.134006515556
2478.515625,0.203639666328
2484.375000,0.228369120545
2490.234375,0.181511140093
2496.093750,0.205829894407
2501.953125,0.188512505617
2507.812500,0.203868829066
2513.671875,0.245183532944
2519.531250,0.248680331356
2525.390625,0.186323912560
2531.250000,0.233604057987
2537.109375,0.246970468753
2542.968750,0.255961139573
2548.828125,0.260566284099
2554.687500,0.228534080068
2560.546875,0.191355630334
2566.406250,0.278735201873
2572.265625,0.275004886942
2578.125000,0.218089935451
2583.984375,0.205132173384
2589.843750,0.230432312534
2595.703125,0.194855944682
2601.562500,0.267031267823
2607.421875,0.297674016426
2613.281250,0.233547391746
2619.140625,0.189337526216
2625.000000,0.282689605894
2630.859375,0.272183508864
2636.718750,0.275045990095
2642.578125,0.280831389060
2648.437500,0.209688022688
2654.296875,0.191430269049
2660.156250,0.262885264611
2666.015625,0.310945153897
2671.875000,0.289996396500
2677.734375,0.262204445947
2683.593750,0.195330829958
2689.453125,0.213202834285
2695.312500,0.254449179398
2701.171875,0.284435953550
2707.031250,0.229561022529
2712.890625,0.145698167967
2718.750000,0.200019572485
2724.609375,0.247884438375
2730.468750,0.280677396656
2736.328125,0.274604930056
2742.187500,0.218828224367
2748.046875,0.194213651473
2753.906250,0.255151947202
2759.765625,0.284955675389
2765.625000,0.321825241070
2771.484375,0.266732136328
2777.343750,0.193751403918
2783.203125,0.244571023775
2789.062500,0.304628832944
2794.921875,0.326633540451
2800.781250,0.267192383649
2806.640625,0.194745393188
2812.500000,0.191728522114
2818.359375,0.287676307922
2824.218750,0.310119189129
2830.078125,0.312812940009
2835.937500,0.263324949275
2841.796875,0.244858119329
2847.656250,0.307549045144
2853.515625,0.292131088656
2859.375000,0.285007945196
2865.234375,0.254566974301
2871.093750,0.239294088023
2876.953125,0.312481756494
2882.812500,0.359548321467
2888.671875,0.354699545122
2894.531250,0.306128558574
2900.390625,0.237383212706
2906.250000,0.252672659560
2912.109375,0.321785794176
2917.968750,0.388711972104
2923.828125,0.359898473580
2929.687500,0.281076203349
2935.546875,0.245619155524
2941.406250,0.282722505541
2947.265625,0.313805939780
2953.125000,0.286918978177
2958.984375,0.301864878121
2964.843750,0.270261642715
2970.703125,0.266035802737
2976.562500,0.319215009905
2982.421875,0.307815322174
2988.281250,0.271233300915
2994.140625,0.238382927631
3000.000000,0.239452792479
3005.859375,0.262311197428
3011.718750,0.277570705376
3017.578125,0.291035181243
3023.437500,0.292213363512
3029.296875,0.269341867545
3035.156250,0.233169845135
3041.015625,0.242641058097
3046.875000,0.263697391769
3052.734375,0.274870772767
3058.593750,0.284251480723
3064.453125,0.280720658804
3070.312500,0.227874901634
3076.171875,0.219404417470
3082.031250,0.237261779285
3087.890625,0.235215870887
3093.750000,0.238266058606
3099.609375,0.250363623962
3105.468750,0.252814823862
3111.328125,0.232793917985
3117.187500,0.197527327682
3123.046875,0.204553664815
3128.906250,0.217523562568
3134.765625,0.304392152034
3140.625000,0.324597795857
3146.484375,0.301146810035
3152.343750,0.243997159864
3158.203125,0.195838797724
3164.062500,0.197899967570
3169.921875,0.228699297699
3175.781250,0.273048297532
3181.640625,0.268584928949
3187.500000,0.239490014799
3193.359375,0.179560879017
3199.218750,0.156512694876
3205.078125,0.227078971120
3210.937500,0.255845780192
3216.796875,0.233448500380
3222.656250,0.191469641787
3228.515625,0.152308591381
3234.375000,0.179054971974
3240.234375,0.216765656550
3246.093750,0.232956870006
3251.953125,0.207223942790
3257.812500,0.166125205955
3263.671875,0.134855134709
3269.531250,0.185128044898
3275.390625,0.234817667580
3281.250000,0.209618618287
3287.109375,0.185019249749
3292.968750,0.113678827619
3298.828125,0.179203834212
3304.687500,0.221879826354
3310.546875,0.177793213144
3316.406250,0.137388042824
3322.265625,0.141250680815
3328.125000,0.116301080784
3333.984375,0.143352181750
3339.843750,0.165794080757
3345.703125,0.171335630893
3351.562500,0.109542413056
3357.421875,0.114786945256
3363.281250,0.135392033704
3369.140625,0.136392538705
3375.000000,0.136371866309
3380.859375,0.167800813937
3386.718750,0.147646552938
3392.578125,0.144657981521
3398.437500,0.154774230995
3404.296875,0.150437164888
3410.156250,0.157224656377
3416.015625,0.173879113252
3421.875000,0.147670722967
3427.734375,0.112453165699
3433.593750,0.107337881010
3439.453125,0.137529537416
3445.312500,0.173419511225
3451.171875,0.198833710624
3457.031250,0.161892274237
3462.890625,0.119496487993
3468.750000,0.105911588180
3474.609375,0.132599838912
3480.468750,0.160691698075
3486.328125,0.151230527952
3492.187500,0.142238000432
3498.046875,0.123434625671
3503.906250,0.147635448137
3509.765625,0.187558749692
3515.625000,0.223296365084
3521.484375,0.159459891315
3527.343750,0.143255117637
3533.203125,0.137173370361
3539.062500,0.160492910929
3544.921875,0.170272014209
3550.781250,0.191620644572
3556.640625,0.183406277996
3562.500000,0.181069700987
3568.359375,0.198348406810
3574.218750,0.200673881299
3580.078125,0.163153799344
3585.937500,0.173761452438
3591.796875,0.203119068748
3597.656250,0.240722892906
3603.515625,0.246525353527
3609.375000,0.214985862154
3615.234375,0.199685961958
3621.093750,0.224369379016
3626.953125,0.223181859825
3632.812500,0.222434256811
3638.671875,0.180388359568
3644.531250,0.208579399307
3650.390625,0.215007278921
3656.250000,0.272674927524
3662.109375,0.262947594680
3667.968750,0.225992582323
3673.828125,0.195473805203
3679.687500,0.201169859326
3685.546875,0.252381433744
3691.406250,0.313248918552
3697.265625,0.299724143623
3703.125000,0.219633516658
3708.984375,0.208939407246
3714.843750,0.250584210551
3720.703125,0.253676596111
3726.562500,0.277153134815
3732.421875,0.279641784899
3738.281250,0.246514119568
3744.140625,0.261079621128
3750.000000,0.295843147539
3755.859375,0.302758350125
3761.718750,0.257644506442
3767.578125,0.217171643029
3773.437500,0.207379889496
3779.296875,0.298728269403
3785.156250,0.371436737192
3791.015625,0.335153937351
3796.875000,0.262104673171
3802.734375,0.202688829835
3808.593750,0.226299568651
3814.453125,0.288846075336
3820.312500,0.336824349975
3826.171875,0.336168599983
3832.031250,0.291485928864
3837.890625,0.326416651918
3843.750000,0.372480157479
3849.609375,0.332635413504
3855.468750,0.269867357046
3861.328125,0.270480130167
3867.187500,0.321941446998
3873.046875,0.403067169582
3878.906250,0.395711248300
3884.765625,0.347332812409
3890.625000,0.236359579241
3896.484375,0.215624507066
3902.343750,0.290561634523
3908.203125,0.361723926253
3914.062500,0.372075980381
3919.921875,0.313771776956
3925.781250,0.259620483539
3931.640625,0.279864737413
3937.500000,0.313683725453
3943.359375,0.316223141615
3949.218750,0.301403774602
3955.078125,0.258352483231
3960.937500,0.293756782258
3966.796875,0.356397443596
3972.656250,0.359950798700
3978.515625,0.287622330221
3984.375000,0.212877288858
3990.234375,0.183714280681
3996.093750,0.230367030749
4001.953125,0.311055481719
4007.812500,0.350273172253
4013.671875,0.282200439436
4019.531250,0.198184349475
4025.390625,0.224086672349
4031.250000,0.297616690223
4037.109375,0.332033845950
4042.968750,0.326476250850
4048.828125,0.256918082100
4054.687500,0.308394565965
4060.546875,0.296282175473
4066.406250,0.305686843522
4072.265625,0.304293318058
4078.125000,0.252962637745
4083.984375,0.225059874084
4089.843750,0.247723371193
4095.703125,0.346037615401
4101.562500,0.381724271328
4107.421875,0.316621060250
4113.281250,0.274686956733
4119.140625,0.261726027194
4125.000000,0.298969215157
4130.859375,0.332965999733
4136.718750,0.350847682934
4142.578125,0.301829031559
4148.437500,0.285928870112
4154.296875,0.304194382311
4160.156250,0.339390784373
4166.015625,0.321107037289
4171.875000,0.306850019242
4177.734375,0.273384537531
4183.593750,0.264559431523
4189.453125,0.319152676763
4195.312500,0.355011323874
4201.171875,0.346200705972
4207.031250,0.312799797772
4212.890625,0.253442365909
4218.750000,0.251387232096
4224.609375,0.258861774124
4230.468750,0.279501882130
4236.328125,0.302101217650
4242.187500,0.285364773086
4248.046875,0.282644424440
4253.906250,0.275800082124
4259.765625,0.270289535845
4265.625000,0.260009707457
4271.484375,0.247521848596
4277.343750,0.217898333305
4283.203125,0.233137836513
4289.062500,0.271618069326
4294.921875,0.317473164035
4300.781250,0.278972099692
4306.640625,0.207236396232
4312.500000,0.163436926625
4318.359375,0.169905719169
4324.218750,0.239771909244
4330.078125,0.280565974685
4335.937500,0.268423755029
4341.796875,0.228157863103
4347.656250,0.183546356164
4353.515625,0.183972862695
4359.375000,0.202927541490
4365.234375,0.236231175893
4371.093750,0.236883734558
4376.953125,0.226624215398
4382.812500,0.244560726868
4388.671875,0.254736393528
4394.531250,0.233168080231
4400.390625,0.205857093146
4406.250000,0.166967204308
4412.109375,0.167887878270
4417.968750,0.213997294366
4423.828125,0.257033874983
4429.687500,0.249515124401
4435.546875,0.189470438249
4441.406250,0.143796417668
4447.265625,0.150420008404
4453.125000,0.181087485482
4458.984375,0.211288290314
4464.843750,0.222366368518
4470.703125,0.215193830947
4476.562500,0.234820801638
4482.421875,0.220960869711
4488.281250,0.167499125948
4494.140625,0.128279290751
4500.000000,0.113257186176
4505.859375,0.129956960034
4511.718750,0.179010767648
4517.578125,0.226664220530
4523.437500,0.194082325745
4529.296875,0.152994955932
4535.156250,0.119025116835
4541.015625,0.101866400169
4546.875000,0.124944476718
4552.734375,0.170559960132
4558.593750,0.162595072603
4564.453125,0.132407785496
4570.312500,0.121299883077
4576.171875,0.123436832903
4582.031250,0.144358353226
4587.890625,0.141393442194
4593.750000,0.148625634872
4599.609375,0.173507988164
4605.468750,0.202692469060
4611.328125,0.214829709374
4617.187500,0.165564688236
4623.046875,0.150765367813
4628.906250,0.136344977264
4634.765625,0.176508992623
4640.625000,0.210693675084
4646.484375,0.190561563945
4652.343750,0.158807530575
4658.203125,0.142251457350
4664.062500,0.138308756295
4669.921875,0.115977263446
4675.781250,0.097219062061
4681.640625,0.098675122575
4687.500000,0.109666123134
4693.359375,0.120354332828
4699.218750,0.126407127255
4705.078125,0.105761194143
4710.937500,0.086702052601
4716.796875,0.070932895003
4722.656250,0.062962938482
4728.515625,0.079935545003
4734.375000,0.089371581729
4740.234375,0.104091604130
4746.093750,0.119905858504
4751.953125,0.093415925198
4757.812500,0.063070189882
4763.671875,0.083155249169
4769.531250,0.099914872017
4775.390625,0.064293284922
4781.250000,0.095085553703
4787.109375,0.082213160212
4792.968750,0.074048862278
4798.828125,0.102318635822
4804.687500,0.093636591841
4810.546875,0.075294169922
4816.406250,0.085895297273
4822.265625,0.105687729884
4828.125000,0.084044860277
4833.984375,0.102814736900
4839.843750,0.112387689907
4845.703125,0.105685017571
4851.562500,0.114071234526
4857.421875,0.140177654352
4863.281250,0.131724518039
4869.140625,0.115286448955
4875.000000,0.096815384840
4880.859375,0.074347346188
4886.718750,0.133966421215
4892.578125,0.166028782452
4898.437500,0.141905270554
4904.296875,0.091242124090
4910.156250,0.084690072674
4916.015625,0.092273916662
4921.875000,0.113464724077
4927.734375,0.120117453479
4933.593750,0.082271114389
4939.453125,0.073404982335
4945.312500,0.103146980146
4951.171875,0.131512986130
4957.031250,0.130869133854
4962.890625,0.117854266457
4968.750000,0.091437811323
4974.609375,0.111356166589
4980.468750,0.114768203938
4986.328125,0.118949546055
4992.187500,0.094594580425
4998.046875,0.059140018756
5003.906250,0.061105729224
5009.765625,0.074650133133
5015.625000,0.077464081651
5021.484375,0.060175459068
5027.343750,0.059784817408
5033.203125,0.072322679595
5039.062500,0.057453264794
5044.921875,0.085839527939
5050.781250,0.092320496461
5056.640625,0.086133825944
5062.500000,0.083807771923
5068.359375,0.070916997859
5074.218750,0.087789473225
5080.078125,0.130421634422
5085.937500,0.141891540146
5091.796875,0.112324277171
5097.656250,0.076448673291
5103.515625,0.086559828466
5109.375000,0.108397793792
5115.234375,0.121630851891
5121.093750,0.130564803762
5126.953125,0.099190897222
5132.812500,0.089064369549
5138.671875,0.126611879948
5144.531250,0.136433194224
5150.390625,0.119972869021
5156.250000,0.091412729286
5162.109375,0.081689078117
5167.968750,0.090004547610
5173.828125,0.115554225221
5179.687500,0.135446601157
5185.546875,0.129737707222
5191.406250,0.107940422888
5197.265625,0.083721749898
5203.125000,0.098412225788
5208.984375,0.112345514676
5214.843750,0.122718218434
5220.703125,0.125641746588
5226.562500,0.109029330860
5232.421875,0.102145574995
5238.281250,0.099317222161
5244.140625,0.093399274051
5250.000000,0.082985865734
5255.859375,0.089305065319
5261.718750,0.100889534423
5267.578125,0.107717350531
5273.437500,0.098510655411
5279.296875,0.106681180687
5285.156250,0.108005819755
5291.015625,0.094849153607
5296.875000,0.080711628208
5302.734375,0.075316421395
5308.593750,0.090424183220
5314.453125,0.112305850578
5320.312500,0.120147222018
5326.171875,0.104986240554
5332.031250,0.081796799871
5337.890625,0.074037512012
5343.750000,0.076567555670
5349.609375,0.093123334319
5355.468750,0.105298589036
5361.328125,0.089768889327
5367.187500,0.076868288293
5373.046875,0.098323804386
5378.906250,0.102258147991
5384.765625,0.079310800059
5390.625000,0.082492912256
5396.484375,0.073163091497
5402.343750,0.082000235208
5408.203125,0.112180118691
5414.062500,0.117764286955
5419.921875,0.090671490229
5425.781250,0.068561838965
5431.640625,0.050852621079
5437.500000,0.062226042117
5443.359375,0.091872914486
5449.218750,0.114728664562
5455.078125,0.096146180253
5460.937500,0.064343266521
5466.796875,0.063047060611
5472.656250,0.077606759471
5478.515625,0.086728500793
5484.375000,0.098079765345
5490.234375,0.086649531444
5496.093750,0.078358663674
5501.953125,0.089321528013
5507.812500,0.097459870021
5513.671875,0.092819330314
5519.531250,0.078109398344
5525.390625,0.068048442201
5531.250000,0.082830950303
5537.109375,0.108409321752
5542.968750,0.120411871844
5548.828125,0.113641599657
5554.687500,0.078934033885
5560.546875,0.075662870969
5566.406250,0.096129216974
5572.265625,0.125394611087
5578.125000,0.125744409646
5583.984375,0.119034819923
5589.843750,0.105751363551
5595.703125,0.109262694284
5601.562500,0.106735253891
5607.421875,0.094566878046
5613.281250,0.080351427661
5619.140625,0.073282317349
5625.000000,0.075722555560
5630.859375,0.083984124073
5636.718750,0.095054473366
5642.578125,0.071597935781
5648.437500,0.058113822070
5654.296875,0.066913557843
5660.156250,0.058972751593
5666.015625,0.058884280752
5671.875000,0.054079521311
5677.734375,0.046608716633
5683.593750,0.057653696433
5689.453125,0.050682905205
5695.312500,0.054355087818
5701.171875,0.055348758175
5707.031250,0.059478363028
5712.890625,0.039986438718
5718.750000,0.036345253565
5724.609375,0.048208421639
5730.468750,0.056625381495
5736.328125,0.050421243401
5742.187500,0.040304379538
5748.046875,0.041556030872
5753.906250,0.042934028310
5759.765625,0.051505145425
5765.625000,0.048458272176
5771.484375,0.040844801787
5777.343750,0.044539376322
5783.203125,0.047186724787
5789.062500,0.049900236243
5794.921875,0.054948564769
5800.781250,0.050789460422
5806.640625,0.033255120606
5812.500000,0.036151466334
5818.359375,0.051871958301
5824.218750,0.059642344852
5830.078125,0.051172803365
5835.937500,0.042168349481
5841.796875,0.038629580288
5847.656250,0.054365426779
5853.515625,0.057636644924
5859.375000,0.050191332494
5865.234375,0.048839630419
5871.093750,0.044219068922
5876.953125,0.046268892425
5882.812500,0.071143646186
5888.671875,0.069418362666
5894.531250,0.056645379503
5900.390625,0.037795615590
5906.250000,0.046291395592
5912.109375,0.055485034844
5917.968750,0.058778351608
5923.828125,0.073663929411
5929.687500,0.074486700719
5935.546875,0.064072486448
5941.406250,0.066126405969
5947.265625,0.077522263665
5953.125000,0.069941102789
5958.984375,0.077962588768
5964.843750,0.081628808189
5970.703125,0.052369018044
5976.562500,0.048091266080
5982.421875,0.054658735220
5988.281250,0.067369626356
5994.140625,0.072628755764
6000.000000,0.059617704666
6005.859375,0.052932016377
6011.718750,0.059458348816
6017.578125,0.066042771971
6023.437500,0.076880988169
6029.296875,0.067796131437
6035.156250,0.048788486574
6041.015625,0.038788154487
6046.875000,0.059837084219
6052.734375,0.081376021490
6058.593750,0.082009601990
6064.453125,0.074121883433
6070.312500,0.073929693526
6076.171875,0.086091902217
6082.031250,0.109854932349
6087.890625,0.108177013705
6093.750000,0.106819155863
6099.609375,0.086527954262
6105.468750,0.110050140419
6111.328125,0.108582856920
6117.187500,0.102754026065
6123.046875,0.076091948111
6128.906250,0.049622185241
6134.765625,0.057421519572
6140.625000,0.074618737983
6146.484375,0.088564331635
6152.343750,0.098634003346
6158.203125,0.094681965256
6164.062500,0.098548210292
6169.921875,0.104565640890
6175.781250,0.098171310693
6181.640625,0.072867686311
6187.500000,0.072920242948
6193.359375,0.066178033517
6199.218750,0.077615055595
6205.078125,0.074188209681
6210.937500,0.059677388053
6216.796875,0.047762287758
6222.656250,0.069526408217
6228.515625,0.065576199196
6234.375000,0.053559521779
6240.234375,0.042359151704
6246.093750,0.057104647791
6251.953125,0.044203468700
6257.812500,0.060900626863
6263.671875,0.069341235582
6269.531250,0.063795305633
6275.390625,0.066831369842
6281.250000,0.065693149894
6287.109375,0.080886693107
6292.968750,0.065589910222
6298.828125,0.050623139359
6304.687500,0.051259282727
6310.546875,0.063451080580
6316.406250,0.080044185531
6322.265625,0.084264204828
6328.125000,0.079705671318
6333.984375,0.064304572493
6339.843750,0.050614162019
6345.703125,0.043432982539
6351.562500,0.059086130100
6357.421875,0.064177797833
6363.281250,0.068606615424
6369.140625,0.072289318327
6375.000000,0.070903073148
6380.859375,0.071992554812
6386.718750,0.062435568263
6392.578125,0.058156546522
6398.437500,0.052362381764
6404.296875,0.057712099556
6410.156250,0.077506547740
6416.015625,0.088225280231
6421.875000,0.069801825126
6427.734375,0.059903486625
6433.593750,0.044122758064
6439.453125,0.048125539074
6445.312500,0.064985367557
6451.171875,0.062572895104
6457.031250,0.075943432353
6462.890625,0.079749335968
6468.750000,0.072921423924
6474.609375,0.051806349639
6480.468750,0.053874022748
6486.328125,0.071551993424
6492.187500,0.078408311509
6498.046875,0.097785171898
6503.906250,0.090337378605
6509.765625,0.083118585874
6515.625000,0.077736277411
6521.484375,0.077818761669
6527.343750,0.099679871789
6533.203125,0.100736146061
6539.062500,0.100235759684
6544.921875,0.090882336452
6550.781250,0.102473749651
6556.640625,0.098942311018
6562.500000,0.072681573471
6568.359375,0.069699143388
6574.218750,0.067300146333
6580.078125,0.074936797719
6585.937500,0.079557517445
6591.796875,0.090340061730
6597.656250,0.086729369453
6603.515625,0.080194613590
6609.375000,0.075308325990
6615.234375,0.083140597275
6621.093750,0.091076652431
6626.953125,0.087952221693
6632.812500,0.092298179401
6638.671875,0.089661827800
6644.531250,0.102619398587
6650.390625,0.115320653652
6656.250000,0.109698554873
6662.109375,0.094028022879
6667.968750,0.098480230969
6673.828125,0.104972967479
6679.687500,0.105043455369
6685.546875,0.091652971375
6691.406250,0.086284654746
6697.265625,0.086650789915
6703.125000,0.100062467417
6708.984375,0.103837713424
6714.843750,0.095625459772
6720.703125,0.113178875221
6726.562500,0.118075889422
6732.421875,0.122212054660
6738.281250,0.106025164058
6744.140625,0.078337334390
6750.000000,0.077676211392
6755.859375,0.081031920306
6761.718750,0.101608755328
6767.578125,0.098609002367
6773.437500,0.058721216035
6779.296875,0.036785395541
6785.156250,0.055268346374
6791.015625,0.079232269044
6796.875000,0.091882412339
6802.734375,0.077707483865
6808.593750,0.062103443409
6814.453125,0.064610597317
6820.312500,0.073300103007
6826.171875,0.085478046543
6832.031250,0.082495043858
6837.890625,0.075446210080
6843.750000,0.065466323368
6849.609375,0.063523094509
6855.468750,0.064405834710
6861.328125,0.071059038759
6867.187500,0.059193097032
6873.046875,0.048146299620
6878.906250,0.051103618269
6884.765625,0.064224753738
6890.625000,0.065924331792
6896.484375,0.052914550004
6902.343750,0.051106349538
6908.203125,0.063241049851
6914.062500,0.052291558651
6919.921875,0.037926452633
6925.781250,0.039642156205
6931.640625,0.033826194380
6937.500000,0.032783258652
6943.359375,0.044510394100
6949.218750,0.043094117191
6955.078125,0.040698387148
6960.937500,0.039805548531
6966.796875,0.049944116897
6972.656250,0.051003660508
6978.515625,0.052917623334
6984.375000,0.051768712473
6990.234375,0.043749263766
6996.093750,0.056744660455
7001.953125,0.045836657788
7007.812500,0.032552895909
7013.671875,0.033189617646
7019.531250,0.031658587816
7025.390625,0.030574549575
7031.250000,0.036048033102
7037.109375,0.045558113689
7042.968750,0.038909365081
7048.828125,0.035220271221
7054.687500,0.046117733135
7060.546875,0.031530347943
7066.406250,0.029412248494
7072.265625,0.035692469293
7078.125000,0.035884402883
7083.984375,0.039172165134
7089.843750,0.043680565230
7095.703125,0.046030431919
7101.562500,0.039042458121
7107.421875,0.031258337336
7113.281250,0.029122588893
7119.140625,0.027489203288
7125.000000,0.037391529069
7130.859375,0.047029906423
7136.718750,0.041677532282
7142.578125,0.043182487990
7148.437500,0.041696092260
7154.296875,0.037226014320
7160.156250,0.033133512347
7166.015625,0.025493776911
7171.875000,0.026891455624
7177.734375,0.032745758669
7183.593750,0.040085216834
7189.453125,0.043765019978
7195.312500,0.038126932937
7201.171875,0.034395330050
7207.031250,0.033779303923
7212.890625,0.029513618257
7218.750000,0.037652477533
7224.609375,0.039982099049
7230.468750,0.039393429535
7236.328125,0.041487796636
7242.187500,0.042730493292
7248.046875,0.042146145178
7253.906250,0.029563264899
7259.765625,0.024312184111
7265.625000,0.034953201815
7271.484375,0.044373062037
7277.343750,0.051685814676
7283.203125,0.053970351490
7289.062500,0.044352801219
7294.921875,0.032813160089
7300.781250,0.028212732426
7306.640625,0.027536487723
7312.500000,0.037135220472
7318.359375,0.043113767889
7324.218750,0.041946639165
7330.078125,0.046893400993
7335.937500,0.042164512917
7341.796875,0.037045051485
7347.656250,0.031404642129
7353.515625,0.027021684289
7359.375000,0.036778744039
7365.234375,0.049640763298
7371.093750,0.056388445205
7376.953125,0.054935651656
7382.812500,0.054891211139
7388.671875,0.049942361276
7394.531250,0.041106178939
7400.390625,0.038534152038
7406.250000,0.043098866111
7412.109375,0.046400763340
7417.968750,0.045995713200
7423.828125,0.052752293727
7429.687500,0.049247001516
7435.546875,0.041412997006
7441.406250,0.034393720691
7447.265625,0.036903153902
7453.125000,0.039703357548
7458.984375,0.048574794369
7464.843750,0.052922592944
7470.703125,0.052020240187
7476.562500,0.051318351986
7482.421875,0.044952602229
7488.281250,0.043663719523
7494.140625,0.045643302971
7500.000000,0.043632900760
7505.859375,0.045704660271
7511.718750,0.046918672209
7517.578125,0.044317023296
7523.437500,0.046267054324
7529.296875,0.050236142480
7535.156250,0.044282043073
7541.015625,0.032723714463
7546.875000,0.030373300576
7552.734375,0.034389624965
7558.593750,0.044990844784
7564.453125,0.046720216438
7570.312500,0.041879902111
7576.171875,0.038845045521
7582.031250,0.038629915055
7587.890625,0.038679907028
7593.750000,0.043871480586
7599.609375,0.042506409177
7605.468750,0.044275176472
7611.328125,0.053616238969
7617.187500,0.055125387818
7623.046875,0.047649784609
7628.906250,0.038262348876
7634.765625,0.027819709085
7640.625000,0.036895748066
7646.484375,0.051267905212
7652.343750,0.058011370664
7658.203125,0.049022342176
7664.062500,0.039682732269
7669.921875,0.049054835918
7675.781250,0.048221176816
7681.640625,0.040478551657
7687.500000,0.040149767108
7693.359375,0.037432734243
7699.218750,0.041692024898
7705.078125,0.057072117800
7710.937500,0.064024016415
7716.796875,0.053761787536
7722.656250,0.041716316147
7728.515625,0.040203318663
7734.375000,0.052305166191
7740.234375,0.055640993722
7746.093750,0.050791457563
7751.953125,0.052243432021
7757.812500,0.044686807761
7763.671875,0.054967675875
7769.531250,0.061086508048
7775.390625,0.054121916557
7781.250000,0.043460661269
7787.109375,0.042083172604
7792.968750,0.048460098465
7798.828125,0.053586874627
7804.687500,0.057016652459
7810.546875,0.040212944762
7816.406250,0.040303068338
7822.265625,0.045080449378
7828.125000,0.048100212841
7833.984375,0.057142699283
7839.843750,0.045427741927
7845.703125,0.041308382554
7851.562500,0.052460071825
7857.421875,0.049801511027
7863.281250,0.052193491992
7869.140625,0.043247005520
7875.000000,0.033225451178
7880.859375,0.034872741035
7886.718750,0.044988506323
7892.578125,0.047615093404
7898.437500,0.041261750572
7904.296875,0.032465004726
7910.156250,0.040678971353
7916.015625,0.045283124249
7921.875000,0.052885576707
7927.734375,0.043360044827
7933.593750,0.029701266452
7939.453125,0.034502817569
7945.312500,0.044185836153
7951.171875,0.058770025186
7957.031250,0.052204590392
7962.890625,0.040912725209
7968.750000,0.041195880283
7974.609375,0.041751846483
7980.468750,0.038002703484
7986.328125,0.040577195328
7992.187500,0.031114275204
7998.046875,0.025626097923
8003.906250,0.037712667337
8009.765625,0.041264388221
8015.625000,0.046601391029
8021.484375,0.048891255336
8027.343750,0.044169577474
8033.203125,0.046406178547
8039.062500,0.051880865099
8044.921875,0.055648900858
8050.781250,0.046389182516
8056.640625,0.039118911598
8062.500000,0.040281836739
8068.359375,0.050157684004
8074.218750,0.059653038899
8080.078125,0.052228906548
8085.937500,0.038086144447
8091.796875,0.042050860550
8097.656250,0.053246335381
8103.515625,0.059162296685
8109.375000,0.052969934505
8115.234375,0.050481548439
8121.093750,0.055538632998
8126.953125,0.059274131649
8132.812500,0.063665129273
8138.671875,0.053796375667
8144.531250,0.052632270932
8150.390625,0.042423120104
8156.250000,0.052952843706
8162.109375,0.070719863796
8167.968750,0.073896691749
8173.828125,0.057379451471
8179.687500,0.041101035850
8185.546875,0.045177110291
8191.406250,0.060279091461
8197.265625,0.065180595878
8203.125000,0.058824607739
8208.984375,0.044395343944
8214.843750,0.056952069223
8220.703125,0.065268783391
8226.562500,0.080128452449
8232.421875,0.074826590371
8238.281250,0.052905494077
8244.140625,0.055780643620
8250.000000,0.066758868390
8255.859375,0.076957629067
8261.718750,0.066835272086
8267.578125,0.047727741861
8273.437500,0.056187391551
8279.296875,0.070135821273
8285.156250,0.079123152161
8291.015625,0.077625540829
8296.875000,0.058595276841
8302.734375,0.053349123128
8308.593750,0.064474661844
8314.453125,0.060764511663
8320.312500,0.059706178165
8326.171875,0.047625710929
8332.031250,0.034070645835
8337.890625,0.062906877828
8343.750000,0.073197858929
8349.609375,0.065370787569
8355.468750,0.051141787977
8361.328125,0.035788714635
8367.187500,0.053271421566
8373.046875,0.063299795125
8378.906250,0.068804371171
8384.765625,0.055524152434
8390.625000,0.031243664277
8396.484375,0.038764867814
8402.343750,0.060540777979
8408.203125,0.069221112734
8414.062500,0.055786870176
8419.921875,0.047436554487
8425.781250,0.037921596694
8431.640625,0.050761692233
8437.500000,0.055030166286
8443.359375,0.063957106276
8449.218750,0.058253802822
8455.078125,0.037108159476
8460.937500,0.044940905373
8466.796875,0.064932233737
8472.656250,0.066521120706
8478.515625,0.063690064516
8484.375000,0.049817426038
8490.234375,0.043204469375
8496.093750,0.064514004246
8501.953125,0.062809425948
8507.812500,0.053095500589
8513.671875,0.045052448699
8519.531250,0.045213688665
8525.390625,0.059173080258
8531.250000,0.066100138472
8537.109375,0.064159925097
8542.968750,0.048495661401
8548.828125,0.049436155198
8554.687500,0.060061341057
8560.546875,0.068421014737
8566.406250,0.064154530929
8572.265625,0.052585140854
8578.125000,0.045481689805
8583.984375,0.057759612408
8589.843750,0.063612265590
8595.703125,0.068388045211
8601.562500,0.055511057079
8607.421875,0.043991386872
8613.281250,0.058729858965
8619.140625,0.064317383246
8625.000000,0.064852730465
8630.859375,0.052408075098
8636.718750,0.043759477697
8642.578125,0.052047020655
8648.437500,0.058362265807
8654.296875,0.066143695342
8660.156250,0.056365000221
8666.015625,0.041298626317
8671.875000,0.042272970415
8677.734375,0.055252329374
8683.593750,0.059405368747
8689.453125,0.051723897546
8695.312500,0.035456600760
8701.171875,0.035872333268
8707.031250,0.050921331178
8712.890625,0.060337794062
8718.750000,0.048852913550
8724.609375,0.038887176740
8730.468750,0.035764197023
8736.328125,0.043004882973
8742.187500,0.043790916572
8748.046875,0.042203496184
8753.906250,0.029875384714
8759.765625,0.031547500977
8765.625000,0.036018088820
8771.484375,0.048503149723
8777.343750,0.051985773026
8783.203125,0.044213827461
8789.062500,0.032150660406
8794.921875,0.034734362227
8800.781250,0.040328699105
8806.640625,0.042719724442
8812.500000,0.048711643215
8818.359375,0.045617242251
8824.218750,0.047181982393
8830.078125,0.048158690169
8835.937500,0.036651988627
8841.796875,0.031860380718
8847.656250,0.031566110871
8853.515625,0.034393189430
8859.375000,0.041790519138
8865.234375,0.040239387784
8871.093750,0.034853612989
8876.953125,0.028906157361
8882.812500,0.029256433650
8888.671875,0.036705976880
8894.531250,0.041456577020
8900.390625,0.038790864698
8906.250000,0.038260761480
8912.109375,0.032980218104
8917.968750,0.037260650144
8923.828125,0.038659593069
8929.687500,0.036802023789
8935.546875,0.036045465593
8941.406250,0.037459855178
8947.265625,0.046116371064
8953.125000,0.047887803107
8958.984375,0.048972032035
8964.843750,0.041247432664
8970.703125,0.032869613617
8976.562500,0.042108495418
8982.421875,0.046285659054
8988.281250,0.043022844869
8994.140625,0.034861157820
9000.000000,0.034805558073
9005.859375,0.043028174669
9011.718750,0.047049364109
9017.578125,0.041381378201
9023.437500,0.035274242581
9029.296875,0.031905792856
9035.156250,0.038623711003
9041.015625,0.042916390509
9046.875000,0.046892482345
9052.734375,0.045774430721
9058.593750,0.046021520445
9064.453125,0.044998044787
9070.312500,0.041935913129
9076.171875,0.041183571818
9082.031250,0.041749895331
9087.890625,0.040959676863
9093.750000,0.042849360904
9099.609375,0.050773608149
9105.468750,0.047619798977
9111.328125,0.047429152400
9117.187500,0.036686046351
9123.046875,0.033535038654
9128.906250,0.041701475950
9134.765625,0.051544629671
9140.625000,0.048101633277
9146.484375,0.041756626693
9152.343750,0.039460684741
9158.203125,0.039391418362
9164.062500,0.037031073148
9169.921875,0.042285122998
9175.781250,0.040350009201
9181.640625,0.041956365195
9187.500000,0.052740752357
9193.359375,0.056552509234
9199.218750,0.048146557072
9205.078125,0.036025217227
9210.937500,0.035560640193
9216.796875,0.039711135421
9222.656250,0.046295292256
9228.515625,0.049581882775
9234.375000,0.049195765566
9240.234375,0.044072662893
9246.093750,0.045428964941
9251.953125,0.044692479819
9257.812500,0.037775861912
9263.671875,0.040123129700
9269.531250,0.037232346862
9275.390625,0.050559522087
9281.250000,0.065757237626
9287.109375,0.058295697426
9292.968750,0.040431222857
9298.828125,0.032353049381
9304.687500,0.033657999296
9310.546875,0.037081512373
9316.406250,0.040784575684
9322.265625,0.040785189162
9328.125000,0.034735482416
9333.984375,0.037743250950
9339.843750,0.036134088139
9345.703125,0.027273076869
9351.562500,0.025680077154
9357.421875,0.028510240919
9363.281250,0.028579015785
9369.140625,0.033996643782
9375.000000,0.036116233408
9380.859375,0.027090668872
9386.718750,0.016511135916
9392.578125,0.015796448975
9398.437500,0.017968353780
9404.296875,0.025498462725
9410.156250,0.032387112894
9416.015625,0.030294606825
9421.875000,0.018016776035
9427.734375,0.024811136369
9433.593750,0.022646455178
9439.453125,0.020256471714
9445.312500,0.028922757740
9451.171875,0.032247807148
9457.031250,0.029241654446
9462.890625,0.027502569761
9468.750000,0.024229518360
9474.609375,0.034271674769
9480.468750,0.037543357445
9486.328125,0.026488756132
9492.187500,0.023673635999
9498.046875,0.030349253280
9503.906250,0.033576591437
9509.765625,0.032522363630
9515.625000,0.033261026633
9521.484375,0.030579896587
9527.343750,0.024031375149
9533.203125,0.025311311956
9539.062500,0.028110957579
9544.921875,0.032070847443
9550.781250,0.035309552479
9556.640625,0.038134814285
9562.500000,0.037939046552
9568.359375,0.032572282815
9574.218750,0.027303221769
9580.078125,0.030611589838
9585.937500,0.033884713647
9591.796875,0.041763219035
9597.656250,0.047864009879
9603.515625,0.044459696911
9609.375000,0.035630203142
9615.234375,0.031175056654
9621.093750,0.039014214118
9626.953125,0.049759653070
9632.812500,0.045421414409
9638.671875,0.050823537395
9644.531250,0.052605695387
9650.390625,0.044884995008
9656.250000,0.031580943129
9662.109375,0.031704905799
9667.968750,0.032779014865
9673.828125,0.038669217060
9679.687500,0.047338621469
9685.546875,0.054871499861
9691.406250,0.051024683789
9697.265625,0.042087426738
9703.125000,0.042215432253
9708.984375,0.047482877258
9714.843750,0.048099086420
9720.703125,0.052472366736
9726.562500,0.041189836141
9732.421875,0.044497316251
9738.281250,0.044864903029
9744.140625,0.049351096164
9750.000000,0.055126405918
9755.859375,0.042133078997
9761.718750,0.036099415676
9767.578125,0.047916862077
9773.437500,0.055151572425
9779.296875,0.051292047506
9785.156250,0.051227982493
9791.015625,0.044106846245
9796.875000,0.049005972254
9802.734375,0.054367056460
9808.593750,0.061620400783
9814.453125,0.055012756221
9820.312500,0.035563663143
9826.171875,0.030394360297
9832.031250,0.046410931766
9837.890625,0.053542812622
9843.750000,0.048279351947
9849.609375,0.041033029310
9855.468750,0.032890822274
9861.328125,0.035051739407
9867.187500,0.043486634468
9873.046875,0.045016386959
9878.906250,0.036362515961
9884.765625,0.019278361957
9890.625000,0.027656885568
9896.484375,0.035294555123
9902.343750,0.029567332494
9908.203125,0.030277899645
9914.062500,0.029320897793
9919.921875,0.032519642328
9925.781250,0.036583482125
9931.640625,0.030987585937
9937.500000,0.037786161405
9943.359375,0.040184692467
9949.218750,0.037703835915
9955.078125,0.036441238207
9960.937500,0.036754981550
9966.796875,0.036202676509
9972.656250,0.034750932341
9978.515625,0.037478535260
9984.375000,0.036819142952
9990.234375,0.031942041660
9996.093750,0.036980782925
10001.953125,0.036955737298
10007.812500,0.046951834380
10013.671875,0.054725481307
10019.531250,0.048706181126
10025.390625,0.044594503058
10031.250000,0.054258811687
10037.109375,0.045785785969
10042.968750,0.047571350328
10048.828125,0.043904744287
10054.687500,0.043621932025
10060.546875,0.045799075241
10066.406250,0.050358878184
10072.265625,0.050085937495
10078.125000,0.038216145961
10083.984375,0.036375463791
10089.843750,0.043297863481
10095.703125,0.042750619613
10101.562500,0.049463936242
10107.421875,0.045073650961
10113.281250,0.038478262321
10119.140625,0.037578759199
10125.000000,0.037315069334
10130.859375,0.039125500161
10136.718750,0.042679151071
10142.578125,0.037251393348
10148.437500,0.046444669918
10154.296875,0.044788956548
10160.156250,0.044074167967
10166.015625,0.047145478779
10171.875000,0.044751083632
10177.734375,0.042451140081
10183.593750,0.049184014816
10189.453125,0.052599188455
10195.312500,0.049302253123
10201.171875,0.037564941274
10207.031250,0.036755527359
10212.890625,0.044078607368
10218.750000,0.039673633889
10224.609375,0.042970068480
10230.468750,0.047652155069
10236.328125,0.046849320117
10242.187500,0.049487338175
10248.046875,0.039410471476
10253.906250,0.041280989789
10259.765625,0.045074592498
10265.625000,0.038019411957
10271.484375,0.046431047973
10277.343750,0.050378261919
10283.203125,0.046587156758
10289.062500,0.045542057528
10294.921875,0.045864589076
10300.781250,0.049801408015
10306.640625,0.053853455746
10312.500000,0.058592085416
10318.359375,0.058284444081
10324.218750,0.052613800621
10330.078125,0.054587646460
10335.937500,0.060851242304
10341.796875,0.056181609054
10347.656250,0.055813029980
10353.515625,0.054043090735
10359.375000,0.065319063425
10365.234375,0.067200139111
10371.093750,0.066544284702
10376.953125,0.054209654990
10382.812500,0.051053217601
10388.671875,0.062812385471
10394.531250,0.068986424738
10400.390625,0.071856271883
10406.250000,0.072388842425
10412.109375,0.068984104476
10417.968750,0.060846502636
10423.828125,0.067730906146
10429.687500,0.073308575549
10435.546875,0.069368608595
10441.406250,0.080881992054
10447.265625,0.079553429055
10453.125000,0.072324404920
10458.984375,0.075255974295
10464.843750,0.066560459554
10470.703125,0.068718431248
10476.562500,0.069938178559
10482.421875,0.085680918108
10488.281250,0.094111135373
10494.140625,0.099857319855
10500.000000,0.098125589406
10505.859375,0.088531856977
10511.718750,0.081998460242
10517.578125,0.086556026815
10523.437500,0.095913703672
10529.296875,0.103596638443
10535.156250,0.107928804402
10541.015625,0.100002372217
10546.875000,0.092832822482
10552.734375,0.094560821514
10558.593750,0.089091234539
10564.453125,0.098188726357
10570.312500,0.103657091776
10576.171875,0.109427679160
10582.031250,0.114207746400
10587.890625,0.115916010163
10593.750000,0.124755922904
10599.609375,0.118291746461
10605.468750,0.107587152139
10611.328125,0.097475032987
10617.187500,0.117879038862
10623.046875,0.120676667590
10628.906250,0.116861801119
10634.765625,0.123355146378
10640.625000,0.108817868838
10646.484375,0.096863006357
10652.343750,0.095095156511
10658.203125,0.103753476911
10664.062500,0.116583096657
10669.921875,0.115218269420
10675.781250,0.120876759804
10681.640625,0.117509809306
10687.500000,0.101581816961
10693.359375,0.102735063523
10699.218750,0.105842153551
10705.078125,0.110726425202
10710.937500,0.098237149271
10716.796875,0.111496809079
10722.656250,0.114695387824
10728.515625,0.114852688214
10734.375000,0.106189808517
10740.234375,0.097467666434
10746.093750,0.106534642731
10751.953125,0.105206131925
10757.812500,0.116992086219
10763.671875,0.118302518216
10769.531250,0.113560654952
10775.390625,0.099670803012
10781.250000,0.091544156084
10787.109375,0.078445989211
10792.968750,0.082533524171
10798.828125,0.094537542205
10804.687500,0.097964374740
10810.546875,0.096161568671
10816.406250,0.083257836848
10822.265625,0.074092906692
10828.125000,0.071034609106
10833.984375,0.080279347232
10839.843750,0.078146311574
10845.703125,0.084167265394
10851.562500,0.092685654806
10857.421875,0.087979216501
10863.281250,0.082380791487
10869.140625,0.075366962149
10875.000000,0.064102984645
10880.859375,0.068053867838
10886.718750,0.074744140449
10892.578125,0.070414637861
10898.437500,0.075431086686
10904.296875,0.086336709838
10910.156250,0.080590369819
10916.015625,0.076383901378
10921.875000,0.065639064374
10927.734375,0.066741333118
10933.593750,0.066302278769
10939.453125,0.080918141480
10945.312500,0.091329270729
10951.171875,0.085665292798
10957.031250,0.079872151062
10962.890625,0.057031783805
10968.750000,0.052266240667
10974.609375,0.063504066685
10980.468750,0.072436473356
10986.328125,0.083050728063
10992.187500,0.078115494313
10998.046875,0.060144679851
11003.906250,0.066800242380
11009.765625,0.061860223447
11015.625000,0.058301976243
11021.484375,0.063917051741
11027.343750,0.074786277939
11033.203125,0.077078985397
11039.062500,0.078025643648
11044.921875,0.079908146680
11050.781250,0.060368493537
11056.640625,0.046811182341
11062.500000,0.057360309777
11068.359375,0.061639122651
11074.218750,0.082465607243
11080.078125,0.093348706335
11085.937500,0.091176203332
11091.796875,0.082558122643
11097.656250,0.065087708279
11103.515625,0.052449075830
11109.375000,0.072391272956
11115.234375,0.101686513766
11121.093750,0.100915913091
11126.953125,0.092982078262
11132.812500,0.079221403139
11138.671875,0.090493087616
11144.531250,0.086559744417
11150.390625,0.089185125636
11156.250000,0.098438813252
11162.109375,0.103767025551
11167.968750,0.112299102007
11173.828125,0.129462975508
11179.687500,0.115763936357
11185.546875,0.095693171533
11191.406250,0.090873716727
11197.265625,0.094781521916
11203.125000,0.109692111497
11208.984375,0.132997604437
11214.843750,0.134738843377
11220.703125,0.108281952257
11226.562500,0.104326147883
11232.421875,0.094773809006
11238.281250,0.090218518690
11244.140625,0.122586516031
11250.000000,0.133652553704
11255.859375,0.116643306434
11261.718750,0.129370118208
11267.578125,0.131757420284
11273.437500,0.116580139413
11279.296875,0.107361655899
11285.156250,0.105340303519
11291.015625,0.109260132676
11296.875000,0.135070705470
11302.734375,0.146285637297
11308.593750,0.135462139062
11314.453125,0.107840803532
11320.312500,0.099434500352
11326.171875,0.098445252811
11332.031250,0.116166186109
11337.890625,0.126750978340
11343.750000,0.138398323389
11349.609375,0.136412272066
11355.468750,0.138994111071
11361.328125,0.131576199286
11367.187500,0.118894992857
11373.046875,0.105107959735
11378.906250,0.105139016087
11384.765625,0.117893498791
11390.625000,0.126538768234
11396.484375,0.143125004895
11402.343750,0.130413058236
11408.203125,0.111333513999
11414.062500,0.113756049226
11419.921875,0.113641921187
11425.781250,0.116964754766
11431.640625,0.117650440544
11437.500000,0.109247958836
11443.359375,0.114376896233
11449.218750,0.121206705523
11455.078125,0.113129992828
11460.937500,0.106925430934
11466.796875,0.097223279782
11472.656250,0.086617326947
11478.515625,0.090610045770
11484.375000,0.114097051734
11490.234375,0.119990907468
11496.093750,0.102408369369
11501.953125,0.098057592735
11507.812500,0.098264741650
11513.671875,0.110815251667
11519.531250,0.104530323962
11525.390625,0.093989327581
11531.250000,0.088595552786
11537.109375,0.094225083597
11542.968750,0.094937679077
11548.828125,0.092021629862
11554.687500,0.090917361607
11560.546875,0.079074679065
11566.406250,0.081490721793
11572.265625,0.089456336676
11578.125000,0.092455419573
11583.984375,0.085839764532
11589.843750,0.102152365879
11595.703125,0.089519178034
11601.562500,0.083444378524
11607.421875,0.082536217778
11613.281250,0.089711951372
11619.140625,0.089615729922
11625.000000,0.087991822484
11630.859375,0.087671542958
11636.718750,0.095276945173
11642.578125,0.099031476879
11648.437500,0.108151768150
11654.296875,0.111873851274
11660.156250,0.105287432764
11666.015625,0.104529859135
11671.875000,0.099653191215
11677.734375,0.106430891623
11683.593750,0.104449756573
11689.453125,0.102825460316
11695.312500,0.104474809187
11701.171875,0.111210151495
11707.031250,0.118569571332
11712.890625,0.108789505701
11718.750000,0.100215059871
11724.609375,0.100528908179
11730.468750,0.100827901814
11736.328125,0.095494285976
11742.187500,0.100218391338
11748.046875,0.105910680397
11753.906250,0.100033998155
11759.765625,0.091699010107
11765.625000,0.090079495425
11771.484375,0.093046794612
11777.343750,0.097593181763
11783.203125,0.098601479720
11789.062500,0.104228743533
11794.921875,0.094778359604
11800.781250,0.086833865018
11806.640625,0.077907476114
11812.500000,0.071584102229
11818.359375,0.082941735144
11824.218750,0.092290861049
11830.078125,0.095233293217
11835.937500,0.077685943601
11841.796875,0.075486517746
11847.656250,0.080710947261
11853.515625,0.073129436106
11859.375000,0.067429016925
11865.234375,0.067402504150
11871.093750,0.072497094406
11876.953125,0.097542492589
11882.812500,0.106829192196
11888.671875,0.089582601116
11894.531250,0.059112899010
11900.390625,0.067806034734
11906.250000,0.072451948597
11912.109375,0.069834476677
11917.968750,0.080759615316
11923.828125,0.072061602513
11929.687500,0.069776188477
11935.546875,0.069119595531
11941.406250,0.077958646496
11947.265625,0.078764585989
11953.125000,0.079781265111
11958.984375,0.079761853979
11964.843750,0.084503193612
11970.703125,0.101726806469
11976.562500,0.092386180679
11982.421875,0.081443308344
11988.281250,0.067195822030
11994.140625,0.068354321944
12000.000000,0.104244279842
12005.859375,0.094616942076
12011.718750,0.086098526895
12017.578125,0.075122582550
12023.437500,0.062292175929
12029.296875,0.062010846194
12035.156250,0.068503806211
12041.015625,0.079471268227
12046.875000,0.090055105608
12052.734375,0.082742570100
12058.593750,0.084629639683
12064.453125,0.084822942005
12070.312500,0.085629639975
12076.171875,0.072229044012
12082.031250,0.067297594390
12087.890625,0.089098996558
12093.750000,0.121643250359
12099.609375,0.123446564116
12105.468750,0.095544536662
12111.328125,0.080796249262
12117.187500,0.071547323039
12123.046875,0.061888211444
12128.906250,0.072097655568
12134.765625,0.085638268617
12140.625000,0.098426199292
12146.484375,0.095683515548
12152.343750,0.078511486909
12158.203125,0.075909957794
12164.062500,0.069902089961
12169.921875,0.063591694668
12175.781250,0.066971696097
12181.640625,0.070502623230
12187.500000,0.089169891698
12193.359375,0.093867290085
12199.218750,0.090503650140
12205.078125,0.071544279248
12210.937500,0.054821807886
12216.796875,0.064750686645
12222.656250,0.067899820181
12228.515625,0.069211895911
12234.375000,0.076010637202
12240.234375,0.072734260315
12246.093750,0.075317604357
12251.953125,0.076979646369
12257.812500,0.064199568417
12263.671875,0.059563712046
12269.531250,0.059748236256
12275.390625,0.064586048446
12281.250000,0.073617687334
12287.109375,0.070984126347
12292.968750,0.064731971730
12298.828125,0.056096513319
12304.687500,0.054322099961
12310.546875,0.051431078200
12316.406250,0.065899274100
12322.265625,0.079308696657
12328.125000,0.072554920490
12333.984375,0.066165511143
12339.843750,0.055094546399
12345.703125,0.053704633484
12351.562500,0.055596965641
12357.421875,0.058169696671
12363.281250,0.067001370359
12369.140625,0.067072848576
12375.000000,0.067160300641
12380.859375,0.065141378921
12386.718750,0.051168509896
12392.578125,0.043931663767
12398.437500,0.051486623984
12404.296875,0.063454614999
12410.156250,0.067138326279
12416.015625,0.058901284925
12421.875000,0.057973207225
12427.734375,0.041704524750
12433.593750,0.043926186514
12439.453125,0.053514990284
12445.312500,0.053213537087
12451.171875,0.055602585481
12457.031250,0.054094288858
12462.890625,0.056625550630
12468.750000,0.055288119019
12474.609375,0.063079162943
12480.468750,0.045362547363
12486.328125,0.040876405982
12492.187500,0.050259884404
12498.046875,0.068555637038
12503.906250,0.072848444995
12509.765625,0.060394374767
12515.625000,0.051985429689
12521.484375,0.046728060156
12527.343750,0.051059797052
12533.203125,0.052271629402
12539.062500,0.064159517920
12544.921875,0.066100509835
12550.781250,0.059340343947
12556.640625,0.064692871898
12562.500000,0.060218613249
12568.359375,0.063468407099
12574.218750,0.057269479514
12580.078125,0.052629298225
12585.937500,0.063549449563
12591.796875,0.067951585011
12597.656250,0.071571097409
12603.515625,0.064339649409
12609.375000,0.045170127605
12615.234375,0.042167710631
12621.093750,0.049742688852
12626.953125,0.067531900926
12632.812500,0.080189144323
12638.671875,0.069721851323
12644.531250,0.069040382599
12650.390625,0.066505448323
12656.250000,0.061469527455
12662.109375,0.062190601087
12667.968750,0.064281116887
12673.828125,0.060035626056
12679.687500,0.063825773554
12685.546875,0.073735901738
12691.406250,0.073859966675
12697.265625,0.069357524499
12703.125000,0.055446690402
12708.984375,0.046580386115
12714.843750,0.053417695784
12720.703125,0.063952049191
12726.562500,0.071797416315
12732.421875,0.072230528364
12738.281250,0.066048819330
12744.140625,0.066896097258
12750.000000,0.058352265847
12755.859375,0.062832403097
12761.718750,0.063466439643
12767.578125,0.065351058424
12773.437500,0.064774821495
12779.296875,0.070565503654
12785.156250,0.064001215899
12791.015625,0.054124326311
12796.875000,0.051566047605
12802.734375,0.058223971381
12808.593750,0.064355794996
12814.453125,0.064730803896
12820.312500,0.058221973165
12826.171875,0.054648970696
12832.031250,0.054784676304
12837.890625,0.054693193002
12843.750000,0.054621194228
12849.609375,0.052396044794
12855.468750,0.052436350098
12861.328125,0.054551237957
12867.187500,0.061621044006
12873.046875,0.057926435956
12878.906250,0.052884302263
12884.765625,0.050548469164
12890.625000,0.041247693311
12896.484375,0.042406834172
12902.343750,0.059736665632
12908.203125,0.063947723943
12914.062500,0.052265288493
12919.921875,0.047864865191
12925.781250,0.046606459575
12931.640625,0.044864495217
12937.500000,0.045714849289
12943.359375,0.049836982361
12949.218750,0.051977664988
12955.078125,0.047156312232
12960.937500,0.055027036952
12966.796875,0.053550795361
12972.656250,0.046896526043
12978.515625,0.046602357134
12984.375000,0.046161506769
12990.234375,0.041800585892
12996.093750,0.047531210794
13001.953125,0.048492578967
13007.812500,0.042518846324
13013.671875,0.041584694902
13019.531250,0.046100969012
13025.390625,0.050504389636
13031.250000,0.048292477007
13037.109375,0.044306739687
13042.968750,0.038701999604
13048.828125,0.041811379581
13054.687500,0.048581918432
13060.546875,0.055553554323
13066.406250,0.046450687144
13072.265625,0.050711029483
13078.125000,0.050583013123
13083.984375,0.049570749516
13089.843750,0.049331828347
13095.703125,0.046171083933
13101.562500,0.049509765109
13107.421875,0.053663754726
13113.281250,0.052645790291
13119.140625,0.049870514440
13125.000000,0.046951080383
13130.859375,0.045320539720
13136.718750,0.049435107601
13142.578125,0.055183831111
13148.437500,0.064510482259
13154.296875,0.057203340697
13160.156250,0.050170659392
13166.015625,0.044172583885
13171.875000,0.041569068713
13177.734375,0.044596784577
13183.593750,0.049248417539
13189.453125,0.051915509004
13195.312500,0.055753202732
13201.171875,0.058122646763
13207.031250,0.055687239596
13212.890625,0.042256702423
13218.750000,0.044039555731
13224.609375,0.047113938557
13230.468750,0.048557295156
13236.328125,0.054804717936
13242.187500,0.053878983628
13248.046875,0.046990524437
13253.906250,0.036535710277
13259.765625,0.035838500302
13265.625000,0.044202638076
13271.484375,0.050028063561
13277.343750,0.058230616757
13283.203125,0.056609098706
13289.062500,0.049290461986
13294.921875,0.040818253515
13300.781250,0.035997714560
13306.640625,0.039863734229
13312.500000,0.042305922050
13318.359375,0.043246926348
13324.218750,0.046939355471
13330.078125,0.053870671045
13335.937500,0.054382522855
13341.796875,0.043992820494
13347.656250,0.035469524184
13353.515625,0.033917701268
13359.375000,0.036235463150
13365.234375,0.044903597393
13371.093750,0.053546240882
13376.953125,0.054736365251
13382.812500,0.045027512358
13388.671875,0.041504473410
13394.531250,0.040457649869
13400.390625,0.038642320993
13406.250000,0.041023054335
13412.109375,0.047291358506
13417.968750,0.052160609182
13423.828125,0.054499604391
13429.687500,0.048973709583
13435.546875,0.043210600345
13441.406250,0.036192091983
13447.265625,0.041359625917
13453.125000,0.051870701549
13458.984375,0.056992945030
13464.843750,0.058787064594
13470.703125,0.056964418397
13476.562500,0.046654031718
13482.421875,0.041166094339
13488.281250,0.040637602781
13494.140625,0.046494816830
13500.000000,0.049210875028
13505.859375,0.052248369529
13511.718750,0.056913316508
13517.578125,0.059776008255
13523.437500,0.051701197788
13529.296875,0.040555041376
13535.156250,0.034782404834
13541.015625,0.043454132763
13546.875000,0.052668303217
13552.734375,0.057251329177
13558.593750,0.056430617305
13564.453125,0.053861359683
13570.312500,0.049356090880
13576.171875,0.041528657037
13582.031250,0.041802592407
13587.890625,0.043006312276
13593.750000,0.048369761994
13599.609375,0.055668985086
13605.468750,0.061648034616
13611.328125,0.055646196179
13617.187500,0.047140559304
13623.046875,0.038136551354
13628.906250,0.035422631390
13634.765625,0.041455545634
13640.625000,0.045626942878
13646.484375,0.050909952761
13652.343750,0.052539724736
13658.203125,0.046256612840
13664.062500,0.041196935937
13669.921875,0.042121237355
13675.781250,0.040542466917
13681.640625,0.044911897496
13687.500000,0.045969672546
13693.359375,0.048398241894
13699.218750,0.052068845867
13705.078125,0.047927244973
13710.937500,0.037968012869
13716.796875,0.029948545981
13722.656250,0.030838362066
13728.515625,0.041086694558
13734.375000,0.047062272507
13740.234375,0.046732638241
13746.093750,0.041383439125
13751.953125,0.035061675203
13757.812500,0.036661546149
13763.671875,0.033610693527
13769.531250,0.037654201392
13775.390625,0.041393781129
13781.250000,0.042913000668
13787.109375,0.043778464596
13792.968750,0.042209018043
13798.828125,0.036170979620
13804.687500,0.028797942014
13810.546875,0.028819439936
13816.406250,0.033459548082
13822.265625,0.038932297640
13828.125000,0.041409241765
13833.984375,0.041021355852
13839.843750,0.035477964246
13845.703125,0.031377338694
13851.562500,0.030780051550
13857.421875,0.030837035085
13863.281250,0.033494009411
13869.140625,0.034192923642
13875.000000,0.037489168921
13880.859375,0.040448747985
13886.718750,0.037939980331
13892.578125,0.031686973743
13898.437500,0.030745206016
13904.296875,0.029163989695
13910.156250,0.031474731434
13916.015625,0.037252568038
13921.875000,0.039768599311
13927.734375,0.036669609689
13933.593750,0.032525268328
13939.453125,0.029430137199
13945.312500,0.023989202478
13951.171875,0.026053681635
13957.031250,0.033321943716
13962.890625,0.037025827609
13968.750000,0.033376261512
13974.609375,0.033640328069
13980.468750,0.033470598763
13986.328125,0.026097189962
13992.187500,0.025296294293
13998.046875,0.030069847579
14003.906250,0.034662699978
14009.765625,0.037173065934
14015.625000,0.040431704083
14021.484375,0.037931879879
14027.343750,0.029038440392
14033.203125,0.027035435658
14039.062500,0.029666743170
14044.921875,0.030561406290
14050.781250,0.032597613686
14056.640625,0.035196036811
14062.500000,0.037426202438
14068.359375,0.035057242502
14074.218750,0.029129304238
14080.078125,0.024598825397
14085.937500,0.025822881167
14091.796875,0.025487053800
14097.656250,0.031011420330
14103.515625,0.035386580089
14109.375000,0.036858115435
14115.234375,0.035441074117
14121.093750,0.027088077095
14126.953125,0.024208348914
14132.812500,0.028569389538
14138.671875,0.028127447092
14144.531250,0.031294369983
14150.390625,0.036756627242
14156.250000,0.033513987413
14162.109375,0.026218751229
14167.968750,0.023323031794
14173.828125,0.022045799449
14179.687500,0.027513849607
14185.546875,0.032148717573
14191.406250,0.036258186324
14197.265625,0.032102184900
14203.125000,0.028840800504
14208.984375,0.029590375407
14214.843750,0.024274302548
14220.703125,0.022359576789
14226.562500,0.024870765969
14232.421875,0.029589569700
14238.281250,0.031834653469
14244.140625,0.031116457721
14250.000000,0.030645196616
14255.859375,0.030162584669
14261.718750,0.022729076915
14267.578125,0.022534904981
14273.437500,0.029987009168
14279.296875,0.030679410091
14285.156250,0.028611419049
14291.015625,0.028499925344
14296.875000,0.025591280054
14302.734375,0.022485084549
14308.593750,0.024280657840
14314.453125,0.024817213190
14320.312500,0.027241163678
14326.171875,0.030259870752
14332.031250,0.032627302327
14337.890625,0.030922693769
14343.750000,0.029187369178
14349.609375,0.027801564471
14355.468750,0.029871078757
14361.328125,0.028402441916
14367.187500,0.028941174464
14373.046875,0.033941447679
14378.906250,0.035262493141
14384.765625,0.032069688686
14390.625000,0.030144932672
14396.484375,0.029064983993
14402.343750,0.030948318199
14408.203125,0.034754736398
14414.062500,0.036968029163
14419.921875,0.036528791917
14425.781250,0.036480604458
14431.640625,0.035478724803
14437.500000,0.033239642175
14443.359375,0.028269680951
14449.218750,0.027500601675
14455.078125,0.031112959021
14460.937500,0.035070341097
14466.796875,0.039158907770
14472.656250,0.042510211335
14478.515625,0.037971570036
14484.375000,0.034376037703
14490.234375,0.032456014979
14496.093750,0.035369556551
14501.953125,0.036113177653
14507.812500,0.037336259763
14513.671875,0.036142232365
14519.531250,0.037400579753
14525.390625,0.036744177838
14531.250000,0.036111011727
14537.109375,0.032791284122
14542.968750,0.035045378679
14548.828125,0.036268450587
14554.687500,0.037069403605
14560.546875,0.038366799408
14566.406250,0.040081307073
14572.265625,0.034346271948
14578.125000,0.030543789337
14583.984375,0.033189698670
14589.843750,0.035908397234
14595.703125,0.038479630091
14601.562500,0.039308216551
14607.421875,0.036381368215
14613.281250,0.036071518662
14619.140625,0.038346555347
14625.000000,0.035312919052
14630.859375,0.032718771338
14636.718750,0.032489300590
14642.578125,0.033832353860
14648.437500,0.036084277522
14654.296875,0.036174814854
14660.156250,0.034575373456
14666.015625,0.032059910451
14671.875000,0.031774875152
14677.734375,0.032079675103
14683.593750,0.031327276932
14689.453125,0.030292052301
14695.312500,0.031841369937
14701.171875,0.034534377643
14707.031250,0.035673348578
14712.890625,0.034661765648
14718.750000,0.032991308811
14724.609375,0.028983737975
14730.468750,0.024539784388
14736.328125,0.025474846896
14742.187500,0.031210221160
14748.046875,0.033435379184
14753.906250,0.031267347405
14759.765625,0.030437693787
14765.625000,0.028232026737
14771.484375,0.026818082606
14777.343750,0.026032917601
14783.203125,0.024588107334
14789.062500,0.023387418441
14794.921875,0.022943536967
14800.781250,0.025017140224
14806.640625,0.031093593961
14812.500000,0.027400944141
14818.359375,0.018710860863
14824.218750,0.019876122214
14830.078125,0.022126868879
14835.937500,0.024383703957
14841.796875,0.025648954934
14847.656250,0.025275333764
14853.515625,0.023275319985
14859.375000,0.023461350299
14865.234375,0.019743651856
14871.093750,0.019209018179
14876.953125,0.021074188190
14882.812500,0.022892781517
14888.671875,0.022762354244
14894.531250,0.022992887186
14900.390625,0.019245038819
14906.250000,0.018090719748
14912.109375,0.017732328173
14917.968750,0.015644337976
14923.828125,0.016501335497
14929.687500,0.017573548405
14935.546875,0.021913355349
14941.406250,0.017487008793
14947.265625,0.014146297130
14953.125000,0.010913478795
14958.984375,0.013467901332
14964.843750,0.015113221611
14970.703125,0.016504759633
14976.562500,0.018296830557
14982.421875,0.017312098228
14988.281250,0.016239130069
14994.140625,0.014868772646
15000.000000,0.016625406435
15005.859375,0.018916068249
15011.718750,0.018879706866
15017.578125,0.014959331634
15023.437500,0.014895249945
15029.296875,0.015195925204
15035.156250,0.013851023730
15041.015625,0.012563212664
15046.875000,0.014265501871
15052.734375,0.015278673332
15058.593750,0.015091284052
15064.453125,0.014870979459
15070.312500,0.016920179129
15076.171875,0.015032976631
15082.031250,0.013619943713
15087.890625,0.013525883941
15093.750000,0.014887490968
15099.609375,0.012611109635
15105.468750,0.014685693419
15111.328125,0.017725320779
15117.187500,0.019265304093
15123.046875,0.017599858467
15128.906250,0.017823349916
15134.765625,0.016391148864
15140.625000,0.016621785481
15146.484375,0.015724371843
15152.343750,0.017721717868
15158.203125,0.021269766089
15164.062500,0.022942798536
15169.921875,0.022890978185
15175.781250,0.018631260137
15181.640625,0.016256191819
15187.500000,0.022574426977
15193.359375,0.022075658577
15199.218750,0.022954157349
15205.078125,0.027756015246
15210.937500,0.024425145186
15216.796875,0.022608056153
15222.656250,0.021498608276
15228.515625,0.017968856880
15234.375000,0.018222138810
15240.234375,0.018754304660
15246.093750,0.020979755493
15251.953125,0.021945954710
15257.812500,0.020469993581
15263.671875,0.019227086195
15269.531250,0.018373215940
15275.390625,0.017808602823
15281.250000,0.018608649525
15287.109375,0.019611038960
15292.968750,0.019215597606
15298.828125,0.022533435967
15304.687500,0.023353051096
15310.546875,0.022008382302
15316.406250,0.018415943768
15322.265625,0.017245432988
15328.125000,0.019668855791
15333.984375,0.022867370429
15339.843750,0.024426961395
15345.703125,0.022963638448
15351.562500,0.022762382164
15357.421875,0.018655519045
15363.281250,0.017409719707
15369.140625,0.018832323229
15375.000000,0.019163653454
15380.859375,0.021975144858
15386.718750,0.022250872173
15392.578125,0.021137219342
15398.437500,0.020916530391
15404.296875,0.020268035270
15410.156250,0.016043252123
15416.015625,0.015321325123
15421.875000,0.019556683127
15427.734375,0.020373764630
15433.593750,0.020611693762
15439.453125,0.020274030216
15445.312500,0.018776716217
15451.171875,0.017391950123
15457.031250,0.018448931941
15462.890625,0.017964828675
15468.750000,0.017484844903
15474.609375,0.016442675893
15480.468750,0.018317603643
15486.328125,0.018702071154
15492.187500,0.019837452093
15498.046875,0.021418259016
15503.906250,0.016391001136
15509.765625,0.012609768726
15515.625000,0.017092157049
15521.484375,0.022214876706
15527.343750,0.022553750190
15533.203125,0.020403281874
15539.062500,0.018667263808
15544.921875,0.019371869168
15550.781250,0.019854339671
15556.640625,0.020792552799
15562.500000,0.019811388228
15568.359375,0.017737659866
15574.218750,0.015479576400
15580.078125,0.017818818286
15585.937500,0.018131467269
15591.796875,0.015029685810
15597.656250,0.015100820168
15603.515625,0.016845639390
15609.375000,0.018240819002
15615.234375,0.019419174377
15621.093750,0.016465281468
15626.953125,0.014612601011
15632.812500,0.014326816867
15638.671875,0.013680324699
15644.531250,0.013698442174
15650.390625,0.015567797872
15656.250000,0.017794296650
15662.109375,0.017060160708
15667.968750,0.017511143263
15673.828125,0.018695880996
15679.687500,0.017484844723
15685.546875,0.017875587087
15691.406250,0.018745835531
15697.265625,0.017646470042
15703.125000,0.014455280291
15708.984375,0.016549479941
15714.843750,0.016819781167
15720.703125,0.016275439290
15726.562500,0.016290959363
15732.421875,0.015415619833
15738.281250,0.015321370219
15744.140625,0.017313223743
15750.000000,0.020112727846
15755.859375,0.021353525115
15761.718750,0.016726910109
15767.578125,0.016900767796
15773.437500,0.014149169595
15779.296875,0.011090189557
15785.156250,0.011789527991
15791.015625,0.014678120127
15796.875000,0.014264514040
15802.734375,0.019937111920
15808.593750,0.020725065647
15814.453125,0.018963725677
15820.312500,0.016228014954
15826.171875,0.014537896293
15832.031250,0.015036468194
15837.890625,0.016939391876
15843.750000,0.018732163084
15849.609375,0.017287071848
15855.468750,0.017703955115
15861.328125,0.015623097405
15867.187500,0.014764125191
15873.046875,0.016952707349
15878.906250,0.017229352218
15884.765625,0.022266449890
15890.625000,0.023186438153
15896.484375,0.019208214715
15902.343750,0.017963120029
15908.203125,0.016745569826
15914.062500,0.015066314401
15919.921875,0.016923631516
15925.781250,0.018209878691
15931.640625,0.020535797440
15937.500000,0.020550841181
15943.359375,0.018633831024
15949.218750,0.016390654871
15955.078125,0.016748797679
15960.937500,0.019696762246
15966.796875,0.023337642331
15972.656250,0.021412312384
15978.515625,0.024016874280
15984.375000,0.023828232034
15990.234375,0.025347472939
15996.093750,0.024162566505
16001.953125,0.019952907029
16007.812500,0.014930679554
16013.671875,0.017475442421
16019.531250,0.021040136271
16025.390625,0.023469539875
16031.250000,0.022910774216
16037.109375,0.020722767618
16042.968750,0.018436091412
16048.828125,0.017477225836
16054.687500,0.021031877741
16060.546875,0.020989205310
16066.406250,0.021474423538
16072.265625,0.022125611451
16078.125000,0.020685663033
16083.984375,0.017710882115
16089.843750,0.017580936408
16095.703125,0.016781478781
16101.562500,0.018346156989
16107.421875,0.020123849421
16113.281250,0.019546709539
16119.140625,0.019778846721
16125.000000,0.019642712575
16130.859375,0.016720195789
16136.718750,0.015561615085
16142.578125,0.018135464634
16148.437500,0.017745434429
16154.296875,0.018451590576
16160.156250,0.020512586242
16166.015625,0.021894479082
16171.875000,0.020029554787
16177.734375,0.019915205697
16183.593750,0.017177024643
16189.453125,0.015305361769
16195.312500,0.017947527444
16201.171875,0.019728029203
16207.031250,0.018839221247
16212.890625,0.017217964953
16218.750000,0.015565023167
16224.609375,0.015390000849
16230.468750,0.016173158665
16236.328125,0.016069933454
16242.187500,0.017214551364
16248.046875,0.017240671510
16253.906250,0.016653564368
16259.765625,0.016656457289
16265.625000,0.017618018914
16271.484375,0.018726843365
16277.343750,0.019634661106
16283.203125,0.016178794738
16289.062500,0.017669024178
16294.921875,0.020784213342
16300.781250,0.017583286766
16306.640625,0.016210837923
16312.500000,0.017307041298
16318.359375,0.015837238172
16324.218750,0.015329017809
16330.078125,0.016933585893
16335.937500,0.018425315216
16341.796875,0.016115824636
16347.656250,0.014430657594
16353.515625,0.014051128479
16359.375000,0.017688155086
16365.234375,0.020384845034
16371.093750,0.018660238790
16376.953125,0.018553578660
16382.812500,0.017438162885
16388.671875,0.019462654553
16394.531250,0.018267770312
16400.390625,0.016477295075
16406.250000,0.017316764929
16412.109375,0.017330120780
16417.968750,0.018308977838
16423.828125,0.019800129606
16429.687500,0.019075886096
16435.546875,0.014829426986
16441.406250,0.013638941496
16447.265625,0.015002819098
16453.125000,0.017432253972
16458.984375,0.017923740049
16464.843750,0.019478094280
16470.703125,0.019161935089
16476.562500,0.019056397457
16482.421875,0.015796849117
16488.281250,0.017302953977
16494.140625,0.019671177661
16500.000000,0.018594849430
16505.859375,0.015895328775
16511.718750,0.016762497278
16517.578125,0.018930160734
16523.437500,0.017224268019
16529.296875,0.014793556525
16535.156250,0.015011381388
16541.015625,0.016310732571
16546.875000,0.016578988372
16552.734375,0.016013728243
16558.593750,0.014809265430
16564.453125,0.012704092124
16570.312500,0.014797966995
16576.171875,0.017823635260
16582.031250,0.018462632898
16587.890625,0.017950758284
16593.750000,0.016475429012
16599.609375,0.015251722988
16605.468750,0.014990803674
16611.328125,0.015677342371
16617.187500,0.018324934814
16623.046875,0.019216255887
16628.906250,0.018229935723
16634.765625,0.018635036626
16640.625000,0.017611311418
16646.484375,0.015229505558
16652.343750,0.014591460350
16658.203125,0.015155701895
16664.062500,0.013630441130
16669.921875,0.015116924884
16675.781250,0.015494226100
16681.640625,0.012626002420
16687.500000,0.011890520195
16693.359375,0.012942539730
16699.218750,0.016312661025
16705.078125,0.014930543168
16710.937500,0.013940944296
16716.796875,0.013799220296
16722.656250,0.014345407475
16728.515625,0.014628624169
16734.375000,0.013945930343
16740.234375,0.013920981140
16746.093750,0.016134490358
16751.953125,0.017054622306
16757.812500,0.017367043987
16763.671875,0.012871880899
16769.531250,0.011301433562
16775.390625,0.009743870747
16781.250000,0.008820048358
16787.109375,0.010381020680
16792.968750,0.012968219387
16798.828125,0.012150279233
16804.687500,0.011330477435
16810.546875,0.012522136886
16816.406250,0.011027481925
16822.265625,0.013668361430
16828.125000,0.014279393390
16833.984375,0.012990411031
16839.843750,0.010512606572
16845.703125,0.010455179092
16851.562500,0.010514069716
16857.421875,0.011986925422
16863.281250,0.008194003514
16869.140625,0.009418529916
16875.000000,0.010796157090
16880.859375,0.009263394795
16886.718750,0.008519389391
16892.578125,0.008869971555
16898.437500,0.007071230872
16904.296875,0.008115288243
16910.156250,0.010459550760
16916.015625,0.007373590718
16921.875000,0.005992627093
16927.734375,0.006121790457
16933.593750,0.006636036925
16939.453125,0.009729044185
16945.312500,0.009504569253
16951.171875,0.008368455121
16957.031250,0.007476741878
16962.890625,0.007734555158
16968.750000,0.008763416223
16974.609375,0.007062601463
16980.468750,0.008578115201
16986.328125,0.007857499519
16992.187500,0.006633378042
16998.046875,0.008094389116
17003.906250,0.008792367584
17009.765625,0.008877242461
17015.625000,0.008107539212
17021.484375,0.009202319114
17027.343750,0.009162870854
17033.203125,0.007489827810
17039.062500,0.006803690398
17044.921875,0.009533095936
17050.781250,0.009131060543
17056.640625,0.010869816679
17062.500000,0.009585071031
17068.359375,0.007525165578
17074.218750,0.007358397581
17080.078125,0.007099307539
17085.937500,0.009509501969
17091.796875,0.010290094509
17097.656250,0.011165651667
17103.515625,0.010625561113
17109.375000,0.007994506149
17115.234375,0.007307501289
17121.093750,0.007813282762
17126.953125,0.007572970562
17132.812500,0.009432463205
17138.671875,0.010638362955
17144.531250,0.010477558035
17150.390625,0.009886489622
17156.250000,0.011687503373
17162.109375,0.010485548997
17167.968750,0.008439631725
17173.828125,0.009297023712
17179.687500,0.010523287435
17185.546875,0.010451238485
17191.406250,0.010072469438
17197.265625,0.010782016858
17203.125000,0.010660092502
17208.984375,0.010425702880
17214.843750,0.011828205499
17220.703125,0.011673832916
17226.562500,0.011444850895
17232.421875,0.014089748281
17238.281250,0.012601736143
17244.140625,0.009288335188
17250.000000,0.008651206792
17255.859375,0.009358175348
17261.718750,0.008887265172
17267.578125,0.009871943567
17273.437500,0.010976732267
17279.296875,0.009695768284
17285.156250,0.011671741007
17291.015625,0.010619065087
17296.875000,0.010593978507
17302.734375,0.011123002066
17308.593750,0.010480619093
17314.453125,0.009925375605
17320.312500,0.010448586856
17326.171875,0.009690032787
17332.031250,0.010181988369
17337.890625,0.008962064269
17343.750000,0.007294819411
17349.609375,0.007206512652
17355.468750,0.008132397093
17361.328125,0.009665633297
17367.187500,0.009727176408
17373.046875,0.008009343220
17378.906250,0.007938986133
17384.765625,0.008222068813
17390.625000,0.009223809397
17396.484375,0.009745298982
17402.343750,0.009192266742
17408.203125,0.007533816327
17414.062500,0.009291533841
17419.921875,0.010212347663
17425.781250,0.009368522023
17431.640625,0.007330435282
17437.500000,0.007937856067
17443.359375,0.007847624592
17449.218750,0.008502148849
17455.078125,0.008359751357
17460.937500,0.008948691975
17466.796875,0.008697720159
17472.656250,0.006259638216
17478.515625,0.007453172059
17484.375000,0.007141935951
17490.234375,0.008429769719
17496.093750,0.008325317579
17501.953125,0.007142829113
17507.812500,0.008632591922
17513.671875,0.009742749048
17519.531250,0.010405494497
17525.390625,0.010934068414
17531.250000,0.011509407482
17537.109375,0.011352439482
17542.968750,0.009588529682
17548.828125,0.007885304514
17554.687500,0.009573361946
17560.546875,0.012823772598
17566.406250,0.012334913824
17572.265625,0.012857140475
17578.125000,0.014282885484
17583.984375,0.010653666431
17589.843750,0.010816896991
17595.703125,0.011003715091
17601.562500,0.011474102902
17607.421875,0.014439417351
17613.281250,0.014229022300
17619.140625,0.014711845597
17625.000000,0.014795261870
17630.859375,0.014273695190
17636.718750,0.013507686430
17642.578125,0.012578413094
17648.437500,0.013144122568
17654.296875,0.015536890359
17660.156250,0.016086495178
17666.015625,0.016279384121
17671.875000,0.015375801297
17677.734375,0.015677692488
17683.593750,0.015101330943
17689.453125,0.014302551136
17695.312500,0.014734411260
17701.171875,0.017992745678
17707.031250,0.017507283977
17712.890625,0.016557448222
17718.750000,0.016539498040
17724.609375,0.016225038944
17730.468750,0.014932527065
17736.328125,0.016410311413
17742.187500,0.016236088772
17748.046875,0.017376124984
17753.906250,0.018493469516
17759.765625,0.017789114770
17765.625000,0.019540730265
17771.484375,0.017169829838
17777.343750,0.015568444903
17783.203125,0.017185313539
17789.062500,0.017780517707
17794.921875,0.018751255450
17800.781250,0.020340714825
17806.640625,0.018614400607
17812.500000,0.018200127910
17818.359375,0.017500287393
17824.218750,0.016434091333
17830.078125,0.019155723609
17835.937500,0.018983757190
17841.796875,0.019687090475
17847.656250,0.021226614938
17853.515625,0.021266737463
17859.375000,0.019870839201
17865.234375,0.019430872867
17871.093750,0.018925768589
17876.953125,0.021003636503
17882.812500,0.022125631100
17888.671875,0.022142888439
17894.531250,0.020256743077
17900.390625,0.020194155134
17906.250000,0.020613976857
17912.109375,0.021361283183
17917.968750,0.019502952091
17923.828125,0.020898438079
17929.687500,0.021728436079
17935.546875,0.019974499810
17941.406250,0.020559655310
17947.265625,0.020618672587
17953.125000,0.019759437365
17958.984375,0.018615490398
17964.843750,0.018171181878
17970.703125,0.019815678332
17976.562500,0.020042714966
17982.421875,0.021616118471
17988.281250,0.021611342134
17994.140625,0.019744019034
18000.000000,0.018872606474
18005.859375,0.019732983600
18011.718750,0.019882849692
18017.578125,0.019783336432
18023.437500,0.019869355399
18029.296875,0.021592584146
18035.156250,0.021077421992
18041.015625,0.020082559844
18046.875000,0.019720267875
18052.734375,0.020817708691
18058.593750,0.022105610988
18064.453125,0.022884986951
18070.312500,0.022222833235
18076.171875,0.022206740921
18082.031250,0.020222546568
18087.890625,0.019036230316
18093.750000,0.019722609328
18099.609375,0.017860919069
18105.468750,0.019578950805
18111.328125,0.020928072904
18117.187500,0.020832915760
18123.046875,0.020661805740
18128.906250,0.020463499022
18134.765625,0.018371706945
18140.625000,0.017515857218
18146.484375,0.019340889018
18152.343750,0.020212017491
18158.203125,0.019403357913
18164.062500,0.019567891229
18169.921875,0.019608341848
18175.781250,0.018191211058
18181.640625,0.016595780736
18187.500000,0.016819477176
18193.359375,0.017186757489
18199.218750,0.018883253436
18205.078125,0.019839346671
18210.937500,0.019130936863
18216.796875,0.018098296091
18222.656250,0.017203373442
18228.515625,0.015612638687
18234.375000,0.015937919034
18240.234375,0.016486156065
18246.093750,0.017009334698
18251.953125,0.018681029142
18257.812500,0.019453971831
18263.671875,0.017229445973
18269.531250,0.015119649372
18275.390625,0.014172382665
18281.250000,0.013701038688
18287.109375,0.014943163272
18292.968750,0.015226890491
18298.828125,0.016610897741
18304.687500,0.016062227303
18310.546875,0.014880082499
18316.406250,0.015063522992
18322.265625,0.014096921034
18328.125000,0.010701563657
18333.984375,0.010977149059
18339.843750,0.014016429844
18345.703125,0.014895767021
18351.562500,0.015173756882
18357.421875,0.014532253305
18363.281250,0.012977568556
18369.140625,0.012244439328
18375.000000,0.013501168453
18380.859375,0.013346775124
18386.718750,0.012791819361
18392.578125,0.013572736772
18398.437500,0.015267735981
18404.296875,0.012869102905
18410.156250,0.009731314193
18416.015625,0.009219385905
18421.875000,0.009229058464
18427.734375,0.009786665813
18433.593750,0.010251301046
18439.453125,0.011741530309
18445.312500,0.010956570916
18451.171875,0.007494167511
18457.031250,0.008054235642
18462.890625,0.007841360225
18468.750000,0.008562926704
18474.609375,0.009982528890
18480.468750,0.010160192596
18486.328125,0.007939216968
18492.187500,0.008066443468
18498.046875,0.009145129646
18503.906250,0.006990555683
18509.765625,0.005779742406
18515.625000,0.006830501600
18521.484375,0.007662488548
18527.343750,0.008202899484
18533.203125,0.007502512649
18539.062500,0.008587368736
18544.921875,0.008007091977
18550.781250,0.007907230184
18556.640625,0.008449057106
18562.500000,0.006532282090
18568.359375,0.008225592072
18574.218750,0.009437363666
18580.078125,0.009258112836
18585.937500,0.009063444499
18591.796875,0.007343049780
18597.656250,0.007355311123
18603.515625,0.007505091588
18609.375000,0.008930998701
18615.234375,0.008695049189
18621.093750,0.008343237751
18626.953125,0.008263279937
18632.812500,0.007567224911
18638.671875,0.006932950789
18644.531250,0.008340539628
18650.390625,0.008663779050
18656.250000,0.007831545414
18662.109375,0.008730610572
18667.968750,0.007571346588
18673.828125,0.006902198956
18679.687500,0.007478358502
18685.546875,0.006743968192
18691.406250,0.008838621055
18697.265625,0.010245302615
18703.125000,0.009367918513
18708.984375,0.007434314472
18714.843750,0.006449261535
18720.703125,0.006559523897
18726.562500,0.007107625062
18732.421875,0.007283564618
18738.281250,0.007193598246
18744.140625,0.007466820235
18750.000000,0.007965261693
18755.859375,0.007844227834
18761.718750,0.009467224687
18767.578125,0.007079043828
18773.437500,0.007590278938
18779.296875,0.006804897188
18785.156250,0.008027819728
18791.015625,0.009235684289
18796.875000,0.009129895380
18802.734375,0.008049979506
18808.593750,0.007389570620
18814.453125,0.006808147707
18820.312500,0.006160906377
18826.171875,0.007220769663
18832.031250,0.007247389191
18837.890625,0.006627562228
18843.750000,0.006820941963
18849.609375,0.006674005718
18855.468750,0.006117561877
18861.328125,0.006612836309
18867.187500,0.007978886558
18873.046875,0.009703102504
18878.906250,0.009356681698
18884.765625,0.009122154026
18890.625000,0.008482104451
18896.484375,0.008515983005
18902.343750,0.008522309106
18908.203125,0.007492734255
18914.062500,0.009095511417
18919.921875,0.008197813644
18925.781250,0.008500373071
18931.640625,0.007566570804
18937.500000,0.007113219198
18943.359375,0.006505884038
18949.218750,0.007964902234
18955.078125,0.008091181212
18960.937500,0.008274481710
18966.796875,0.009324680965
18972.656250,0.008394938554
18978.515625,0.009076342284
18984.375000,0.007794926514
18990.234375,0.007442343123
18996.093750,0.007613714192
19001.953125,0.009030070788
19007.812500,0.008558739100
19013.671875,0.008531240887
19019.531250,0.009383109443
19025.390625,0.009109517228
19031.250000,0.007639325548
19037.109375,0.008023067934
19042.968750,0.007669164295
19048.828125,0.008340467230
19054.687500,0.008803590100
19060.546875,0.008873209352
19066.406250,0.009445319031
19072.265625,0.008688099931
19078.125000,0.009822961446
19083.984375,0.010680246151
19089.843750,0.012120149097
19095.703125,0.010613195154
19101.562500,0.009027364609
19107.421875,0.010277791723
19113.281250,0.009831828324
19119.140625,0.010831446718
19125.000000,0.010205084115
19130.859375,0.009886368602
19136.718750,0.009522262385
19142.578125,0.010943500241
19148.437500,0.011727170767
19154.296875,0.011154651339
19160.156250,0.010876231222
19166.015625,0.011646070458
19171.875000,0.010152355903
19177.734375,0.010011420381
19183.593750,0.011686624839
19189.453125,0.012131156932
19195.312500,0.010428691879
19201.171875,0.009411284545
19207.031250,0.010254285218
19212.890625,0.009709519431
19218.750000,0.009460742806
19224.609375,0.009078583964
19230.468750,0.009269845296
19236.328125,0.009910032341
19242.187500,0.011820312615
19248.046875,0.010284694861
19253.906250,0.009037138030
19259.765625,0.009449132495
19265.625000,0.008913323720
19271.484375,0.008362857766
19277.343750,0.009008761729
19283.203125,0.009519831576
19289.062500,0.008757018583
19294.921875,0.008986384120
19300.781250,0.008625600828
19306.640625,0.008288268274
19312.500000,0.009044800210
19318.359375,0.008728060643
19324.218750,0.007966596568
19330.078125,0.008731752115
19335.937500,0.009500643272
19341.796875,0.009338741762
19347.656250,0.008294858575
19353.515625,0.007308099159
19359.375000,0.007223887747
19365.234375,0.007765716378
19371.093750,0.008568421398
19376.953125,0.007743272865
19382.812500,0.007325452364
19388.671875,0.008509307049
19394.531250,0.008197042267
19400.390625,0.009046726537
19406.250000,0.009575379049
19412.109375,0.008732424814
19417.968750,0.008199701060
19423.828125,0.009440971933
19429.687500,0.009433723420
19435.546875,0.007756735398
19441.406250,0.006853104553
19447.265625,0.007551817511
19453.125000,0.008036021604
19458.984375,0.007940761316
19464.843750,0.008861430335
19470.703125,0.008745378374
19476.562500,0.006838575478
19482.421875,0.008525950481
19488.281250,0.008303160402
19494.140625,0.008236536841
19500.000000,0.007321907953
19505.859375,0.005954395699
19511.718750,0.006575798459
19517.578125,0.008014538689
19523.437500,0.009090115713
19529.296875,0.007484677394
19535.156250,0.007050447382
19541.015625,0.008060913281
19546.875000,0.008464888586
19552.734375,0.007425889883
19558.593750,0.008434278021
19564.453125,0.008078103164
19570.312500,0.007407106697
19576.171875,0.008671686740
19582.031250,0.008447908211
19587.890625,0.007898392849
19593.750000,0.007252065084
19599.609375,0.008049424844
19605.468750,0.009637011069
19611.328125,0.010132972042
19617.187500,0.009542997429
19623.046875,0.008134115483
19628.906250,0.005852467036
19634.765625,0.006025254749
19640.625000,0.007924673738
19646.484375,0.008357672488
19652.343750,0.007897296139
19658.203125,0.006337458106
19664.062500,0.007847901112
19669.921875,0.008349095532
19675.781250,0.008061184077
19681.640625,0.007793699796
19687.500000,0.007984124095
19693.359375,0.007943048575
19699.218750,0.008651754564
19705.078125,0.010161050453
19710.937500,0.008914313283
19716.796875,0.007309156320
19722.656250,0.006807759244
19728.515625,0.007955527757
19734.375000,0.008642733756
19740.234375,0.011362158766
19746.093750,0.010072703982
19751.953125,0.009463376914
19757.812500,0.008059647330
19763.671875,0.008861946849
19769.531250,0.011487780513
19775.390625,0.010985166304
19781.250000,0.009612682066
19787.109375,0.007709355208
19792.968750,0.006965734892
19798.828125,0.008236662476
19804.687500,0.009089681485
19810.546875,0.009058259270
19816.406250,0.008335040882
19822.265625,0.008865963562
19828.125000,0.010546289907
19833.984375,0.010905310344
19839.843750,0.009438383549
19845.703125,0.007156178648
19851.562500,0.008306333630
19857.421875,0.009288305838
19863.281250,0.009764320743
19869.140625,0.009765898069
19875.000000,0.008649679454
19880.859375,0.009118110437
19886.718750,0.008990042079
19892.578125,0.009516400881
19898.437500,0.009366839208
19904.296875,0.009864000705
19910.156250,0.010164325422
19916.015625,0.009747015160
19921.875000,0.010137423242
19927.734375,0.010899966076
19933.593750,0.009433601444
19939.453125,0.009559685155
19945.312500,0.008887074242
19951.171875,0.010786115026
19957.031250,0.011284830972
19962.890625,0.010134570289
19968.750000,0.010572942526
19974.609375,0.010403542828
19980.468750,0.009999001486
19986.328125,0.011069990692
19992.187500,0.009677840195
19998.046875,0.010375864524
20003.906250,0.009696871818
20009.765625,0.009263431556
20015.625000,0.011478426730
20021.484375,0.012272499173
20027.343750,0.010105755635
20033.203125,0.010239345311
20039.062500,0.011297329118
20044.921875,0.011320830449
20050.781250,0.010914600373
20056.640625,0.011696303979
20062.500000,0.009372100599
20068.359375,0.009868665730
20074.218750,0.011660977528
20080.078125,0.010449773673
20085.937500,0.009131402851
20091.796875,0.009194542541
20097.656250,0.010614251753
20103.515625,0.011404790581
20109.375000,0.011508871331
20115.234375,0.010453417179
20121.093750,0.010952282912
20126.953125,0.009929965188
20132.812500,0.008380486942
20138.671875,0.009786867731
20144.531250,0.013170513423
20150.390625,0.010920589123
20156.250000,0.009343022765
20162.109375,0.010484864741
20167.968750,0.011083292906
20173.828125,0.010050668244
20179.687500,0.010505396145
20185.546875,0.010098209326
20191.406250,0.011182132101
20197.265625,0.011791184131
20203.125000,0.011325000918
20208.984375,0.009388399007
20214.843750,0.009426808389
20220.703125,0.008779204277
20226.562500,0.012903349196
20232.421875,0.012014094434
20238.281250,0.011024603043
20244.140625,0.010145514235
20250.000000,0.011678565268
20255.859375,0.012340641797
20261.718750,0.012222212778
20267.578125,0.011695907775
20273.437500,0.009385006646
20279.296875,0.009809437207
20285.156250,0.011268208263
20291.015625,0.011729969829
20296.875000,0.011713661912
20302.734375,0.011650942383
20308.593750,0.010806722801
20314.453125,0.008666963336
20320.312500,0.009893990710
20326.171875,0.010375593689
20332.031250,0.009542269274
20337.890625,0.008721385468
20343.750000,0.009509089571
20349.609375,0.011475899736
20355.468750,0.012190041604
20361.328125,0.009699966375
20367.187500,0.008349652978
20373.046875,0.008664413158
20378.906250,0.009522217155
20384.765625,0.010494541268
20390.625000,0.009742330513
20396.484375,0.009141264747
20402.343750,0.009285481962
20408.203125,0.009605958878
20414.062500,0.009462041463
20419.921875,0.010167866851
20425.781250,0.009612518791
20431.640625,0.007948151659
20437.500000,0.008308297920
20443.359375,0.008969462296
20449.218750,0.008478308831
20455.078125,0.008853674194
20460.937500,0.008565716358
20466.796875,0.007507446888
20472.656250,0.008740728568
20478.515625,0.008766324225
20484.375000,0.008754348183
20490.234375,0.007228595359
20496.093750,0.006442790126
20501.953125,0.007070582181
20507.812500,0.008671806845
20513.671875,0.009370179436
20519.531250,0.009248792836
20525.390625,0.009054503674
20531.250000,0.008522424147
20537.109375,0.006721426463
20542.968750,0.006263813379
20548.828125,0.006435746518
20554.687500,0.006638440484
20560.546875,0.007576000460
20566.406250,0.007456174764
20572.265625,0.007008493272
20578.125000,0.005875232697
20583.984375,0.004758775269
20589.843750,0.003798695693
20595.703125,0.006289723090
20601.562500,0.007776267530
20607.421875,0.007690969681
20613.281250,0.006431258111
20619.140625,0.007816910583
20625.000000,0.007653111913
20630.859375,0.008556668171
20636.718750,0.007130451983
20642.578125,0.007189761747
20648.437500,0.006461959627
20654.296875,0.006423189825
20660.156250,0.006332044280
20666.015625,0.006647916566
20671.875000,0.006573647815
20677.734375,0.004203567193
20683.593750,0.005820091685
20689.453125,0.006139843201
20695.312500,0.006844869334
20701.171875,0.006412365317
20707.031250,0.006852523088
20712.890625,0.007315623028
20718.750000,0.007278677739
20724.609375,0.006321158332
20730.468750,0.006474530952
20736.328125,0.005878243485
20742.187500,0.006587026217
20748.046875,0.007123210515
20753.906250,0.006350348078
20759.765625,0.005303807365
20765.625000,0.004558837659
20771.484375,0.004575053489
20777.343750,0.005898777668
20783.203125,0.006671138624
20789.062500,0.006631177660
20794.921875,0.005496165787
20800.781250,0.006032322138
20806.640625,0.005025615358
20812.500000,0.004090481574
20818.359375,0.005081404865
20824.218750,0.005928907276
20830.078125,0.006314296075
20835.937500,0.005591869433
20841.796875,0.005895489402
20847.656250,0.004829392977
20853.515625,0.004193278705
20859.375000,0.005437274373
20865.234375,0.006124262165
20871.093750,0.006692959904
20876.953125,0.005984459748
20882.812500,0.005593299060
20888.671875,0.004616638592
20894.531250,0.003701433949
20900.390625,0.003561740254
20906.250000,0.004939251137
20912.109375,0.004384353146
20917.968750,0.005023226510
20923.828125,0.005239301156
20929.687500,0.004812957580
20935.546875,0.005330207856
20941.406250,0.004922664857
20947.265625,0.004036957085
20953.125000,0.005288507536
20958.984375,0.004495025637
20964.843750,0.005595530450
20970.703125,0.005177739892
20976.562500,0.004653360802
20982.421875,0.004201879205
20988.281250,0.004070324270
20994.140625,0.004041664683
21000.000000,0.004829691711
21005.859375,0.005475442908
21011.718750,0.005400141176
21017.578125,0.004073012973
21023.437500,0.004243622230
21029.296875,0.005390413127
21035.156250,0.005009277262
21041.015625,0.005301880886
21046.875000,0.004892394146
21052.734375,0.005026691882
21058.593750,0.004312759125
21064.453125,0.003576167346
21070.312500,0.002728499917
21076.171875,0.004350670097
21082.031250,0.006287473229
21087.890625,0.005469352631
21093.750000,0.004409444708
21099.609375,0.004082622665
21105.468750,0.004517580820
21111.328125,0.003263893168
21117.187500,0.002235303157
21123.046875,0.003580518374
21128.906250,0.004913970119
21134.765625,0.005302328324
21140.625000,0.004405176982
21146.484375,0.003866972660
21152.343750,0.004029068812
21158.203125,0.004605663628
21164.062500,0.004621827092
21169.921875,0.003764659052
21175.781250,0.004686345385
21181.640625,0.004897822962
21187.500000,0.002347113209
21193.359375,0.003131603282
21199.218750,0.004622741643
21205.078125,0.004028741705
21210.937500,0.004807096510
21216.796875,0.005599882285
21222.656250,0.004747758301
21228.515625,0.004397109829
21234.375000,0.003748317969
21240.234375,0.003976067286
21246.093750,0.005110697966
21251.953125,0.005491441787
21257.812500,0.005403612799
21263.671875,0.004391006975
21269.531250,0.005378182607
21275.390625,0.005315395714
21281.250000,0.003732814685
21287.109375,0.004597057247
21292.968750,0.003523718020
21298.828125,0.004543110439
21304.687500,0.005385375401
21310.546875,0.005252618489
21316.406250,0.004970806025
21322.265625,0.003441991374
21328.125000,0.003996554091
21333.984375,0.004822400434
21339.843750,0.004924111616
21345.703125,0.004904540333
21351.562500,0.005145670445
21357.421875,0.005033503502
21363.281250,0.004482569409
21369.140625,0.004296026788
21375.000000,0.004418071354
21380.859375,0.004740609703
21386.718750,0.004975510890
21392.578125,0.005219110935
21398.437500,0.004692652494
21404.296875,0.004996567097
21410.156250,0.004233650225
21416.015625,0.003677991910
21421.875000,0.004365142080
21427.734375,0.005534189881
21433.593750,0.005256201680
21439.453125,0.003842386948
21445.312500,0.003900916360
21451.171875,0.003851683237
21457.031250,0.005148276273
21462.890625,0.005294352572
21468.750000,0.005109373647
21474.609375,0.005796716274
21480.468750,0.004883064935
21486.328125,0.005011675744
21492.187500,0.005543148352
21498.046875,0.005520902005
21503.906250,0.005229413140
21509.765625,0.004836042147
21515.625000,0.005556961159
21521.484375,0.006069494327
21527.343750,0.005838769920
21533.203125,0.006490342402
21539.062500,0.006121650117
21544.921875,0.005009743174
21550.781250,0.005513026566
21556.640625,0.006228785864
21562.500000,0.006277853479
21568.359375,0.005534545793
21574.218750,0.005615275700
21580.078125,0.005633071421
21585.937500,0.005565417483
21591.796875,0.005244576730
21597.656250,0.005581251784
21603.515625,0.005109984497
21609.375000,0.004971967226
21615.234375,0.006400799889
21621.093750,0.005802019568
21626.953125,0.006061105827
21632.812500,0.004779014794
21638.671875,0.006125338761
21644.531250,0.006502761899
21650.390625,0.007077044588
21656.250000,0.006687785300
21662.109375,0.005638082755
21667.968750,0.004590398188
21673.828125,0.005208322914
21679.687500,0.006096771334
21685.546875,0.006459787798
21691.406250,0.005459812100
21697.265625,0.005827635577
21703.125000,0.006832664758
21708.984375,0.006153828730
21714.843750,0.005488852092
21720.703125,0.005332109258
21726.562500,0.005539911240
21732.421875,0.004596743645
21738.281250,0.004975697386
21744.140625,0.006002254797
21750.000000,0.006455115162
21755.859375,0.005892583333
21761.718750,0.005886390932
21767.578125,0.005788201912
21773.437500,0.006404553664
21779.296875,0.006062715649
21785.156250,0.006447494608
21791.015625,0.005316328672
21796.875000,0.004343820062
21802.734375,0.004871539920
21808.593750,0.005166793158
21814.453125,0.006098323900
21820.312500,0.005624632085
21826.171875,0.005339648753
21832.031250,0.006210426583
21837.890625,0.006603751602
21843.750000,0.005406407248
21849.609375,0.004635648673
21855.468750,0.005569092489
21861.328125,0.005564512168
21867.187500,0.004583795767
21873.046875,0.005733731796
21878.906250,0.006469176521
21884.765625,0.005910017459
21890.625000,0.006277024689
21896.484375,0.006465120844
21902.343750,0.005899016596
21908.203125,0.004720404603
21914.062500,0.004038211635
21919.921875,0.004063922238
21925.781250,0.004859340320
21931.640625,0.005789942540
21937.500000,0.005875066364
21943.359375,0.005895903559
21949.218750,0.005754733422
21955.078125,0.005030267303
21960.937500,0.005391516091
21966.796875,0.005737737516
21972.656250,0.005667831863
21978.515625,0.005303245529
21984.375000,0.005118527531
21990.234375,0.003837052135
21996.093750,0.003320011410
22001.953125,0.003784103728
22007.812500,0.003769272769
22013.671875,0.005266088565
22019.531250,0.005553136016
22025.390625,0.006006316794
22031.250000,0.004905236006
22037.109375,0.004283081179
22042.968750,0.004243912152
22048.828125,0.004392494892
22054.687500,0.004509239973
22060.546875,0.005415488943
22066.406250,0.005163441048
22072.265625,0.004079545515
22078.125000,0.003796434283
22083.984375,0.004187866784
22089.843750,0.003356006767
22095.703125,0.003694297312
22101.562500,0.004725709094
22107.421875,0.004783122404
22113.281250,0.004135668571
22119.140625,0.004544745386
22125.000000,0.003592549649
22130.859375,0.003286681832
22136.718750,0.003063538454
22142.578125,0.003248647213
22148.437500,0.004635254489
22154.296875,0.004608045625
22160.156250,0.004331970284
22166.015625,0.003353092208
22171.875000,0.003310205799
22177.734375,0.003138407411
22183.593750,0.003666409913
22189.453125,0.003975040585
22195.312500,0.003871788241
22201.171875,0.004985085704
22207.031250,0.004296269845
22212.890625,0.004296896409
22218.750000,0.004394828563
22224.609375,0.004608354710
22230.468750,0.005256175594
22236.328125,0.004932003902
22242.187500,0.004733558141
22248.046875,0.004879059281
22253.906250,0.004343751468
22259.765625,0.004269268245
22265.625000,0.003950225578
22271.484375,0.004429854575
22277.343750,0.004667837086
22283.203125,0.004815900256
22289.062500,0.004478635937
22294.921875,0.003807407038
22300.781250,0.003423653019
22306.640625,0.004103208551
22312.500000,0.004281100726
22318.359375,0.004511446836
22324.218750,0.004582137107
22330.078125,0.005029405302
22335.937500,0.004335804330
22341.796875,0.004100376890
22347.656250,0.003958319299
22353.515625,0.003974636100
22359.375000,0.004000587116
22365.234375,0.003748529267
22371.093750,0.005062568720
22376.953125,0.004945753115
22382.812500,0.004889474790
22388.671875,0.004150919713
22394.531250,0.003198469255
22400.390625,0.002678843636
22406.250000,0.003492925779
22412.109375,0.003931467433
22417.968750,0.004331216591
22423.828125,0.003457833874
22429.687500,0.003313396499
22435.546875,0.003821003083
22441.406250,0.004097681570
22447.265625,0.004184334390
22453.125000,0.004197808785
22458.984375,0.003992398135
22464.843750,0.004070988253
22470.703125,0.003574078297
22476.562500,0.002245023174
22482.421875,0.003647166936
22488.281250,0.003499929841
22494.140625,0.003461995524
22500.000000,0.003383962314
22505.859375,0.003875055326
22511.718750,0.003986416324
22517.578125,0.004065757638
22523.437500,0.004616174034
22529.296875,0.004556404055
22535.156250,0.004951083510
22541.015625,0.004354311560
22546.875000,0.004420542462
22552.734375,0.004356191305
22558.593750,0.004788078238
22564.453125,0.004552793313
22570.312500,0.004270693836
22576.171875,0.004223757012
22582.031250,0.006168806322
22587.890625,0.005894273088
22593.750000,0.004814506036
22599.609375,0.003300546342
22605.468750,0.004178317285
22611.328125,0.004686083752
22617.187500,0.005017655407
22623.046875,0.005688496454
22628.906250,0.004914472143
22634.765625,0.003751020222
22640.625000,0.004777497938
22646.484375,0.004451606021
22652.343750,0.004826137694
22658.203125,0.004675756697
22664.062500,0.005127025155
22669.921875,0.004887281028
22675.781250,0.003791397891
22681.640625,0.003940708991
22687.500000,0.004844157383
22693.359375,0.005742385734
22699.218750,0.005265171386
22705.078125,0.004753396166
22710.937500,0.005263114576
22716.796875,0.004662642305
22722.656250,0.004158626169
22728.515625,0.004164757032
22734.375000,0.004461441478
22740.234375,0.005067698982
22746.093750,0.004927497903
22751.953125,0.003857647275
22757.812500,0.003086757134
22763.671875,0.004177369157
22769.531250,0.004290372066
22775.390625,0.003747725544
22781.250000,0.004210525486
22787.109375,0.004366556346
22792.968750,0.004136412543
22798.828125,0.004413137225
22804.687500,0.004288779194
22810.546875,0.006214153666
22816.406250,0.005857960985
22822.265625,0.005276749607
22828.125000,0.005516803605
22833.984375,0.005008775224
22839.843750,0.005286600538
22845.703125,0.004873466946
22851.562500,0.003989904639
22857.421875,0.004503162799
22863.281250,0.004891048295
22869.140625,0.005424447828
22875.000000,0.005365204283
22880.859375,0.004358576742
22886.718750,0.004670430893
22892.578125,0.004619916825
22898.437500,0.004966581815
22904.296875,0.005210402647
22910.156250,0.004366901000
22916.015625,0.005399744176
22921.875000,0.005020653588
22927.734375,0.004883395045
22933.593750,0.004494600783
22939.453125,0.004753549400
22945.312500,0.004859994149
22951.171875,0.003849211585
22957.031250,0.003932143997
22962.890625,0.004684764301
22968.750000,0.004313921950
22974.609375,0.004421515183
22980.468750,0.004890332899
22986.328125,0.004414855737
22992.187500,0.004129782431
22998.046875,0.003199757377
23003.906250,0.003575761449
23009.765625,0.004211038757
23015.625000,0.005126106275
23021.484375,0.004916121380
23027.343750,0.004666683731
23033.203125,0.004409165154
23039.062500,0.004053745540
23044.921875,0.003846316023
23050.781250,0.004415046004
23056.640625,0.004952455021
23062.500000,0.004045500480
23068.359375,0.003297036745
23074.218750,0.002972342671
23080.078125,0.003675353714
23085.937500,0.003666317505
23091.796875,0.004398255173
23097.656250,0.004250752419
23103.515625,0.003824423566
23109.375000,0.003632574911
23115.234375,0.004203046261
23121.093750,0.004091223111
23126.953125,0.003574880441
23132.812500,0.002848827900
23138.671875,0.002957772064
23144.531250,0.003071825679
23150.390625,0.003916081267
23156.250000,0.003390555593
23162.109375,0.003930683579
23167.968750,0.003367435013
23173.828125,0.003740220514
23179.687500,0.003259086018
23185.546875,0.001942819268
23191.406250,0.003017405814
23197.265625,0.003531342261
23203.125000,0.002986146939
23208.984375,0.003839373425
23214.843750,0.003216558833
23220.703125,0.002599036484
23226.562500,0.003589337118
23232.421875,0.003640103656
23238.281250,0.003464133359
23244.140625,0.002902060621
23250.000000,0.002243306752
23255.859375,0.002187233270
23261.718750,0.003258058216
23267.578125,0.003100425474
23273.437500,0.002776540448
23279.296875,0.003204020302
23285.156250,0.003403484617
23291.015625,0.003410773234
23296.875000,0.004616346419
23302.734375,0.003429958359
23308.593750,0.002953452318
23314.453125,0.003070225239
23320.312500,0.003334694747
23326.171875,0.003716168274
23332.031250,0.003056109209
23337.890625,0.003207128539
23343.750000,0.003735802601
23349.609375,0.002918105619
23355.468750,0.002836587826
23361.328125,0.003499120407
23367.187500,0.003811802791
23373.046875,0.003431893741
23378.906250,0.004389408951
23384.765625,0.003661703362
23390.625000,0.003628983524
23396.484375,0.003086087505
23402.343750,0.003564023808
23408.203125,0.003475428904
23414.062500,0.003714673509
23419.921875,0.003755383136
23425.781250,0.003626316955
23431.640625,0.004056933242
23437.500000,0.003597617063
23443.359375,0.003100809726
23449.218750,0.003594324315
23455.078125,0.004259770551
23460.937500,0.002947988824
23466.796875,0.003407330852
23472.656250,0.003349401828
23478.515625,0.002274551812
23484.375000,0.002509429677
23490.234375,0.004151804667
23496.093750,0.004148804557
23501.953125,0.004383837830
23507.812500,0.004902265001
23513.671875,0.004131283545
23519.531250,0.002840842937
23525.390625,0.002644412641
23531.250000,0.002756615060
23537.109375,0.003617715319
23542.968750,0.003993823196
23548.828125,0.003178397406
23554.687500,0.003213617442
23560.546875,0.003687959751
23566.406250,0.003998152669
23572.265625,0.003773466937
23578.125000,0.003845239938
23583.984375,0.003199443217
23589.843750,0.003439085428
23595.703125,0.004635626068
23601.562500,0.004816884414
23607.421875,0.004762227713
23613.281250,0.003213069323
23619.140625,0.002072331656
23625.000000,0.002235235688
23630.859375,0.002664599829
23636.718750,0.003550118373
23642.578125,0.003844050859
23648.437500,0.003273273226
23654.296875,0.003341193773
23660.156250,0.003262138299
23666.015625,0.002565991881
23671.875000,0.002897064888
23677.734375,0.003055294162
23683.593750,0.003452202657
23689.453125,0.003792580574
23695.312500,0.004224847018
23701.171875,0.002937117631
23707.031250,0.002801115965
23712.890625,0.003876973023
23718.750000,0.003456951741
23724.609375,0.003823997993
23730.468750,0.004118323552
23736.328125,0.003766762436
23742.187500,0.004025836239
23748.046875,0.004820850759
23753.906250,0.003974671887
23759.765625,0.002715418789
23765.625000,0.003263932839
23771.484375,0.004203438712
23777.343750,0.004190702744
23783.203125,0.004146989994
23789.062500,0.004163936252
23794.921875,0.002991775884
23800.781250,0.002528308813
23806.640625,0.002946286720
23812.500000,0.002888792107
23818.359375,0.003134653308
23824.218750,0.003705477719
23830.078125,0.003889107162
23835.937500,0.003702847082
23841.796875,0.004597475958
23847.656250,0.003970536677
23853.515625,0.002840609093
23859.375000,0.003689736217
23865.234375,0.002744726255
23871.093750,0.003495873029
23876.953125,0.004789945429
23882.812500,0.004097960161
23888.671875,0.003212712830
23894.531250,0.003385480438
23900.390625,0.003720604608
23906.250000,0.003509277610
23912.109375,0.003414087966
23917.968750,0.005550384516
23923.828125,0.004315148441
23929.687500,0.003512059526
23935.546875,0.003514638767
23941.406250,0.003120002028
23947.265625,0.002905726376
23953.125000,0.004710999055
23958.984375,0.003667006700
23964.843750,0.003315870364
23970.703125,0.003264757025
23976.562500,0.003751719001
23982.421875,0.004041151279
23988.281250,0.003471931486
23994.140625,0.004028956828
