source_file,260630_0019.wav
sample_rate_hz,48000
fft_size,8192
hop_size,4096
analyzed_frames,399
min_frequency_hz,20.000000
max_frequency_hz,
global_dominant_frequency_hz,23.437500
global_dominant_magnitude,17.525179690500

frequency_hz,mean_magnitude
0.000000,15.601212305162
5.859375,12.205384682612
11.718750,10.212115089240
17.578125,17.842069858191
23.437500,17.525179690500
29.296875,12.273749922245
35.156250,11.084021684906
41.015625,9.051551996437
46.875000,9.192379135817
52.734375,7.624442737436
58.593750,6.429606792103
64.453125,6.187798991575
70.312500,4.854344915822
76.171875,3.925858642700
82.031250,3.937368193825
87.890625,4.065926063619
93.750000,3.283723883311
99.609375,3.227954682165
105.468750,3.162294996939
111.328125,2.554987459747
117.187500,2.509924019653
123.046875,2.293608892833
128.906250,3.074710225897
134.765625,9.975102092250
140.625000,11.350491823558
146.484375,4.204006301566
152.343750,2.438923415542
158.203125,1.882372756349
164.062500,1.909029811721
169.921875,1.994664280626
175.781250,1.742608943599
181.640625,1.618873984152
187.500000,1.893493050834
193.359375,2.233841595604
199.218750,2.240914329391
205.078125,2.348107911276
210.937500,1.695823037644
216.796875,1.288392803815
222.656250,1.434057280951
228.515625,1.353513092096
234.375000,1.154727305036
240.234375,1.153182683770
246.093750,1.258452737534
251.953125,1.199433336900
257.812500,1.058655105931
263.671875,0.882056189661
269.531250,0.997935001350
275.390625,1.184532174029
281.250000,0.872121536243
287.109375,0.701613386964
292.968750,0.979430401565
298.828125,0.836329830584
304.687500,0.659748560600
310.546875,0.669334112180
316.406250,0.683506344092
322.265625,0.643649442463
328.125000,0.629893524620
333.984375,0.626870298444
339.843750,0.699174958171
345.703125,0.784807235897
351.562500,0.733863485348
357.421875,0.675715839854
363.281250,0.681992870509
369.140625,0.737349139737
375.000000,0.863488501848
380.859375,0.924377999684
386.718750,0.807233233765
392.578125,0.735424047232
398.437500,0.787275745003
404.296875,0.899695872951
410.156250,1.077994391517
416.015625,1.066602651892
421.875000,0.907138328841
427.734375,0.837008832393
433.593750,0.869224068383
439.453125,0.920771834584
445.312500,0.899024925701
451.171875,0.862438797006
457.031250,0.785218213092
462.890625,0.733299453592
468.750000,0.763021306209
474.609375,0.812557435794
480.468750,0.821849825142
486.328125,1.097812866690
492.187500,1.096943118897
498.046875,1.267293800540
503.906250,1.076464721395
509.765625,0.954891181734
515.625000,0.963768244054
521.484375,0.898369338642
527.343750,0.848878158396
533.203125,0.866686789380
539.062500,0.918789601605
544.921875,0.806481558497
550.781250,0.778747179440
556.640625,0.842194168988
562.500000,0.915115186266
568.359375,0.850372741183
574.218750,0.834619397081
580.078125,0.796944397463
585.937500,0.822311194925
591.796875,0.833926754138
597.656250,0.875165490875
603.515625,0.877282792901
609.375000,0.836443381803
615.234375,0.835680671980
621.093750,0.844614962926
626.953125,0.861315641168
632.812500,1.125821624326
638.671875,1.453910729748
644.531250,0.955809209837
650.390625,0.854629928585
656.250000,0.836080239380
662.109375,0.816634608877
667.968750,0.807509751001
673.828125,0.840238988204
679.687500,0.840244351330
685.546875,0.806870589096
691.406250,0.778503696484
697.265625,0.819806570174
703.125000,0.820319678016
708.984375,0.852352229820
714.843750,0.861453400804
720.703125,0.852302155073
726.562500,0.841345100437
732.421875,0.826208915656
738.281250,0.832182691570
744.140625,0.843610611024
750.000000,0.891732947670
755.859375,0.893360385240
761.718750,0.892971605744
767.578125,0.927696603808
773.437500,0.909748977129
779.296875,0.919455039738
785.156250,0.919749804421
791.015625,0.962355352236
796.875000,1.006583851403
802.734375,0.947735823491
808.593750,0.872757822221
814.453125,0.986783467455
820.312500,1.043048052035
826.171875,0.994303510552
832.031250,0.936973792702
837.890625,0.983073751329
843.750000,1.048123402652
849.609375,0.996702582386
855.468750,0.990080435568
861.328125,1.002813301344
867.187500,0.990241081816
873.046875,0.948242730274
878.906250,1.023991446378
884.765625,1.067160038711
890.625000,1.054884346713
896.484375,1.038415365791
902.343750,1.011089490304
908.203125,1.021405232525
914.062500,1.041489933089
919.921875,1.105534400585
925.781250,1.117483372919
931.640625,1.147276954897
937.500000,1.175196555377
943.359375,1.119554947656
949.218750,1.123411550746
955.078125,1.144698964888
960.937500,1.118679973632
966.796875,1.154272990355
972.656250,1.173269475536
978.515625,1.129421976606
984.375000,1.068757380854
990.234375,1.025542475727
996.093750,0.956985157078
1001.953125,0.948030715981
1007.812500,0.954394366432
1013.671875,0.889806958063
1019.531250,0.929562441761
1025.390625,0.947113120410
1031.250000,0.878952753848
1037.109375,0.842327817176
1042.968750,0.851159781879
1048.828125,0.893410303377
1054.687500,0.902306679157
1060.546875,0.872566741832
1066.406250,0.840263210065
1072.265625,0.873279321695
1078.125000,0.785457259736
1083.984375,0.788962675305
1089.843750,0.755458191789
1095.703125,0.755623958030
1101.562500,0.767680945244
1107.421875,0.775343243860
1113.281250,0.815844403440
1119.140625,0.805817705839
1125.000000,0.801956671559
1130.859375,0.835194877049
1136.718750,0.886534459709
1142.578125,0.769259439626
1148.437500,0.736200015546
1154.296875,0.727657843182
1160.156250,0.750394506207
1166.015625,0.725080210625
1171.875000,0.695742760122
1177.734375,0.699957765904
1183.593750,0.672437550082
1189.453125,0.681299780046
1195.312500,0.677522470424
1201.171875,0.669641534894
1207.031250,0.672967467249
1212.890625,0.670103116119
1218.750000,0.655146944849
1224.609375,0.636206167435
1230.468750,0.645087981278
1236.328125,0.626390180997
1242.187500,0.668443966256
1248.046875,0.690385646726
1253.906250,0.642810724557
1259.765625,0.718191166433
1265.625000,0.648752228229
1271.484375,0.561798145370
1277.343750,0.542087197495
1283.203125,0.552275823196
1289.062500,0.561452296025
1294.921875,0.597068350646
1300.781250,0.575516017356
1306.640625,0.549761742798
1312.500000,0.543698242816
1318.359375,0.544387015623
1324.218750,0.539674543105
1330.078125,0.514036559835
1335.937500,0.480811160380
1341.796875,0.457911293283
1347.656250,0.455837548783
1353.515625,0.488163229178
1359.375000,0.472721725524
1365.234375,0.506825622417
1371.093750,0.478744160915
1376.953125,0.466175013168
1382.812500,0.472723553177
1388.671875,0.456313446537
1394.531250,0.443036312539
1400.390625,0.449148574339
1406.250000,0.452943832777
1412.109375,0.450853100621
1417.968750,0.487430656780
1423.828125,0.482177462754
1429.687500,0.456958511932
1435.546875,0.463047514703
1441.406250,0.478119467167
1447.265625,0.446796837397
1453.125000,0.458512936017
1458.984375,0.483306471515
1464.843750,0.461349183972
1470.703125,0.443555973348
1476.562500,0.462624420136
1482.421875,0.469394537215
1488.281250,0.470639237812
1494.140625,0.462460249788
1500.000000,0.463969534172
1505.859375,0.444123072834
1511.718750,0.431144739506
1517.578125,0.442076975372
1523.437500,0.449159691618
1529.296875,0.455367696228
1535.156250,0.451756523483
1541.015625,0.449411880837
1546.875000,0.461524126796
1552.734375,0.472038378031
1558.593750,0.475100344820
1564.453125,0.485287583194
1570.312500,0.493292319101
1576.171875,0.469316761079
1582.031250,0.448019222110
1587.890625,0.469673187383
1593.750000,0.469730342522
1599.609375,0.454943310497
1605.468750,0.430425283914
1611.328125,0.436434188301
1617.187500,0.435835669863
1623.046875,0.436272811157
1628.906250,0.450722402858
1634.765625,0.440507118998
1640.625000,0.422695328274
1646.484375,0.429829113586
1652.343750,0.446441696980
1658.203125,0.471411544274
1664.062500,0.470647541717
1669.921875,0.473496431188
1675.781250,0.469103346410
1681.640625,0.491086087194
1687.500000,0.489254049081
1693.359375,0.516195923859
1699.218750,0.507032122875
1705.078125,0.490610898463
1710.937500,0.504322523948
1716.796875,0.498202633553
1722.656250,0.465951981276
1728.515625,0.497517970623
1734.375000,0.526889101520
1740.234375,0.510374380105
1746.093750,0.508503157310
1751.953125,0.536276522901
1757.812500,0.509660483801
1763.671875,0.518360302125
1769.531250,0.503485988474
1775.390625,0.542214242777
1781.250000,0.550080008477
1787.109375,0.545889930362
1792.968750,0.546878023506
1798.828125,0.541921616467
1804.687500,0.508608311221
1810.546875,0.512173653306
1816.406250,0.563491990165
1822.265625,0.567750179998
1828.125000,0.507690575889
1833.984375,0.497826657756
1839.843750,0.495873544922
1845.703125,0.516551914931
1851.562500,0.501204617175
1857.421875,0.515355380034
1863.281250,0.541512867913
1869.140625,0.503804444364
1875.000000,0.528570914847
1880.859375,0.562734763515
1886.718750,0.579942317702
1892.578125,0.632630780097
1898.437500,0.620785102172
1904.296875,0.609730714033
1910.156250,0.603086554030
1916.015625,0.585494643422
1921.875000,0.560129895414
1927.734375,0.559340294570
1933.593750,0.596820949228
1939.453125,0.584575015403
1945.312500,0.582914604398
1951.171875,0.558797931765
1957.031250,0.550408588422
1962.890625,0.558054910831
1968.750000,0.556558200694
1974.609375,0.555454810337
1980.468750,0.554956307059
1986.328125,0.544095716269
1992.187500,0.534110343045
1998.046875,0.564540765921
2003.906250,0.543018456322
2009.765625,0.530171446123
2015.625000,0.535695050215
2021.484375,0.550546979361
2027.343750,0.538009270919
2033.203125,0.497112776780
2039.062500,0.517368301130
2044.921875,0.512028588196
2050.781250,0.488009968973
2056.640625,0.504973561393
2062.500000,0.527423897708
2068.359375,0.495635572670
2074.218750,0.502050016779
2080.078125,0.525780802339
2085.937500,0.558348567072
2091.796875,0.555016810018
2097.656250,0.553098997023
2103.515625,0.566696718184
2109.375000,0.576219341169
2115.234375,0.586462167883
2121.093750,0.600509291226
2126.953125,0.569061495871
2132.812500,0.602800752477
2138.671875,0.603279635017
2144.531250,0.578853727832
2150.390625,0.547040999017
2156.250000,0.526919328615
2162.109375,0.534293052447
2167.968750,0.512790594296
2173.828125,0.531703971791
2179.687500,0.555487657858
2185.546875,0.542771699143
2191.406250,0.532461387086
2197.265625,0.540201767343
2203.125000,0.537457654826
2208.984375,0.530228245873
2214.843750,0.536933462151
2220.703125,0.538621055846
2226.562500,0.545552117085
2232.421875,0.568024497962
2238.281250,0.587477152573
2244.140625,0.577314536735
2250.000000,0.533075977844
2255.859375,0.515996799300
2261.718750,0.541676944151
2267.578125,0.515796044093
2273.437500,0.500145928647
2279.296875,0.506264326837
2285.156250,0.497654056422
2291.015625,0.473792373013
2296.875000,0.471001054255
2302.734375,0.475538322018
2308.593750,0.483615207350
2314.453125,0.485278985778
2320.312500,0.492846164326
2326.171875,0.500407171166
2332.031250,0.491340530000
2337.890625,0.492047513104
2343.750000,0.482280197033
2349.609375,0.494782434278
2355.468750,0.524928712930
2361.328125,0.529702822120
2367.187500,0.533117227156
2373.046875,0.503437471284
2378.906250,0.506805045245
2384.765625,0.473093447354
2390.625000,0.501265777306
2396.484375,0.497071756589
2402.343750,0.508758617611
2408.203125,0.491706736865
2414.062500,0.481254257575
2419.921875,0.471846614058
2425.781250,0.498061928269
2431.640625,0.531736310556
2437.500000,0.532607962520
2443.359375,0.496571159720
2449.218750,0.476809850641
2455.078125,0.482629453776
2460.937500,0.496429228317
2466.796875,0.471166364896
2472.656250,0.460833455478
2478.515625,0.460610145463
2484.375000,0.447083714295
2490.234375,0.432968035228
2496.093750,0.425762371375
2501.953125,0.439154289544
2507.812500,0.454574716737
2513.671875,0.457741517731
2519.531250,0.458035157765
2525.390625,0.453522690402
2531.250000,0.436152626249
2537.109375,0.437430954188
2542.968750,0.448941064583
2548.828125,0.450728350531
2554.687500,0.432385181282
2560.546875,0.421740883545
2566.406250,0.439568119928
2572.265625,0.445153518729
2578.125000,0.492429839411
2583.984375,0.482542494006
2589.843750,0.458280666301
2595.703125,0.487430360933
2601.562500,0.478235187474
2607.421875,0.478978496655
2613.281250,0.471617212761
2619.140625,0.486863402659
2625.000000,0.494913538515
2630.859375,0.469434590488
2636.718750,0.469962620042
2642.578125,0.463057004934
2648.437500,0.441942436783
2654.296875,0.435056996046
2660.156250,0.412450106495
2666.015625,0.427729534957
2671.875000,0.432157916642
2677.734375,0.422230933027
2683.593750,0.420746551911
2689.453125,0.444871599691
2695.312500,0.464702916265
2701.171875,0.457325157841
2707.031250,0.456482906512
2712.890625,0.481057304644
2718.750000,0.503613293124
2724.609375,0.493421950631
2730.468750,0.470315712556
2736.328125,0.431362518707
2742.187500,0.413214795516
2748.046875,0.395291595818
2753.906250,0.427511718556
2759.765625,0.455706425247
2765.625000,0.417002627584
2771.484375,0.413743410501
2777.343750,0.453982344684
2783.203125,0.455255636039
2789.062500,0.433118761438
2794.921875,0.450110895139
2800.781250,0.456426990736
2806.640625,0.457865956244
2812.500000,0.453169699326
2818.359375,0.455002228354
2824.218750,0.459363660323
2830.078125,0.470886006781
2835.937500,0.483739873012
2841.796875,0.456965553413
2847.656250,0.418185403759
2853.515625,0.437727687231
2859.375000,0.429450968156
2865.234375,0.419428702286
2871.093750,0.379151983003
2876.953125,0.398644036549
2882.812500,0.432471787658
2888.671875,0.444147979557
2894.531250,0.416464825051
2900.390625,0.358213891253
2906.250000,0.384704118720
2912.109375,0.404223168277
2917.968750,0.408139932630
2923.828125,0.416678009530
2929.687500,0.482168358365
2935.546875,0.506885551970
2941.406250,0.469617689013
2947.265625,0.455044068228
2953.125000,0.448462234345
2958.984375,0.459205841581
2964.843750,0.417360481895
2970.703125,0.378785989199
2976.562500,0.396647751811
2982.421875,0.387965384225
2988.281250,0.385497550523
2994.140625,0.389922921776
3000.000000,0.397047946353
3005.859375,0.407731848213
3011.718750,0.392557367980
3017.578125,0.389962737224
3023.437500,0.396791391099
3029.296875,0.408422683650
3035.156250,0.399306443880
3041.015625,0.410279416451
3046.875000,0.411778815008
3052.734375,0.406731092434
3058.593750,0.429626441496
3064.453125,0.401530817064
3070.312500,0.386616264524
3076.171875,0.365717816619
3082.031250,0.380922691749
3087.890625,0.364144876193
3093.750000,0.380248508873
3099.609375,0.382721808937
3105.468750,0.382545194098
3111.328125,0.403684041895
3117.187500,0.411737694136
3123.046875,0.402223898883
3128.906250,0.406047987806
3134.765625,0.398461130212
3140.625000,0.405977867351
3146.484375,0.404927584914
3152.343750,0.393313208010
3158.203125,0.395329567910
3164.062500,0.399022086322
3169.921875,0.381024696459
3175.781250,0.378715996515
3181.640625,0.384249050778
3187.500000,0.357181950722
3193.359375,0.348878680157
3199.218750,0.352138121012
3205.078125,0.376395906154
3210.937500,0.371495265647
3216.796875,0.371286823524
3222.656250,0.377890490749
3228.515625,0.359558618909
3234.375000,0.365342041070
3240.234375,0.371350068095
3246.093750,0.358788623125
3251.953125,0.360608309170
3257.812500,0.354815653763
3263.671875,0.342033507238
3269.531250,0.343408800042
3275.390625,0.332282337740
3281.250000,0.343399266024
3287.109375,0.350585569037
3292.968750,0.347199872519
3298.828125,0.329505175151
3304.687500,0.362832575677
3310.546875,0.365985020606
3316.406250,0.330413658421
3322.265625,0.324573005632
3328.125000,0.335754694752
3333.984375,0.330665165222
3339.843750,0.338075412358
3345.703125,0.325814361430
3351.562500,0.320484839156
3357.421875,0.314771488312
3363.281250,0.326593257339
3369.140625,0.341335922054
3375.000000,0.326812857157
3380.859375,0.346846919218
3386.718750,0.338484234824
3392.578125,0.329471709463
3398.437500,0.327495981968
3404.296875,0.306419938035
3410.156250,0.313471622853
3416.015625,0.314432838997
3421.875000,0.338599475422
3427.734375,0.338759742779
3433.593750,0.336271463725
3439.453125,0.324483427010
3445.312500,0.326111333050
3451.171875,0.352746415377
3457.031250,0.375763015486
3462.890625,0.373819930826
3468.750000,0.355733235522
3474.609375,0.361166860393
3480.468750,0.363277122919
3486.328125,0.349863490171
3492.187500,0.339178064113
3498.046875,0.328397975988
3503.906250,0.325111921336
3509.765625,0.322262866050
3515.625000,0.309539665582
3521.484375,0.332962108076
3527.343750,0.339340861940
3533.203125,0.325321073647
3539.062500,0.334899263116
3544.921875,0.328269048934
3550.781250,0.310582110533
3556.640625,0.317465257130
3562.500000,0.326992736551
3568.359375,0.323803566202
3574.218750,0.310211874795
3580.078125,0.338074108367
3585.937500,0.376060092105
3591.796875,0.385897410708
3597.656250,0.377415080714
3603.515625,0.368563305880
3609.375000,0.359159895553
3615.234375,0.395903091023
3621.093750,0.418229394598
3626.953125,0.411473087265
3632.812500,0.386572367934
3638.671875,0.380448015678
3644.531250,0.376250767021
3650.390625,0.381058548398
3656.250000,0.384899659059
3662.109375,0.386169588818
3667.968750,0.360791528046
3673.828125,0.371227940561
3679.687500,0.372009957247
3685.546875,0.407187398468
3691.406250,0.432042405973
3697.265625,0.370450490220
3703.125000,0.325948788053
3708.984375,0.337480095964
3714.843750,0.366804418803
3720.703125,0.379148571454
3726.562500,0.418063597477
3732.421875,0.450342357118
3738.281250,0.452218659834
3744.140625,0.410391357167
3750.000000,0.362398117555
3755.859375,0.347336111168
3761.718750,0.345500825090
3767.578125,0.383043362027
3773.437500,0.421244984947
3779.296875,0.410823809591
3785.156250,0.390341327756
3791.015625,0.369496902524
3796.875000,0.347422638804
3802.734375,0.357635987145
3808.593750,0.371250404154
3814.453125,0.392427257771
3820.312500,0.391648626184
3826.171875,0.388239608768
3832.031250,0.453211403180
3837.890625,0.457692892574
3843.750000,0.402494665144
3849.609375,0.350202642211
3855.468750,0.377917053681
3861.328125,0.369351807196
3867.187500,0.357674099023
3873.046875,0.352046363119
3878.906250,0.350108531376
3884.765625,0.361572473811
3890.625000,0.356822627084
3896.484375,0.341848424977
3902.343750,0.339812345061
3908.203125,0.345878741202
3914.062500,0.357505868942
3919.921875,0.343494233382
3925.781250,0.345656788938
3931.640625,0.360855948743
3937.500000,0.346891209153
3943.359375,0.370028511299
3949.218750,0.384121013525
3955.078125,0.371468600199
3960.937500,0.331072749327
3966.796875,0.349406368164
3972.656250,0.364671272057
3978.515625,0.353122555013
3984.375000,0.343625309481
3990.234375,0.345394690230
3996.093750,0.328162996929
4001.953125,0.327791230245
4007.812500,0.335125022251
4013.671875,0.381856127241
4019.531250,0.392370775333
4025.390625,0.391460626039
4031.250000,0.367225471071
4037.109375,0.355891163024
4042.968750,0.336927358408
4048.828125,0.303949534876
4054.687500,0.322844403760
4060.546875,0.354752309321
4066.406250,0.354706695172
4072.265625,0.368950048630
4078.125000,0.372415876827
4083.984375,0.369762785634
4089.843750,0.353117719329
4095.703125,0.331464650192
4101.562500,0.336767743324
4107.421875,0.347368722629
4113.281250,0.313805187632
4119.140625,0.323386815736
4125.000000,0.342391214484
4130.859375,0.360628516345
4136.718750,0.346219160112
4142.578125,0.326956873233
4148.437500,0.348329035497
4154.296875,0.339726075373
4160.156250,0.312182022579
4166.015625,0.335321414577
4171.875000,0.349602897468
4177.734375,0.351114193987
4183.593750,0.329878078677
4189.453125,0.336001363381
4195.312500,0.329635161964
4201.171875,0.336725707354
4207.031250,0.359722483009
4212.890625,0.369288926480
4218.750000,0.379954462508
4224.609375,0.363460667944
4230.468750,0.329422754415
4236.328125,0.340348875254
4242.187500,0.336424799015
4248.046875,0.311820614661
4253.906250,0.341548648070
4259.765625,0.355982821202
4265.625000,0.324104690430
4271.484375,0.331259947798
4277.343750,0.326596520713
4283.203125,0.376994052102
4289.062500,0.417474338121
4294.921875,0.404579155090
4300.781250,0.370283186988
4306.640625,0.347132617654
4312.500000,0.355102608782
4318.359375,0.357931624894
4324.218750,0.345998560561
4330.078125,0.323641717111
4335.937500,0.314662041302
4341.796875,0.293158676657
4347.656250,0.293933377953
4353.515625,0.275011705231
4359.375000,0.279132862718
4365.234375,0.295048626861
4371.093750,0.299714904712
4376.953125,0.295878763800
4382.812500,0.287270752931
4388.671875,0.266370969526
4394.531250,0.255566147376
4400.390625,0.275541594263
4406.250000,0.287051565579
4412.109375,0.338145972191
4417.968750,0.317221175379
4423.828125,0.279990450870
4429.687500,0.269268256659
4435.546875,0.279082110373
4441.406250,0.295482695455
4447.265625,0.296954233726
4453.125000,0.319617294734
4458.984375,0.308575694248
4464.843750,0.295910610209
4470.703125,0.310026886670
4476.562500,0.298559606353
4482.421875,0.271385943121
4488.281250,0.270036281206
4494.140625,0.282654878215
4500.000000,0.291424334697
4505.859375,0.324990158126
4511.718750,0.341632686999
4517.578125,0.356567546653
4523.437500,0.334058493321
4529.296875,0.315362429349
4535.156250,0.313539657921
4541.015625,0.310755419279
4546.875000,0.301028218255
4552.734375,0.295556723278
4558.593750,0.317706984446
4564.453125,0.316196899483
4570.312500,0.299528512506
4576.171875,0.298240636539
4582.031250,0.294772067132
4587.890625,0.287385085613
4593.750000,0.306371858273
4599.609375,0.287205105943
4605.468750,0.274306732121
4611.328125,0.331975653222
4617.187500,0.353543015878
4623.046875,0.316788619342
4628.906250,0.326110208124
4634.765625,0.343144728221
4640.625000,0.349320622890
4646.484375,0.373507462606
4652.343750,0.393282428544
4658.203125,0.381473936982
4664.062500,0.341427665288
4669.921875,0.300022085444
4675.781250,0.272242468096
4681.640625,0.248548862230
4687.500000,0.248267954286
4693.359375,0.251888395209
4699.218750,0.256654417821
4705.078125,0.267730972892
4710.937500,0.287108214884
4716.796875,0.289080212626
4722.656250,0.308880007632
4728.515625,0.294268831137
4734.375000,0.270833781374
4740.234375,0.257788254738
4746.093750,0.236825059237
4751.953125,0.236236559192
4757.812500,0.242589772177
4763.671875,0.236482544007
4769.531250,0.252917688794
4775.390625,0.270517557559
4781.250000,0.239908470572
4787.109375,0.242839457989
4792.968750,0.236653670984
4798.828125,0.211315959292
4804.687500,0.216045221660
4810.546875,0.219917271246
4816.406250,0.224250866685
4822.265625,0.233075988291
4828.125000,0.228293227638
4833.984375,0.233991696033
4839.843750,0.223952529849
4845.703125,0.211170684954
4851.562500,0.212853437610
4857.421875,0.238013325333
4863.281250,0.235641558081
4869.140625,0.220037509689
4875.000000,0.223243083674
4880.859375,0.236915838962
4886.718750,0.239334617463
4892.578125,0.222613218743
4898.437500,0.216433578551
4904.296875,0.213019443791
4910.156250,0.205384357295
4916.015625,0.190146045228
4921.875000,0.198318130468
4927.734375,0.211482202026
4933.593750,0.199044082112
4939.453125,0.191875157767
4945.312500,0.195143802000
4951.171875,0.194220940356
4957.031250,0.190618432287
4962.890625,0.205682997336
4968.750000,0.185230656837
4974.609375,0.191298038215
4980.468750,0.222540171502
4986.328125,0.223318566757
4992.187500,0.200478043182
4998.046875,0.193218993815
5003.906250,0.180308564256
5009.765625,0.175282885047
5015.625000,0.170331707413
5021.484375,0.153856403317
5027.343750,0.151961147165
5033.203125,0.160096279478
5039.062500,0.169528696893
5044.921875,0.175686932450
5050.781250,0.170573014668
5056.640625,0.169003687068
5062.500000,0.168647640144
5068.359375,0.161444074558
5074.218750,0.141144809150
5080.078125,0.164944642500
5085.937500,0.171179510114
5091.796875,0.169884866465
5097.656250,0.156962221302
5103.515625,0.142307995110
5109.375000,0.139039338914
5115.234375,0.142034921611
5121.093750,0.134492902080
5126.953125,0.151597694288
5132.812500,0.165472709264
5138.671875,0.153947549993
5144.531250,0.137834937339
5150.390625,0.133903576074
5156.250000,0.122570635541
5162.109375,0.114378593332
5167.968750,0.116055197619
5173.828125,0.116381121847
5179.687500,0.120703738840
5185.546875,0.117931453396
5191.406250,0.124951794830
5197.265625,0.118289138022
5203.125000,0.110881540352
5208.984375,0.115970362557
5214.843750,0.116659538373
5220.703125,0.113428348600
5226.562500,0.112031847845
5232.421875,0.111640945278
5238.281250,0.106599099888
5244.140625,0.105834519596
5250.000000,0.104650661627
5255.859375,0.103524914597
5261.718750,0.098290918225
5267.578125,0.097219472518
5273.437500,0.099439870994
5279.296875,0.109672861345
5285.156250,0.109336583653
5291.015625,0.102434636893
5296.875000,0.102579000593
5302.734375,0.108730135774
5308.593750,0.103096758422
5314.453125,0.101237371959
5320.312500,0.104524018682
5326.171875,0.118588171295
5332.031250,0.121397034582
5337.890625,0.121649344808
5343.750000,0.112694668536
5349.609375,0.100797165596
5355.468750,0.098244598900
5361.328125,0.095111440782
5367.187500,0.093279967939
5373.046875,0.094505821674
5378.906250,0.095978951161
5384.765625,0.093426421650
5390.625000,0.099247274495
5396.484375,0.099387901431
5402.343750,0.100849577720
5408.203125,0.099101057518
5414.062500,0.093801771180
5419.921875,0.101302135128
5425.781250,0.108238666114
5431.640625,0.104598500427
5437.500000,0.104012452159
5443.359375,0.109846477741
5449.218750,0.107987191208
5455.078125,0.104304225404
5460.937500,0.103492797676
5466.796875,0.104109714207
5472.656250,0.102523808058
5478.515625,0.099762982421
5484.375000,0.103419575044
5490.234375,0.106354266018
5496.093750,0.116875024153
5501.953125,0.119042719292
5507.812500,0.113925610330
5513.671875,0.113237692730
5519.531250,0.118798596405
5525.390625,0.119730969739
5531.250000,0.116937328332
5537.109375,0.107309617685
5542.968750,0.110026814988
5548.828125,0.116991811912
5554.687500,0.120146658542
5560.546875,0.116981598304
5566.406250,0.121741127470
5572.265625,0.120061447912
5578.125000,0.117863493703
5583.984375,0.115190840011
5589.843750,0.120981938916
5595.703125,0.121085030833
5601.562500,0.114214697639
5607.421875,0.114131739787
5613.281250,0.112292332528
5619.140625,0.128023043071
5625.000000,0.127814757171
5630.859375,0.120177712284
5636.718750,0.131538711229
5642.578125,0.133881385764
5648.437500,0.131166602610
5654.296875,0.141859298820
5660.156250,0.139920898968
5666.015625,0.140460781027
5671.875000,0.141387294438
5677.734375,0.141958165324
5683.593750,0.139266168784
5689.453125,0.136889512842
5695.312500,0.134875454438
5701.171875,0.134790075424
5707.031250,0.136732435353
5712.890625,0.132037883868
5718.750000,0.126570525178
5724.609375,0.125073046891
5730.468750,0.130179693038
5736.328125,0.129371822575
5742.187500,0.132594086624
5748.046875,0.132194797800
5753.906250,0.138203327236
5759.765625,0.141988059947
5765.625000,0.155603169750
5771.484375,0.165812649484
5777.343750,0.144906696241
5783.203125,0.140712052410
5789.062500,0.139032261003
5794.921875,0.128144936648
5800.781250,0.131380740214
5806.640625,0.141564985806
5812.500000,0.144007622820
5818.359375,0.148979705263
5824.218750,0.152608710818
5830.078125,0.158196398720
5835.937500,0.149854914997
5841.796875,0.143326304862
5847.656250,0.135069036656
5853.515625,0.135571308755
5859.375000,0.134620109926
5865.234375,0.151280569826
5871.093750,0.162103763777
5876.953125,0.151291674212
5882.812500,0.139700789743
5888.671875,0.139379887048
5894.531250,0.141995095386
5900.390625,0.142079201535
5906.250000,0.148461014232
5912.109375,0.160084611955
5917.968750,0.149645939569
5923.828125,0.137172362524
5929.687500,0.139245990025
5935.546875,0.133559265607
5941.406250,0.131118248328
5947.265625,0.134127313037
5953.125000,0.143928832836
5958.984375,0.138205645353
5964.843750,0.141620722669
5970.703125,0.143400578072
5976.562500,0.147229952627
5982.421875,0.148031951700
5988.281250,0.147803179312
5994.140625,0.158251115654
6000.000000,0.168441527065
6005.859375,0.167940335986
6011.718750,0.155392130178
6017.578125,0.148160926849
6023.437500,0.155227446817
6029.296875,0.150920975871
6035.156250,0.153741793279
6041.015625,0.148364464779
6046.875000,0.151166321895
6052.734375,0.158265672318
6058.593750,0.154069691251
6064.453125,0.152373177015
6070.312500,0.144561146766
6076.171875,0.160055846478
6082.031250,0.169841291057
6087.890625,0.185110691824
6093.750000,0.175067255267
6099.609375,0.163579046321
6105.468750,0.166154323772
6111.328125,0.175714502006
6117.187500,0.194150394514
6123.046875,0.186263193666
6128.906250,0.169664300605
6134.765625,0.166961508484
6140.625000,0.161587896636
6146.484375,0.166976134086
6152.343750,0.158313013408
6158.203125,0.151832027633
6164.062500,0.148012157137
6169.921875,0.154913420767
6175.781250,0.164706369746
6181.640625,0.162301563417
6187.500000,0.157768822003
6193.359375,0.177921913471
6199.218750,0.201106137824
6205.078125,0.196919138710
6210.937500,0.209366335973
6216.796875,0.211097587939
6222.656250,0.201216515143
6228.515625,0.187999171605
6234.375000,0.187528470524
6240.234375,0.173887929088
6246.093750,0.174941191166
6251.953125,0.175939571096
6257.812500,0.169544670348
6263.671875,0.169789178352
6269.531250,0.181580297437
6275.390625,0.185666851222
6281.250000,0.172928155678
6287.109375,0.155124799785
6292.968750,0.151818119757
6298.828125,0.165150879365
6304.687500,0.175497857763
6310.546875,0.178383877134
6316.406250,0.175228355322
6322.265625,0.177431467570
6328.125000,0.171915154545
6333.984375,0.170314650497
6339.843750,0.181347943309
6345.703125,0.183465800553
6351.562500,0.170965507935
6357.421875,0.177569339585
6363.281250,0.179096891052
6369.140625,0.174774965816
6375.000000,0.161007613474
6380.859375,0.160300827725
6386.718750,0.156118407122
6392.578125,0.170378320439
6398.437500,0.163029412878
6404.296875,0.155307848495
6410.156250,0.157835729743
6416.015625,0.152630623555
6421.875000,0.155037341577
6427.734375,0.178978833698
6433.593750,0.187906289453
6439.453125,0.197262824425
6445.312500,0.192640176465
6451.171875,0.183533416637
6457.031250,0.174053060340
6462.890625,0.168427905367
6468.750000,0.168829153271
6474.609375,0.180174546031
6480.468750,0.166999356383
6486.328125,0.156693904816
6492.187500,0.158719010642
6498.046875,0.151804522497
6503.906250,0.156918364099
6509.765625,0.152094105394
6515.625000,0.153750594832
6521.484375,0.163060799631
6527.343750,0.162407250273
6533.203125,0.151084204606
6539.062500,0.153722956317
6544.921875,0.151448321660
6550.781250,0.158808721378
6556.640625,0.137796624850
6562.500000,0.130149096182
6568.359375,0.140430017318
6574.218750,0.139857741285
6580.078125,0.151114441997
6585.937500,0.148056638585
6591.796875,0.137629467516
6597.656250,0.130944976508
6603.515625,0.129202499373
6609.375000,0.131178034331
6615.234375,0.127625293928
6621.093750,0.126453411381
6626.953125,0.133597673732
6632.812500,0.138295101440
6638.671875,0.136007617939
6644.531250,0.138034145108
6650.390625,0.132841867996
6656.250000,0.131191067636
6662.109375,0.135178544342
6667.968750,0.129605552933
6673.828125,0.124596684347
6679.687500,0.139217432981
6685.546875,0.130931106495
6691.406250,0.126097908756
6697.265625,0.117889918554
6703.125000,0.123890981406
6708.984375,0.123912094627
6714.843750,0.118720781763
6720.703125,0.118842325987
6726.562500,0.137361941301
6732.421875,0.135225868132
6738.281250,0.126645594382
6744.140625,0.118669511101
6750.000000,0.107136063650
6755.859375,0.113615863867
6761.718750,0.123054895995
6767.578125,0.118314037454
6773.437500,0.113819704164
6779.296875,0.115187168443
6785.156250,0.111474619652
6791.015625,0.096427966512
6796.875000,0.093615685308
6802.734375,0.095300144452
6808.593750,0.097028519026
6814.453125,0.096791529662
6820.312500,0.095494996068
6826.171875,0.099187607018
6832.031250,0.101136477972
6837.890625,0.088130217316
6843.750000,0.087991482028
6849.609375,0.085494841324
6855.468750,0.084424225790
6861.328125,0.083598117508
6867.187500,0.085979494160
6873.046875,0.087020441362
6878.906250,0.079664164105
6884.765625,0.076869798839
6890.625000,0.086052985227
6896.484375,0.089879420483
6902.343750,0.094427885636
6908.203125,0.090274612175
6914.062500,0.084195287176
6919.921875,0.085998669188
6925.781250,0.077657257567
6931.640625,0.082463554739
6937.500000,0.086400425594
6943.359375,0.079380466676
6949.218750,0.074909733037
6955.078125,0.072211512228
6960.937500,0.073427650931
6966.796875,0.070096560578
6972.656250,0.062048869771
6978.515625,0.071555557095
6984.375000,0.072811508347
6990.234375,0.065407400578
6996.093750,0.064776550125
7001.953125,0.064880946983
7007.812500,0.069054874754
7013.671875,0.075320421047
7019.531250,0.071679114865
7025.390625,0.073635100704
7031.250000,0.077032670330
7037.109375,0.075959266481
7042.968750,0.071494002270
7048.828125,0.068727281987
7054.687500,0.064406790724
7060.546875,0.061785659878
7066.406250,0.065617790097
7072.265625,0.066199839468
7078.125000,0.069071568360
7083.984375,0.071877094793
7089.843750,0.067973672412
7095.703125,0.064233944391
7101.562500,0.070109620189
7107.421875,0.071882737540
7113.281250,0.075086295381
7119.140625,0.075940333598
7125.000000,0.068619433768
7130.859375,0.073115496490
7136.718750,0.075733046213
7142.578125,0.070453129356
7148.437500,0.069114745018
7154.296875,0.073762915416
7160.156250,0.080633257292
7166.015625,0.078250952191
7171.875000,0.069437856041
7177.734375,0.064730707907
7183.593750,0.066612797521
7189.453125,0.064085995182
7195.312500,0.063807274961
7201.171875,0.063199557663
7207.031250,0.062658819605
7212.890625,0.064134462456
7218.750000,0.064272005695
7224.609375,0.060268627706
7230.468750,0.063184857384
7236.328125,0.066187511339
7242.187500,0.069515038975
7248.046875,0.066626060374
7253.906250,0.064160518131
7259.765625,0.065535277398
7265.625000,0.065863356966
7271.484375,0.066874994683
7277.343750,0.074895742317
7283.203125,0.071916178827
7289.062500,0.062982431962
7294.921875,0.058486482047
7300.781250,0.063071474134
7306.640625,0.063817388929
7312.500000,0.065616470881
7318.359375,0.064789574679
7324.218750,0.070268442858
7330.078125,0.068024441878
7335.937500,0.066522420170
7341.796875,0.063777106205
7347.656250,0.071594850074
7353.515625,0.072109808379
7359.375000,0.073865179191
7365.234375,0.072066118762
7371.093750,0.069878792247
7376.953125,0.070126920984
7382.812500,0.072449078332
7388.671875,0.075238764547
7394.531250,0.073782926734
7400.390625,0.065706485180
7406.250000,0.063915962775
7412.109375,0.061059056614
7417.968750,0.062981580789
7423.828125,0.063024290577
7429.687500,0.063706136639
7435.546875,0.060539537456
7441.406250,0.060261496399
7447.265625,0.065828352257
7453.125000,0.067171354404
7458.984375,0.065806386871
7464.843750,0.066474166429
7470.703125,0.073801181534
7476.562500,0.071861159981
7482.421875,0.063407089329
7488.281250,0.067068389774
7494.140625,0.074698039769
7500.000000,0.075049414503
7505.859375,0.071692297370
7511.718750,0.075426972174
7517.578125,0.070239805778
7523.437500,0.063935118006
7529.296875,0.058641367698
7535.156250,0.065689533641
7541.015625,0.069203269271
7546.875000,0.068515104081
7552.734375,0.069320106778
7558.593750,0.070135616650
7564.453125,0.076037355132
7570.312500,0.076121636164
7576.171875,0.069468286327
7582.031250,0.070192864999
7587.890625,0.076774880185
7593.750000,0.072047589535
7599.609375,0.069500508928
7605.468750,0.078163800506
7611.328125,0.073418082474
7617.187500,0.073095715019
7623.046875,0.074764004545
7628.906250,0.076779030576
7634.765625,0.077771559119
7640.625000,0.076387287361
7646.484375,0.072754533890
7652.343750,0.068441375471
7658.203125,0.064079884976
7664.062500,0.065435966589
7669.921875,0.069832826407
7675.781250,0.070043562965
7681.640625,0.072069167229
7687.500000,0.072385277930
7693.359375,0.065608038802
7699.218750,0.069268343485
7705.078125,0.071793007109
7710.937500,0.068082344765
7716.796875,0.066314413669
7722.656250,0.072972035544
7728.515625,0.075471564076
7734.375000,0.066922477184
7740.234375,0.064287792317
7746.093750,0.065362358314
7751.953125,0.064266109006
7757.812500,0.067837646930
7763.671875,0.070995543601
7769.531250,0.068439381058
7775.390625,0.068060767098
7781.250000,0.069577147008
7787.109375,0.067699382884
7792.968750,0.066761709487
7798.828125,0.066973174136
7804.687500,0.067147092744
7810.546875,0.068141287579
7816.406250,0.069745400386
7822.265625,0.072108131022
7828.125000,0.076596699597
7833.984375,0.077421514855
7839.843750,0.079368744805
7845.703125,0.075787481416
7851.562500,0.074529586145
7857.421875,0.074608782448
7863.281250,0.071349590288
7869.140625,0.068739202554
7875.000000,0.067533209875
7880.859375,0.070109029777
7886.718750,0.069099013915
7892.578125,0.068618973022
7898.437500,0.069188786637
7904.296875,0.066931494463
7910.156250,0.067299494163
7916.015625,0.068361199067
7921.875000,0.069367892218
7927.734375,0.070151441968
7933.593750,0.068222621941
7939.453125,0.070345217682
7945.312500,0.067978726326
7951.171875,0.068249449013
7957.031250,0.072844297632
7962.890625,0.074123004627
7968.750000,0.072106203571
7974.609375,0.068473652836
7980.468750,0.068936312755
7986.328125,0.068973110310
7992.187500,0.072928306179
7998.046875,0.078015326193
8003.906250,0.072228358262
8009.765625,0.070374664088
8015.625000,0.073896961941
8021.484375,0.073633603576
8027.343750,0.078958896003
8033.203125,0.083212802294
8039.062500,0.083595888191
8044.921875,0.081831558113
8050.781250,0.084803876344
8056.640625,0.086578222166
8062.500000,0.083145745033
8068.359375,0.078839215332
8074.218750,0.078668805097
8080.078125,0.079539881989
8085.937500,0.073061929309
8091.796875,0.068278797137
8097.656250,0.065293972972
8103.515625,0.064174379238
8109.375000,0.063643250910
8115.234375,0.066253077878
8121.093750,0.065453123695
8126.953125,0.066828435508
8132.812500,0.069221602692
8138.671875,0.069597177395
8144.531250,0.071241078699
8150.390625,0.077056135381
8156.250000,0.076580471986
8162.109375,0.074965866805
8167.968750,0.072907485880
8173.828125,0.071800140553
8179.687500,0.071235473767
8185.546875,0.073289752267
8191.406250,0.077647651215
8197.265625,0.076374692262
8203.125000,0.073544320570
8208.984375,0.072678775854
8214.843750,0.067830933989
8220.703125,0.069709041902
8226.562500,0.070130659255
8232.421875,0.070162287915
8238.281250,0.069329685233
8244.140625,0.071549450197
8250.000000,0.073695503554
8255.859375,0.073808639783
8261.718750,0.075958905665
8267.578125,0.074238857308
8273.437500,0.072290378809
8279.296875,0.071303034077
8285.156250,0.070276569969
8291.015625,0.067765715031
8296.875000,0.071827121798
8302.734375,0.070616525291
8308.593750,0.066009445361
8314.453125,0.062929437637
8320.312500,0.062181546439
8326.171875,0.068010138459
8332.031250,0.068683589259
8337.890625,0.064411337114
8343.750000,0.068057445120
8349.609375,0.067790757890
8355.468750,0.070403784729
8361.328125,0.072056140528
8367.187500,0.068344498759
8373.046875,0.069898933947
8378.906250,0.069040279761
8384.765625,0.070886825002
8390.625000,0.071584064977
8396.484375,0.067214894788
8402.343750,0.076051318097
8408.203125,0.069683344405
8414.062500,0.068431018389
8419.921875,0.066283607994
8425.781250,0.063704630429
8431.640625,0.063013314362
8437.500000,0.060083865257
8443.359375,0.061517791480
8449.218750,0.062199734385
8455.078125,0.063936564107
8460.937500,0.059730702468
8466.796875,0.059230435123
8472.656250,0.065521194613
8478.515625,0.063410130672
8484.375000,0.061234528215
8490.234375,0.063093803245
8496.093750,0.063678622935
8501.953125,0.063502321096
8507.812500,0.060372651961
8513.671875,0.057234902833
8519.531250,0.058112263936
8525.390625,0.057374791989
8531.250000,0.053759697313
8537.109375,0.053598080537
8542.968750,0.050641383119
8548.828125,0.048373844795
8554.687500,0.047380464406
8560.546875,0.045527180678
8566.406250,0.050139722728
8572.265625,0.055905327967
8578.125000,0.053458609343
8583.984375,0.054496558815
8589.843750,0.058832587589
8595.703125,0.058286744413
8601.562500,0.054024360919
8607.421875,0.048141154000
8613.281250,0.048957637227
8619.140625,0.048571955646
8625.000000,0.046486361262
8630.859375,0.046513876218
8636.718750,0.047145078766
8642.578125,0.050973476250
8648.437500,0.049476460203
8654.296875,0.047244718962
8660.156250,0.047022093718
8666.015625,0.044994150457
8671.875000,0.048224104393
8677.734375,0.051876715382
8683.593750,0.051413995710
8689.453125,0.050083104837
8695.312500,0.047252086181
8701.171875,0.046190030437
8707.031250,0.044790681729
8712.890625,0.044433663483
8718.750000,0.051137509560
8724.609375,0.049504062932
8730.468750,0.049483117464
8736.328125,0.046803766264
8742.187500,0.045962064240
8748.046875,0.047624776502
8753.906250,0.047043665012
8759.765625,0.046121483427
8765.625000,0.044823544945
8771.484375,0.048769311062
8777.343750,0.050420718369
8783.203125,0.046490496400
8789.062500,0.048785558460
8794.921875,0.048882749627
8800.781250,0.048199739831
8806.640625,0.050535998485
8812.500000,0.046747698514
8818.359375,0.042159068013
8824.218750,0.047139272346
8830.078125,0.048353676365
8835.937500,0.050326412518
8841.796875,0.050920939425
8847.656250,0.044614235734
8853.515625,0.045815595487
8859.375000,0.044730205415
8865.234375,0.044466523288
8871.093750,0.047718296243
8876.953125,0.050070525319
8882.812500,0.049484407073
8888.671875,0.049885136424
8894.531250,0.046662811249
8900.390625,0.050835849913
8906.250000,0.051626076953
8912.109375,0.051621973697
8917.968750,0.051611223979
8923.828125,0.048923098478
8929.687500,0.055422621366
8935.546875,0.056703925171
8941.406250,0.051791152107
8947.265625,0.048711693804
8953.125000,0.049601070871
8958.984375,0.047681455985
8964.843750,0.048304638636
8970.703125,0.044982494561
8976.562500,0.046071383659
8982.421875,0.044937792249
8988.281250,0.047198399244
8994.140625,0.048897316568
9000.000000,0.048052594882
9005.859375,0.045672707997
9011.718750,0.046749931169
9017.578125,0.049852730432
9023.437500,0.051621892238
9029.296875,0.051952776707
9035.156250,0.051781355516
9041.015625,0.052759235861
9046.875000,0.052394387372
9052.734375,0.053220394245
9058.593750,0.053832777646
9064.453125,0.055880020771
9070.312500,0.055510288466
9076.171875,0.054172458601
9082.031250,0.054347294076
9087.890625,0.055967379892
9093.750000,0.053455475984
9099.609375,0.053636051109
9105.468750,0.055110987074
9111.328125,0.057730614125
9117.187500,0.055225851680
9123.046875,0.051251778168
9128.906250,0.056666424027
9134.765625,0.059423927722
9140.625000,0.053713192587
9146.484375,0.054775058015
9152.343750,0.061435128698
9158.203125,0.062730020083
9164.062500,0.056097764735
9169.921875,0.053719235207
9175.781250,0.051515948340
9181.640625,0.053442520518
9187.500000,0.055368997574
9193.359375,0.054663172137
9199.218750,0.051132468506
9205.078125,0.051173911178
9210.937500,0.054635943993
9216.796875,0.056642219333
9222.656250,0.056966904660
9228.515625,0.054400670415
9234.375000,0.058546762954
9240.234375,0.059352569406
9246.093750,0.062527752919
9251.953125,0.064137412215
9257.812500,0.065655544542
9263.671875,0.064306842309
9269.531250,0.058353374085
9275.390625,0.057375285158
9281.250000,0.057419877060
9287.109375,0.058551728387
9292.968750,0.054273204875
9298.828125,0.053112063681
9304.687500,0.051076258009
9310.546875,0.053403491853
9316.406250,0.058021973958
9322.265625,0.061758817922
9328.125000,0.059813475895
9333.984375,0.060493843576
9339.843750,0.056834150461
9345.703125,0.059185142585
9351.562500,0.062840800803
9357.421875,0.060287283942
9363.281250,0.058280845310
9369.140625,0.057887578748
9375.000000,0.060984526863
9380.859375,0.061286155299
9386.718750,0.060776485839
9392.578125,0.060252522730
9398.437500,0.063106639362
9404.296875,0.061159739395
9410.156250,0.062842137797
9416.015625,0.061093351630
9421.875000,0.061500609192
9427.734375,0.060042063298
9433.593750,0.061445824841
9439.453125,0.064691883075
9445.312500,0.067233540943
9451.171875,0.068788924905
9457.031250,0.073303227732
9462.890625,0.073212019783
9468.750000,0.077892055328
9474.609375,0.073100180984
9480.468750,0.074314802096
9486.328125,0.071474495566
9492.187500,0.070246709744
9498.046875,0.071427830636
9503.906250,0.072056278487
9509.765625,0.073156424033
9515.625000,0.071324853258
9521.484375,0.067019984704
9527.343750,0.065272152061
9533.203125,0.070541237936
9539.062500,0.071268786916
9544.921875,0.070703419119
9550.781250,0.072645680405
9556.640625,0.072181050574
9562.500000,0.066658351768
9568.359375,0.064103634044
9574.218750,0.062484549450
9580.078125,0.063738945269
9585.937500,0.063662718355
9591.796875,0.065104537860
9597.656250,0.070648465925
9603.515625,0.070469472042
9609.375000,0.069169790979
9615.234375,0.069488121722
9621.093750,0.068346860846
9626.953125,0.071033867358
9632.812500,0.072417457151
9638.671875,0.071923951713
9644.531250,0.073708729311
9650.390625,0.071501838206
9656.250000,0.071658635279
9662.109375,0.068835531303
9667.968750,0.071207187119
9673.828125,0.071318578038
9679.687500,0.072400895465
9685.546875,0.082106725880
9691.406250,0.086254953035
9697.265625,0.083433463094
9703.125000,0.087919678682
9708.984375,0.079738333575
9714.843750,0.075460052587
9720.703125,0.078321905550
9726.562500,0.078973714784
9732.421875,0.075474293186
9738.281250,0.080404440698
9744.140625,0.076150340667
9750.000000,0.073629644754
9755.859375,0.068621775208
9761.718750,0.065032223669
9767.578125,0.070515416436
9773.437500,0.073666170098
9779.296875,0.072201500360
9785.156250,0.078154470260
9791.015625,0.080721034460
9796.875000,0.082744235434
9802.734375,0.079692339254
9808.593750,0.082820997472
9814.453125,0.079487082950
9820.312500,0.083274142754
9826.171875,0.081052027209
9832.031250,0.080690132709
9837.890625,0.087273409826
9843.750000,0.086816793589
9849.609375,0.077275259600
9855.468750,0.075017502978
9861.328125,0.077676478870
9867.187500,0.075282470873
9873.046875,0.074281815838
9878.906250,0.078685816051
9884.765625,0.077953861271
9890.625000,0.074390171212
9896.484375,0.079896553113
9902.343750,0.077449080241
9908.203125,0.078475653591
9914.062500,0.080426724342
9919.921875,0.073277117972
9925.781250,0.078910492247
9931.640625,0.084520224578
9937.500000,0.081209780047
9943.359375,0.079630220794
9949.218750,0.084996776550
9955.078125,0.087501110855
9960.937500,0.093940372302
9966.796875,0.090424837166
9972.656250,0.083921486426
9978.515625,0.085645041497
9984.375000,0.078572696884
9990.234375,0.079664557383
9996.093750,0.079152566522
10001.953125,0.076661781157
10007.812500,0.071345077159
10013.671875,0.074152169170
10019.531250,0.078022357174
10025.390625,0.073546599064
10031.250000,0.076784950511
10037.109375,0.080332212646
10042.968750,0.080990706796
10048.828125,0.075776983437
10054.687500,0.079302997792
10060.546875,0.080260496570
10066.406250,0.082883478991
10072.265625,0.081547551753
10078.125000,0.085927756576
10083.984375,0.079233578828
10089.843750,0.075722992088
10095.703125,0.075333093252
10101.562500,0.071792861116
10107.421875,0.072317684298
10113.281250,0.076135344368
10119.140625,0.076711028571
10125.000000,0.078618889773
10130.859375,0.078910620554
10136.718750,0.086577697687
10142.578125,0.097533713871
10148.437500,0.095223886903
10154.296875,0.089012350119
10160.156250,0.076858840719
10166.015625,0.082942034813
10171.875000,0.085724357568
10177.734375,0.086557085429
10183.593750,0.092148437906
10189.453125,0.094676984792
10195.312500,0.089002126682
10201.171875,0.083099602273
10207.031250,0.090357481461
10212.890625,0.088262845449
10218.750000,0.081915901467
10224.609375,0.076528703022
10230.468750,0.078992035289
10236.328125,0.078556351895
10242.187500,0.078009292740
10248.046875,0.081846996412
10253.906250,0.082816295799
10259.765625,0.086588276071
10265.625000,0.084023413338
10271.484375,0.094923574077
10277.343750,0.097402065212
10283.203125,0.099999864119
10289.062500,0.100653990155
10294.921875,0.092574363175
10300.781250,0.095027535753
10306.640625,0.089026896449
10312.500000,0.085070102172
10318.359375,0.085243847176
10324.218750,0.083357897429
10330.078125,0.089708398492
10335.937500,0.084454871592
10341.796875,0.088515581531
10347.656250,0.090313436154
10353.515625,0.085902248532
10359.375000,0.089175374130
10365.234375,0.095144787545
10371.093750,0.094769817521
10376.953125,0.098320120957
10382.812500,0.090273974151
10388.671875,0.092507858442
10394.531250,0.096936995311
10400.390625,0.095000944785
10406.250000,0.095388638313
10412.109375,0.092474386508
10417.968750,0.085588075287
10423.828125,0.084288010303
10429.687500,0.088935548208
10435.546875,0.089327171077
10441.406250,0.091028845238
10447.265625,0.091027317178
10453.125000,0.086721737075
10458.984375,0.083183918030
10464.843750,0.084639188773
10470.703125,0.091998606830
10476.562500,0.095663498774
10482.421875,0.096533945669
10488.281250,0.099329177563
10494.140625,0.098646436375
10500.000000,0.096804603920
10505.859375,0.089533367401
10511.718750,0.087646617228
10517.578125,0.092859030481
10523.437500,0.101297129312
10529.296875,0.101448655206
10535.156250,0.088920437685
10541.015625,0.081076575416
10546.875000,0.082268715938
10552.734375,0.085516555501
10558.593750,0.089617908207
10564.453125,0.088268631179
10570.312500,0.089039461419
10576.171875,0.091234584063
10582.031250,0.094843215670
10587.890625,0.103061027418
10593.750000,0.100264840235
10599.609375,0.092217224766
10605.468750,0.092946733758
10611.328125,0.097935040939
10617.187500,0.105782409587
10623.046875,0.106429000756
10628.906250,0.100238250009
10634.765625,0.085682779575
10640.625000,0.093059181006
10646.484375,0.093942599633
10652.343750,0.089517448587
10658.203125,0.088045946145
10664.062500,0.086331798834
10669.921875,0.096322038072
10675.781250,0.093287959861
10681.640625,0.085172890522
10687.500000,0.086733002700
10693.359375,0.091168646708
10699.218750,0.089717708823
10705.078125,0.080290268071
10710.937500,0.079578894342
10716.796875,0.084522442774
10722.656250,0.091464114092
10728.515625,0.088841864962
10734.375000,0.094040688202
10740.234375,0.089908448187
10746.093750,0.094375165916
10751.953125,0.096810997471
10757.812500,0.091852827366
10763.671875,0.089645007980
10769.531250,0.090498438772
10775.390625,0.089793530748
10781.250000,0.090785056834
10787.109375,0.090551172544
10792.968750,0.089362639350
10798.828125,0.085783346024
10804.687500,0.089738875282
10810.546875,0.093017637893
10816.406250,0.096301394295
10822.265625,0.093091093990
10828.125000,0.089696952973
10833.984375,0.091357833513
10839.843750,0.093344458813
10845.703125,0.096372794589
10851.562500,0.105357464368
10857.421875,0.097721549181
10863.281250,0.098207682213
10869.140625,0.091875243891
10875.000000,0.100358742477
10880.859375,0.107616587950
10886.718750,0.095000292943
10892.578125,0.095796582014
10898.437500,0.102692332148
10904.296875,0.093338038905
10910.156250,0.086096588350
10916.015625,0.090537649305
10921.875000,0.088873176889
10927.734375,0.090987866373
10933.593750,0.094417725982
10939.453125,0.101233862162
10945.312500,0.098700298479
10951.171875,0.097239637809
10957.031250,0.098520423742
10962.890625,0.100724497569
10968.750000,0.098229980697
10974.609375,0.098819795333
10980.468750,0.094452260028
10986.328125,0.100698395678
10992.187500,0.101737320621
10998.046875,0.101267582970
11003.906250,0.100712677584
11009.765625,0.098633893359
11015.625000,0.100034617519
11021.484375,0.098175341953
11027.343750,0.098748953494
11033.203125,0.099071634959
11039.062500,0.095867058773
11044.921875,0.101243687549
11050.781250,0.107765240739
11056.640625,0.107295667313
11062.500000,0.110250279298
11068.359375,0.114974986159
11074.218750,0.109348486403
11080.078125,0.109661190568
11085.937500,0.102322476461
11091.796875,0.097774882625
11097.656250,0.091560654979
11103.515625,0.091092380470
11109.375000,0.097872848720
11115.234375,0.106375082029
11121.093750,0.109450245856
11126.953125,0.107514721364
11132.812500,0.110716798503
11138.671875,0.107309845465
11144.531250,0.096953298251
11150.390625,0.096284629173
11156.250000,0.092796961382
11162.109375,0.094340767561
11167.968750,0.094759248852
11173.828125,0.088782295356
11179.687500,0.090212337931
11185.546875,0.092441467288
11191.406250,0.089722565074
11197.265625,0.082233508855
11203.125000,0.084965365145
11208.984375,0.092103652076
11214.843750,0.093214746963
11220.703125,0.088980147860
11226.562500,0.086017003411
11232.421875,0.082754063553
11238.281250,0.086610033231
11244.140625,0.095632490085
11250.000000,0.090599591809
11255.859375,0.080408952061
11261.718750,0.079796311476
11267.578125,0.083778928975
11273.437500,0.081968126787
11279.296875,0.079784067301
11285.156250,0.079337038431
11291.015625,0.078770205256
11296.875000,0.084983971274
11302.734375,0.084665619562
11308.593750,0.084535809220
11314.453125,0.084092545775
11320.312500,0.084679260977
11326.171875,0.089842261177
11332.031250,0.086185569651
11337.890625,0.081184519651
11343.750000,0.077774717920
11349.609375,0.076720347819
11355.468750,0.077727594496
11361.328125,0.072032925975
11367.187500,0.068072578830
11373.046875,0.067660338854
11378.906250,0.073392374059
11384.765625,0.075084458141
11390.625000,0.073797372121
11396.484375,0.071665516939
11402.343750,0.071528602100
11408.203125,0.074595422079
11414.062500,0.074687138378
11419.921875,0.072042071662
11425.781250,0.071365906513
11431.640625,0.072287865128
11437.500000,0.073972720109
11443.359375,0.071498617080
11449.218750,0.068407226140
11455.078125,0.069974586106
11460.937500,0.067253976696
11466.796875,0.065333325448
11472.656250,0.064437205404
11478.515625,0.070820276039
11484.375000,0.070662773171
11490.234375,0.071161995690
11496.093750,0.069079868393
11501.953125,0.065380018760
11507.812500,0.064430853579
11513.671875,0.070279585416
11519.531250,0.071498550868
11525.390625,0.070484194410
11531.250000,0.071173378815
11537.109375,0.067574783194
11542.968750,0.065634423474
11548.828125,0.065970546510
11554.687500,0.066319200144
11560.546875,0.065791630730
11566.406250,0.063771066399
11572.265625,0.065428201301
11578.125000,0.063081298750
11583.984375,0.063098903482
11589.843750,0.067418661144
11595.703125,0.067022995692
11601.562500,0.069049910272
11607.421875,0.065159210694
11613.281250,0.063218577724
11619.140625,0.063062424861
11625.000000,0.064181001074
11630.859375,0.065740104385
11636.718750,0.058838081389
11642.578125,0.056329271527
11648.437500,0.057427266103
11654.296875,0.057225013196
11660.156250,0.061273501473
11666.015625,0.058534309808
11671.875000,0.058441314512
11677.734375,0.059094176244
11683.593750,0.055709358659
11689.453125,0.053558902895
11695.312500,0.055441810265
11701.171875,0.056531675821
11707.031250,0.054768639722
11712.890625,0.056391435100
11718.750000,0.057230273579
11724.609375,0.057754148853
11730.468750,0.057765332715
11736.328125,0.055061728488
11742.187500,0.061381154525
11748.046875,0.059629904347
11753.906250,0.055117030218
11759.765625,0.053201706470
11765.625000,0.056430191647
11771.484375,0.057552501160
11777.343750,0.057462906018
11783.203125,0.056691612236
11789.062500,0.054521430366
11794.921875,0.052240881603
11800.781250,0.051247123392
11806.640625,0.052685692786
11812.500000,0.049664360501
11818.359375,0.052058301713
11824.218750,0.053117289419
11830.078125,0.051901732978
11835.937500,0.057450114899
11841.796875,0.055216253627
11847.656250,0.050861930943
11853.515625,0.052359384034
11859.375000,0.051842233789
11865.234375,0.049663060361
11871.093750,0.051559803713
11876.953125,0.054784283751
11882.812500,0.054824916089
11888.671875,0.052936769368
11894.531250,0.053270127686
11900.390625,0.055316480038
11906.250000,0.052466905750
11912.109375,0.051079179779
11917.968750,0.049392899772
11923.828125,0.049565120944
11929.687500,0.050482964403
11935.546875,0.054400256832
11941.406250,0.059142858596
11947.265625,0.055478519992
11953.125000,0.054432955914
11958.984375,0.053706480835
11964.843750,0.052711630741
11970.703125,0.051203894377
11976.562500,0.053884855852
11982.421875,0.055943267852
11988.281250,0.055494169088
11994.140625,0.063539189897
12000.000000,0.080661138922
12005.859375,0.058810222661
12011.718750,0.050829211098
12017.578125,0.053723190163
12023.437500,0.052885823485
12029.296875,0.052400915357
12035.156250,0.051996705024
12041.015625,0.051918383628
12046.875000,0.050432931026
12052.734375,0.048462227651
12058.593750,0.049331654971
12064.453125,0.050411695142
12070.312500,0.053095069276
12076.171875,0.052866855301
12082.031250,0.046980129259
12087.890625,0.050623350127
12093.750000,0.054120889793
12099.609375,0.056252966191
12105.468750,0.054942870343
12111.328125,0.051281608057
12117.187500,0.050143026035
12123.046875,0.050993090206
12128.906250,0.052479991938
12134.765625,0.052130387859
12140.625000,0.049154141819
12146.484375,0.050511340828
12152.343750,0.049732124189
12158.203125,0.050680024451
12164.062500,0.050598163178
12169.921875,0.049258772768
12175.781250,0.048435904050
12181.640625,0.048168749032
12187.500000,0.050867689191
12193.359375,0.051218378892
12199.218750,0.049979755803
12205.078125,0.049552922223
12210.937500,0.052288086158
12216.796875,0.052348476798
12222.656250,0.050356013911
12228.515625,0.047384909725
12234.375000,0.045643944156
12240.234375,0.043037915410
12246.093750,0.045644282180
12251.953125,0.046790012075
12257.812500,0.046090291536
12263.671875,0.042367446769
12269.531250,0.043113618569
12275.390625,0.044212639623
12281.250000,0.045814096679
12287.109375,0.048756903492
12292.968750,0.054603631372
12298.828125,0.050828604284
12304.687500,0.047248333293
12310.546875,0.048360806958
12316.406250,0.045784843560
12322.265625,0.043168945127
12328.125000,0.042564613181
12333.984375,0.044301416274
12339.843750,0.044056082249
12345.703125,0.040853795914
12351.562500,0.041458691621
12357.421875,0.042936115449
12363.281250,0.043137264771
12369.140625,0.042028573671
12375.000000,0.039667533110
12380.859375,0.040095994462
12386.718750,0.041611539998
12392.578125,0.046684775775
12398.437500,0.046308220795
12404.296875,0.043587048447
12410.156250,0.045189806237
12416.015625,0.048825390331
12421.875000,0.045372998641
12427.734375,0.044376458450
12433.593750,0.046323422367
12439.453125,0.045461737335
12445.312500,0.045689808400
12451.171875,0.042020690469
12457.031250,0.041588238438
12462.890625,0.039884573792
12468.750000,0.041573883488
12474.609375,0.041281017671
12480.468750,0.039185098748
12486.328125,0.042064915343
12492.187500,0.042793002212
12498.046875,0.041412080581
12503.906250,0.043756651006
12509.765625,0.044499088989
12515.625000,0.043861608843
12521.484375,0.044760413077
12527.343750,0.042899192791
12533.203125,0.042540982608
12539.062500,0.040635261602
12544.921875,0.041771941101
12550.781250,0.043960721871
12556.640625,0.042714763738
12562.500000,0.043030084507
12568.359375,0.042708353395
12574.218750,0.042775334971
12580.078125,0.041445099221
12585.937500,0.042918565875
12591.796875,0.042214609103
12597.656250,0.040587539018
12603.515625,0.039363226640
12609.375000,0.040337181162
12615.234375,0.042144564613
12621.093750,0.042875175513
12626.953125,0.042993533555
12632.812500,0.044686363403
12638.671875,0.045272616816
12644.531250,0.041253375702
12650.390625,0.042392859747
12656.250000,0.042610666891
12662.109375,0.043761559411
12667.968750,0.043290825962
12673.828125,0.039808823188
12679.687500,0.042736700155
12685.546875,0.046343517275
12691.406250,0.043866376018
12697.265625,0.043911480481
12703.125000,0.044319569694
12708.984375,0.045055891556
12714.843750,0.044352581924
12720.703125,0.043426443290
12726.562500,0.044160508815
12732.421875,0.046003143143
12738.281250,0.044075046403
12744.140625,0.042584147314
12750.000000,0.042522534339
12755.859375,0.043337773305
12761.718750,0.043297271678
12767.578125,0.046121879861
12773.437500,0.048029166595
12779.296875,0.048578252342
12785.156250,0.047669825896
12791.015625,0.047419080241
12796.875000,0.047798221874
12802.734375,0.048340439435
12808.593750,0.044156361525
12814.453125,0.043888625088
12820.312500,0.042888814825
12826.171875,0.041426661981
12832.031250,0.041000669036
12837.890625,0.041526965988
12843.750000,0.040633915226
12849.609375,0.044312184750
12855.468750,0.045042926148
12861.328125,0.045625245332
12867.187500,0.045104326686
12873.046875,0.044823183635
12878.906250,0.046911413346
12884.765625,0.047754070335
12890.625000,0.045478287101
12896.484375,0.042044245085
12902.343750,0.043163333524
12908.203125,0.044588140087
12914.062500,0.045081574667
12919.921875,0.043906973007
12925.781250,0.043813412455
12931.640625,0.041128172808
12937.500000,0.040796454694
12943.359375,0.044509640563
12949.218750,0.044925942835
12955.078125,0.045724319696
12960.937500,0.045924025424
12966.796875,0.046706385253
12972.656250,0.047111043565
12978.515625,0.044592870327
12984.375000,0.044493131768
12990.234375,0.043757886905
12996.093750,0.043271186455
13001.953125,0.044020391896
13007.812500,0.041885501901
13013.671875,0.041502287037
13019.531250,0.039372882138
13025.390625,0.038042282632
13031.250000,0.037765838051
13037.109375,0.037646500382
13042.968750,0.038456012864
13048.828125,0.037436430731
13054.687500,0.038319839106
13060.546875,0.040822907583
13066.406250,0.040997377894
13072.265625,0.041218235545
13078.125000,0.040955872876
13083.984375,0.038930321474
13089.843750,0.037694330111
13095.703125,0.037298302251
13101.562500,0.036503523552
13107.421875,0.035699745950
13113.281250,0.037043844998
13119.140625,0.035718405906
13125.000000,0.035304027227
13130.859375,0.033352091897
13136.718750,0.032721802204
13142.578125,0.035269204942
13148.437500,0.037969375895
13154.296875,0.038716169283
13160.156250,0.038935043120
13166.015625,0.040056264974
13171.875000,0.038730324321
13177.734375,0.039115653069
13183.593750,0.039066435018
13189.453125,0.037273001326
13195.312500,0.037410084365
13201.171875,0.035653950004
13207.031250,0.035003828796
13212.890625,0.032887317949
13218.750000,0.031598823997
13224.609375,0.032555782535
13230.468750,0.033389887877
13236.328125,0.035090477728
13242.187500,0.035995589765
13248.046875,0.035228415762
13253.906250,0.033516058244
13259.765625,0.034998323000
13265.625000,0.036680360246
13271.484375,0.034741415376
13277.343750,0.033170181731
13283.203125,0.033149447726
13289.062500,0.034207907335
13294.921875,0.033681694169
13300.781250,0.031724060091
13306.640625,0.030083787934
13312.500000,0.029242438083
13318.359375,0.029401314673
13324.218750,0.030081108809
13330.078125,0.031347349955
13335.937500,0.033701504665
13341.796875,0.034001827587
13347.656250,0.034593117318
13353.515625,0.035362798677
13359.375000,0.035644286710
13365.234375,0.035030838565
13371.093750,0.033774200252
13376.953125,0.032903595851
13382.812500,0.031841190489
13388.671875,0.031132604376
13394.531250,0.031249666766
13400.390625,0.030722169232
13406.250000,0.029379899187
13412.109375,0.029167780045
13417.968750,0.030754768362
13423.828125,0.032090574831
13429.687500,0.033507507006
13435.546875,0.034120703472
13441.406250,0.034540083386
13447.265625,0.034733981840
13453.125000,0.033540399043
13458.984375,0.033975364988
13464.843750,0.033244944102
13470.703125,0.032552254024
13476.562500,0.032102701739
13482.421875,0.030453377229
13488.281250,0.030340587393
13494.140625,0.028577338026
13500.000000,0.028311706656
13505.859375,0.027640490025
13511.718750,0.027481693968
13517.578125,0.026764375469
13523.437500,0.027225150372
13529.296875,0.028621386405
13535.156250,0.028133213523
13541.015625,0.028606288962
13546.875000,0.028677826856
13552.734375,0.029495353430
13558.593750,0.030334217664
13564.453125,0.029182648559
13570.312500,0.029779522788
13576.171875,0.028859924450
13582.031250,0.026729552882
13587.890625,0.026940325141
13593.750000,0.025936026114
13599.609375,0.025579013721
13605.468750,0.025032939291
13611.328125,0.025515052663
13617.187500,0.024981070421
13623.046875,0.024063625357
13628.906250,0.023868902767
13634.765625,0.024838329862
13640.625000,0.025739301337
13646.484375,0.026543118549
13652.343750,0.026972134499
13658.203125,0.027193993258
13664.062500,0.025234177368
13669.921875,0.024422184772
13675.781250,0.025389589506
13681.640625,0.026253456469
13687.500000,0.026309290221
13693.359375,0.025649007727
13699.218750,0.024446320216
13705.078125,0.023512322390
13710.937500,0.023187696549
13716.796875,0.024674168777
13722.656250,0.026166704830
13728.515625,0.026942729520
13734.375000,0.027616117897
13740.234375,0.028292698433
13746.093750,0.027931167116
13751.953125,0.026375505780
13757.812500,0.025599840387
13763.671875,0.025172840602
13769.531250,0.024478248802
13775.390625,0.024454408853
13781.250000,0.024582007237
13787.109375,0.025077729066
13792.968750,0.024090122296
13798.828125,0.024914946368
13804.687500,0.025175045295
13810.546875,0.024980134235
13816.406250,0.025714321011
13822.265625,0.025811544563
13828.125000,0.024375589877
13833.984375,0.024008611966
13839.843750,0.024572780716
13845.703125,0.025567584355
13851.562500,0.024300503625
13857.421875,0.024332212833
13863.281250,0.023765717906
13869.140625,0.024168960616
13875.000000,0.023047439587
13880.859375,0.021952738040
13886.718750,0.022424562136
13892.578125,0.022501873287
13898.437500,0.023245264907
13904.296875,0.025235444491
13910.156250,0.026735899484
13916.015625,0.028708858323
13921.875000,0.025912598624
13927.734375,0.023580780294
13933.593750,0.024095447195
13939.453125,0.025172689435
13945.312500,0.027089775564
13951.171875,0.028107831287
13957.031250,0.029065039700
13962.890625,0.028691583256
13968.750000,0.026595058511
13974.609375,0.026368034621
13980.468750,0.026199005326
13986.328125,0.027247860531
13992.187500,0.026824942429
13998.046875,0.026838537511
14003.906250,0.025940575335
14009.765625,0.025941051418
14015.625000,0.026197084802
14021.484375,0.026309096211
14027.343750,0.027684778342
14033.203125,0.027666542078
14039.062500,0.027486452931
14044.921875,0.026449487701
14050.781250,0.026103104079
14056.640625,0.026483143374
14062.500000,0.026507979666
14068.359375,0.026071220364
14074.218750,0.024678481696
14080.078125,0.026061865728
14085.937500,0.026205393516
14091.796875,0.025207666547
14097.656250,0.026381755620
14103.515625,0.027267015120
14109.375000,0.027937504697
14115.234375,0.027900774231
14121.093750,0.027476898852
14126.953125,0.027357339626
14132.812500,0.028025956726
14138.671875,0.027396077992
14144.531250,0.025303296844
14150.390625,0.025664533007
14156.250000,0.024576512772
14162.109375,0.024245864899
14167.968750,0.025084533751
14173.828125,0.024270211243
14179.687500,0.023810328864
14185.546875,0.023239604746
14191.406250,0.023760020771
14197.265625,0.023991774069
14203.125000,0.024112726122
14208.984375,0.024564275292
14214.843750,0.024760458250
14220.703125,0.023495421768
14226.562500,0.023041389581
14232.421875,0.021273508284
14238.281250,0.022747946849
14244.140625,0.024379016155
14250.000000,0.024490232762
14255.859375,0.023612599421
14261.718750,0.023278290180
14267.578125,0.024125296528
14273.437500,0.024546964808
14279.296875,0.024510405841
14285.156250,0.023854306405
14291.015625,0.023796112777
14296.875000,0.024743994565
14302.734375,0.026045861514
14308.593750,0.024954719256
14314.453125,0.024596954445
14320.312500,0.022919647159
14326.171875,0.023547773471
14332.031250,0.023880938871
14337.890625,0.022403027642
14343.750000,0.023820766343
14349.609375,0.024967279323
14355.468750,0.024222470841
14361.328125,0.026614873602
14367.187500,0.026173768045
14373.046875,0.027004601254
14378.906250,0.026730967133
14384.765625,0.025655502808
14390.625000,0.025593994537
14396.484375,0.025685427270
14402.343750,0.025518149790
14408.203125,0.026485564860
14414.062500,0.025367972496
14419.921875,0.024156884089
14425.781250,0.023605694498
14431.640625,0.021647437945
14437.500000,0.020834697368
14443.359375,0.021743747322
14449.218750,0.023544286162
14455.078125,0.024393018743
14460.937500,0.023690274732
14466.796875,0.023089175653
14472.656250,0.022190857750
14478.515625,0.022419873720
14484.375000,0.023856675049
14490.234375,0.023439901345
14496.093750,0.023121414386
14501.953125,0.024367242316
14507.812500,0.024810307146
14513.671875,0.026157532242
14519.531250,0.026210882632
14525.390625,0.027848223200
14531.250000,0.027660824009
14537.109375,0.026846947784
14542.968750,0.026497901564
14548.828125,0.027605912108
14554.687500,0.026620616566
14560.546875,0.025943321493
14566.406250,0.025661352373
14572.265625,0.025755606979
14578.125000,0.025372404300
14583.984375,0.025880703863
14589.843750,0.025792476185
14595.703125,0.024867772359
14601.562500,0.025065857654
14607.421875,0.024067514209
14613.281250,0.025872062008
14619.140625,0.027344734320
14625.000000,0.027602083890
14630.859375,0.027430161351
14636.718750,0.026671879884
14642.578125,0.026119528376
14648.437500,0.027114338018
14654.296875,0.028629577148
14660.156250,0.030722521962
14666.015625,0.030909938006
14671.875000,0.031711949947
14677.734375,0.031823701369
14683.593750,0.029884374059
14689.453125,0.029513971061
14695.312500,0.030652870376
14701.171875,0.034015351104
14707.031250,0.037203704149
14712.890625,0.038271483159
14718.750000,0.035311018398
14724.609375,0.035802158048
14730.468750,0.038074190028
14736.328125,0.038043793501
14742.187500,0.037403154348
14748.046875,0.034677185100
14753.906250,0.033263907068
14759.765625,0.034256947350
14765.625000,0.034314662294
14771.484375,0.034770153389
14777.343750,0.033196262324
14783.203125,0.032363082049
14789.062500,0.033511787807
14794.921875,0.031281159309
14800.781250,0.030165636539
14806.640625,0.028467752346
14812.500000,0.028104951628
14818.359375,0.026623809568
14824.218750,0.025280662194
14830.078125,0.026305983027
14835.937500,0.025136109911
14841.796875,0.023812971047
14847.656250,0.025135536200
14853.515625,0.025073811085
14859.375000,0.024121857988
14865.234375,0.022421348121
14871.093750,0.021768921856
14876.953125,0.021085651001
14882.812500,0.020286743809
14888.671875,0.021435093704
14894.531250,0.021458699796
14900.390625,0.022548273600
14906.250000,0.022919026875
14912.109375,0.022241999392
14917.968750,0.022117196774
14923.828125,0.022770452341
14929.687500,0.021922282543
14935.546875,0.022132684861
14941.406250,0.021170915390
14947.265625,0.020476210114
14953.125000,0.020255102548
14958.984375,0.020356806160
14964.843750,0.020098616934
14970.703125,0.020450954610
14976.562500,0.019848638192
14982.421875,0.019029572911
14988.281250,0.019464068340
14994.140625,0.020490968978
15000.000000,0.020514330841
15005.859375,0.020703571663
15011.718750,0.019939127633
15017.578125,0.019821668226
15023.437500,0.018642586849
15029.296875,0.018491680733
15035.156250,0.018521121239
15041.015625,0.018244242547
15046.875000,0.018576365040
15052.734375,0.019021580960
15058.593750,0.019712897076
15064.453125,0.018774818258
15070.312500,0.018405557000
15076.171875,0.018326225692
15082.031250,0.018423619099
15087.890625,0.018524853621
15093.750000,0.018143198728
15099.609375,0.018689656291
15105.468750,0.017855000782
15111.328125,0.017845170147
15117.187500,0.019198737421
15123.046875,0.018874888447
15128.906250,0.017649104505
15134.765625,0.017060687878
15140.625000,0.017453563661
15146.484375,0.018043018281
15152.343750,0.017526672076
15158.203125,0.019043933177
15164.062500,0.019923251216
15169.921875,0.018706399438
15175.781250,0.017413343065
15181.640625,0.017815748888
15187.500000,0.018419887858
15193.359375,0.018572271238
15199.218750,0.018382673677
15205.078125,0.018316668932
15210.937500,0.018877512832
15216.796875,0.018872475993
15222.656250,0.017720480087
15228.515625,0.017981716004
15234.375000,0.018140182289
15240.234375,0.018207323469
15246.093750,0.016591463956
15251.953125,0.016786446836
15257.812500,0.017549093027
15263.671875,0.016763503747
15269.531250,0.016317478461
15275.390625,0.015821282280
15281.250000,0.015741480892
15287.109375,0.015777819998
15292.968750,0.015584819847
15298.828125,0.015588889378
15304.687500,0.016032103083
15310.546875,0.016065603444
15316.406250,0.015850619961
15322.265625,0.015595361517
15328.125000,0.016022069569
15333.984375,0.016175511491
15339.843750,0.016315116197
15345.703125,0.017203835395
15351.562500,0.018011972578
15357.421875,0.016961432042
15363.281250,0.016607668466
15369.140625,0.017055693309
15375.000000,0.016534465581
15380.859375,0.016558306434
15386.718750,0.015628741995
15392.578125,0.016873412142
15398.437500,0.016575249379
15404.296875,0.015307242120
15410.156250,0.015734694666
15416.015625,0.014246027015
15421.875000,0.014190913537
15427.734375,0.014328278168
15433.593750,0.014037284490
15439.453125,0.014185154028
15445.312500,0.014828760734
15451.171875,0.014772797637
15457.031250,0.014964855928
15462.890625,0.014335289006
15468.750000,0.014200893710
15474.609375,0.014304998332
15480.468750,0.015230697572
15486.328125,0.015847160579
15492.187500,0.015139255027
15498.046875,0.014553397440
15503.906250,0.014821815062
15509.765625,0.014313763747
15515.625000,0.014196710507
15521.484375,0.014200965199
15527.343750,0.014466222458
15533.203125,0.013821441198
15539.062500,0.013574647712
15544.921875,0.013182045264
15550.781250,0.013608649135
15556.640625,0.013982476988
15562.500000,0.014814801572
15568.359375,0.015948744452
15574.218750,0.015457885166
15580.078125,0.014911630481
15585.937500,0.015401851831
15591.796875,0.015268207230
15597.656250,0.014573080471
15603.515625,0.015343828559
15609.375000,0.014969753133
15615.234375,0.014772264568
15621.093750,0.014296245900
15626.953125,0.013850085283
15632.812500,0.012930583914
15638.671875,0.012652624968
15644.531250,0.013320452136
15650.390625,0.013368755101
15656.250000,0.013884004135
15662.109375,0.013508447535
15667.968750,0.013527739425
15673.828125,0.014368664109
15679.687500,0.014833628810
15685.546875,0.014475926669
15691.406250,0.014615443305
15697.265625,0.014376099073
15703.125000,0.016182161923
15708.984375,0.016729533441
15714.843750,0.016173103795
15720.703125,0.016483008604
15726.562500,0.017048301300
15732.421875,0.016628410876
15738.281250,0.015700874661
15744.140625,0.015584371023
15750.000000,0.016092630486
15755.859375,0.015283184472
15761.718750,0.015407790999
15767.578125,0.015293323614
15773.437500,0.015578378707
15779.296875,0.016072555127
15785.156250,0.016665412673
15791.015625,0.016632886116
15796.875000,0.016931739832
15802.734375,0.017722857833
15808.593750,0.018306606115
15814.453125,0.018386271488
15820.312500,0.017978508261
15826.171875,0.017404700724
15832.031250,0.017346701943
15837.890625,0.017529962109
15843.750000,0.018753811629
15849.609375,0.019610152656
15855.468750,0.020559311340
15861.328125,0.021383328648
15867.187500,0.022067223993
15873.046875,0.021364131060
15878.906250,0.021493089805
15884.765625,0.021399057239
15890.625000,0.020437784209
15896.484375,0.019072170184
15902.343750,0.020059983223
15908.203125,0.019757492008
15914.062500,0.019060369099
15919.921875,0.017931776706
15925.781250,0.017406217093
15931.640625,0.017546870109
15937.500000,0.017746439106
15943.359375,0.017887610120
15949.218750,0.017281384084
15955.078125,0.016434379712
15960.937500,0.016354301425
15966.796875,0.015046803010
15972.656250,0.014563276967
15978.515625,0.013824872336
15984.375000,0.012934905499
15990.234375,0.013869099212
15996.093750,0.014215514096
16001.953125,0.015063679262
16007.812500,0.015714793268
16013.671875,0.014773644452
16019.531250,0.015078977950
16025.390625,0.015460752183
16031.250000,0.015750575694
16037.109375,0.015763525651
16042.968750,0.015525865930
16048.828125,0.015793890693
16054.687500,0.015991414665
16060.546875,0.015280936525
16066.406250,0.015606514294
16072.265625,0.016626622821
16078.125000,0.016507339254
16083.984375,0.016007272558
16089.843750,0.015322965309
16095.703125,0.015146513844
16101.562500,0.015189990612
16107.421875,0.015648834566
16113.281250,0.017265095534
16119.140625,0.016503370399
16125.000000,0.017290901041
16130.859375,0.018022601029
16136.718750,0.019405814753
16142.578125,0.020993441305
16148.437500,0.020782450762
16154.296875,0.020769323618
16160.156250,0.020761404798
16166.015625,0.020519783875
16171.875000,0.021735439049
16177.734375,0.020722944741
16183.593750,0.021317897114
16189.453125,0.021031850785
16195.312500,0.019262268040
16201.171875,0.018976219133
16207.031250,0.019661281817
16212.890625,0.019764730357
16218.750000,0.018530073306
16224.609375,0.017720536061
16230.468750,0.017398383425
16236.328125,0.016046701039
16242.187500,0.015213654008
16248.046875,0.014742895313
16253.906250,0.014935051953
16259.765625,0.014655195671
16265.625000,0.014285017373
16271.484375,0.014430330071
16277.343750,0.014224770021
16283.203125,0.013971326413
16289.062500,0.013920360293
16294.921875,0.013505972007
16300.781250,0.013520134024
16306.640625,0.013687779502
16312.500000,0.013495124044
16318.359375,0.012531926466
16324.218750,0.012398078392
16330.078125,0.012296270373
16335.937500,0.012447919777
16341.796875,0.012052800186
16347.656250,0.012413980862
16353.515625,0.012900508370
16359.375000,0.012438050843
16365.234375,0.012276914618
16371.093750,0.012577916800
16376.953125,0.012966268130
16382.812500,0.011787111891
16388.671875,0.011318402338
16394.531250,0.011875466570
16400.390625,0.011424364576
16406.250000,0.011093962064
16412.109375,0.011945869739
16417.968750,0.012203303381
16423.828125,0.011312489524
16429.687500,0.011326716973
16435.546875,0.011289158162
16441.406250,0.011109743926
16447.265625,0.011070877214
16453.125000,0.011501331704
16458.984375,0.011628779067
16464.843750,0.011574773970
16470.703125,0.011493040857
16476.562500,0.011948785296
16482.421875,0.011580640835
16488.281250,0.011468331400
16494.140625,0.011302428037
16500.000000,0.011141961632
16505.859375,0.010894907435
16511.718750,0.010710501907
16517.578125,0.010540467998
16523.437500,0.010618646645
16529.296875,0.010614436704
16535.156250,0.011088575352
16541.015625,0.011217375132
16546.875000,0.011720585478
16552.734375,0.011215225911
16558.593750,0.011274356899
16564.453125,0.011073288258
16570.312500,0.010668252828
16576.171875,0.010049921482
16582.031250,0.010340812661
16587.890625,0.010219783637
16593.750000,0.010334904799
16599.609375,0.010616870766
16605.468750,0.010908754804
16611.328125,0.011163101117
16617.187500,0.011772842239
16623.046875,0.011922263244
16628.906250,0.011204792185
16634.765625,0.010646020734
16640.625000,0.011028548048
16646.484375,0.011710612041
16652.343750,0.011283477616
16658.203125,0.011102865708
16664.062500,0.011141091473
16669.921875,0.010986093693
16675.781250,0.011014810181
16681.640625,0.011725170488
16687.500000,0.011620534976
16693.359375,0.010853109586
16699.218750,0.010841984356
16705.078125,0.010760963896
16710.937500,0.010620743174
16716.796875,0.011125290576
16722.656250,0.011138098436
16728.515625,0.010762147071
16734.375000,0.010363118561
16740.234375,0.010036153154
16746.093750,0.010766888777
16751.953125,0.010503983679
16757.812500,0.010483327605
16763.671875,0.010302590047
16769.531250,0.010064364041
16775.390625,0.010655781501
16781.250000,0.010156347309
16787.109375,0.010047353124
16792.968750,0.010014424504
16798.828125,0.009708676069
16804.687500,0.010259849491
16810.546875,0.010411653601
16816.406250,0.010105567460
16822.265625,0.010270633225
16828.125000,0.010981607449
16833.984375,0.010750196789
16839.843750,0.010368277998
16845.703125,0.010716344036
16851.562500,0.010740493003
16857.421875,0.010817298180
16863.281250,0.010430160921
16869.140625,0.009996982123
16875.000000,0.009519796003
16880.859375,0.009696894174
16886.718750,0.010331800467
16892.578125,0.010276911606
16898.437500,0.010124988959
16904.296875,0.009495873633
16910.156250,0.009148988072
16916.015625,0.009399297533
16921.875000,0.009863281264
16927.734375,0.009492530464
16933.593750,0.009453737747
16939.453125,0.009412000419
16945.312500,0.009573336434
16951.171875,0.009817693238
16957.031250,0.009786083827
16962.890625,0.009288971526
16968.750000,0.009609979540
16974.609375,0.009838073012
16980.468750,0.009820680026
16986.328125,0.009980268032
16992.187500,0.011118908641
16998.046875,0.010759903380
17003.906250,0.010099291331
17009.765625,0.009960005536
17015.625000,0.009957649055
17021.484375,0.009778652348
17027.343750,0.009514926342
17033.203125,0.008983270357
17039.062500,0.009287341447
17044.921875,0.009165910477
17050.781250,0.009366963252
17056.640625,0.009306682609
17062.500000,0.009702103224
17068.359375,0.009618789739
17074.218750,0.009510168704
17080.078125,0.009251857139
17085.937500,0.009198981591
17091.796875,0.009315564721
17097.656250,0.009844420783
17103.515625,0.009874117958
17109.375000,0.010310423908
17115.234375,0.010622727088
17121.093750,0.009726065916
17126.953125,0.009188286787
17132.812500,0.009701814665
17138.671875,0.010020723055
17144.531250,0.009968623898
17150.390625,0.009515140988
17156.250000,0.009560206272
17162.109375,0.009576659321
17167.968750,0.009523227475
17173.828125,0.010004607151
17179.687500,0.010169440146
17185.546875,0.009510191043
17191.406250,0.008832246883
17197.265625,0.009407363577
17203.125000,0.009293090272
17208.984375,0.008671715100
17214.843750,0.008183516196
17220.703125,0.008736520030
17226.562500,0.008842957044
17232.421875,0.008813476404
17238.281250,0.008962433965
17244.140625,0.008637437929
17250.000000,0.008971092042
17255.859375,0.009454600611
17261.718750,0.009538220608
17267.578125,0.010091378233
17273.437500,0.009661790250
17279.296875,0.009135203914
17285.156250,0.009011971704
17291.015625,0.009402125227
17296.875000,0.009667642447
17302.734375,0.009291331872
17308.593750,0.008683611930
17314.453125,0.009112586480
17320.312500,0.009074878124
17326.171875,0.008889884714
17332.031250,0.008361245032
17337.890625,0.008350508617
17343.750000,0.008720909119
17349.609375,0.008786818075
17355.468750,0.008605086782
17361.328125,0.009264680336
17367.187500,0.008998509929
17373.046875,0.008760644674
17378.906250,0.009298899283
17384.765625,0.009743660391
17390.625000,0.009916958018
17396.484375,0.009474938229
17402.343750,0.009326955835
17408.203125,0.009043282397
17414.062500,0.008785134945
17419.921875,0.008763824098
17425.781250,0.008836044113
17431.640625,0.008263574453
17437.500000,0.008451235226
17443.359375,0.008606411876
17449.218750,0.008802372718
17455.078125,0.008891322513
17460.937500,0.009429368648
17466.796875,0.009319922165
17472.656250,0.009131085543
17478.515625,0.009169168055
17484.375000,0.009914501277
17490.234375,0.010247941860
17496.093750,0.009814864192
17501.953125,0.009915332907
17507.812500,0.010161143607
17513.671875,0.009724746926
17519.531250,0.009550572595
17525.390625,0.009260306987
17531.250000,0.009083914884
17537.109375,0.009082938241
17542.968750,0.009176553543
17548.828125,0.008961078014
17554.687500,0.009163714361
17560.546875,0.009234898261
17566.406250,0.009481583125
17572.265625,0.009450035291
17578.125000,0.009796320765
17583.984375,0.010227667653
17589.843750,0.010002967787
17595.703125,0.009458360944
17601.562500,0.009658350064
17607.421875,0.009595673100
17613.281250,0.009271217916
17619.140625,0.008768396623
17625.000000,0.008456433737
17630.859375,0.008021430072
17636.718750,0.008290621128
17642.578125,0.008750963451
17648.437500,0.008947075200
17654.296875,0.009428704331
17660.156250,0.009174330065
17666.015625,0.009627692471
17671.875000,0.009252055341
17677.734375,0.009063334386
17683.593750,0.009311411377
17689.453125,0.008959055966
17695.312500,0.008914986004
17701.171875,0.008674358221
17707.031250,0.008666249349
17712.890625,0.008816722315
17718.750000,0.009235329662
17724.609375,0.009453182740
17730.468750,0.009500995903
17736.328125,0.009258412921
17742.187500,0.008627610808
17748.046875,0.008369516271
17753.906250,0.008822131261
17759.765625,0.008888368367
17765.625000,0.009171040604
17771.484375,0.008789759340
17777.343750,0.008747281398
17783.203125,0.008058243257
17789.062500,0.008211666896
17794.921875,0.008560780808
17800.781250,0.008408323912
17806.640625,0.008282898504
17812.500000,0.007776616156
17818.359375,0.008012451320
17824.218750,0.008285782006
17830.078125,0.008172127071
17835.937500,0.008234964499
17841.796875,0.008106705673
17847.656250,0.007902633130
17853.515625,0.008156712279
17859.375000,0.008312453003
17865.234375,0.007986677139
17871.093750,0.007999975918
17876.953125,0.008409370321
17882.812500,0.008556928062
17888.671875,0.008819542247
17894.531250,0.008311922383
17900.390625,0.008024721209
17906.250000,0.008004728987
17912.109375,0.008131919670
17917.968750,0.008135365124
17923.828125,0.008200052462
17929.687500,0.008060096883
17935.546875,0.007608399821
17941.406250,0.007821158847
17947.265625,0.007771954295
17953.125000,0.008165158016
17958.984375,0.008150658609
17964.843750,0.008416102508
17970.703125,0.008490597769
17976.562500,0.008163872374
17982.421875,0.007817340355
17988.281250,0.007973127910
17994.140625,0.007778149885
18000.000000,0.007665240201
18005.859375,0.007764052433
18011.718750,0.007468704221
18017.578125,0.007278324316
18023.437500,0.007600794758
18029.296875,0.007549929812
18035.156250,0.007484191314
18041.015625,0.007753071569
18046.875000,0.008065381794
18052.734375,0.008375535628
18058.593750,0.007829563162
18064.453125,0.007713194524
18070.312500,0.007829079627
18076.171875,0.007700585400
18082.031250,0.007766324770
18087.890625,0.007571307984
18093.750000,0.007487376153
18099.609375,0.008019913439
18105.468750,0.008093801385
18111.328125,0.007615508114
18117.187500,0.007947688587
18123.046875,0.007856007365
18128.906250,0.007672210652
18134.765625,0.007167325463
18140.625000,0.007621038054
18146.484375,0.007570953517
18152.343750,0.007497057715
18158.203125,0.007716096809
18164.062500,0.007604064140
18169.921875,0.007451461253
18175.781250,0.007144701865
18181.640625,0.007000207243
18187.500000,0.006745546332
18193.359375,0.006925116293
18199.218750,0.007266483174
18205.078125,0.006932509130
18210.937500,0.007075728473
18216.796875,0.007388156529
18222.656250,0.007235356432
18228.515625,0.007230789091
18234.375000,0.007483565063
18240.234375,0.007408412008
18246.093750,0.007151784856
18251.953125,0.007071341312
18257.812500,0.007041831631
18263.671875,0.007057590717
18269.531250,0.007345616746
18275.390625,0.007533074777
18281.250000,0.007477914948
18287.109375,0.007015914250
18292.968750,0.006974582509
18298.828125,0.006708064601
18304.687500,0.006893919374
18310.546875,0.006990085094
18316.406250,0.006605440392
18322.265625,0.006745915163
18328.125000,0.007217707854
18333.984375,0.007120733677
18339.843750,0.006841359581
18345.703125,0.007456771078
18351.562500,0.007521562929
18357.421875,0.007242769768
18363.281250,0.007497152336
18369.140625,0.007398209719
18375.000000,0.007172576974
18380.859375,0.006683119329
18386.718750,0.006902552721
18392.578125,0.006954880356
18398.437500,0.006842157005
18404.296875,0.006739784650
18410.156250,0.007172885772
18416.015625,0.007537901716
18421.875000,0.007523615798
18427.734375,0.007773052806
18433.593750,0.007539045236
18439.453125,0.007403587534
18445.312500,0.007149964994
18451.171875,0.006962406976
18457.031250,0.007122745580
18462.890625,0.007321224986
18468.750000,0.007453619514
18474.609375,0.007374717130
18480.468750,0.007304130681
18486.328125,0.006908915932
18492.187500,0.006905644168
18498.046875,0.007300635937
18503.906250,0.006985036604
18509.765625,0.007199559503
18515.625000,0.007585012338
18521.484375,0.007475250448
18527.343750,0.007219019550
18533.203125,0.007616810411
18539.062500,0.007505364595
18544.921875,0.007195813062
18550.781250,0.007232529283
18556.640625,0.007583800112
18562.500000,0.007633025349
18568.359375,0.007411135047
18574.218750,0.007737264858
18580.078125,0.007689920515
18585.937500,0.007268381346
18591.796875,0.007374324663
18597.656250,0.007452208344
18603.515625,0.007666055898
18609.375000,0.007670634886
18615.234375,0.007469929267
18621.093750,0.007418857385
18626.953125,0.007787392678
18632.812500,0.007671166879
18638.671875,0.007709967425
18644.531250,0.007368951137
18650.390625,0.007439250266
18656.250000,0.007377224817
18662.109375,0.007543576193
18667.968750,0.007630836577
18673.828125,0.007632383251
18679.687500,0.007361763327
18685.546875,0.007056042049
18691.406250,0.007136553517
18697.265625,0.007358561673
18703.125000,0.007134299555
18708.984375,0.007308045652
18714.843750,0.006798970767
18720.703125,0.007286288666
18726.562500,0.007474016116
18732.421875,0.007316690464
18738.281250,0.007466260656
18744.140625,0.007297453234
18750.000000,0.007334428344
18755.859375,0.007144117304
18761.718750,0.007194082016
18767.578125,0.007119811373
18773.437500,0.006989172786
18779.296875,0.006677519234
18785.156250,0.007130727162
18791.015625,0.007162781659
18796.875000,0.007504186724
18802.734375,0.007214284324
18808.593750,0.006862034925
18814.453125,0.006605574988
18820.312500,0.006587621931
18826.171875,0.006732146713
18832.031250,0.006870582008
18837.890625,0.006857865449
18843.750000,0.006688429201
18849.609375,0.006747938870
18855.468750,0.006679035087
18861.328125,0.006658079091
18867.187500,0.006749612360
18873.046875,0.006792007840
18878.906250,0.006885572405
18884.765625,0.007124347294
18890.625000,0.006724504047
18896.484375,0.006624329609
18902.343750,0.006664244633
18908.203125,0.006899324705
18914.062500,0.006821255500
18919.921875,0.006666960319
18925.781250,0.006362309110
18931.640625,0.006246540887
18937.500000,0.006346756524
18943.359375,0.006391826610
18949.218750,0.006444898160
18955.078125,0.006430760731
18960.937500,0.006076788652
18966.796875,0.006312403574
18972.656250,0.006784529341
18978.515625,0.006742886903
18984.375000,0.006458685710
18990.234375,0.006644019790
18996.093750,0.006360502737
19001.953125,0.006450322068
19007.812500,0.006184376842
19013.671875,0.006431629224
19019.531250,0.006520664303
19025.390625,0.006485862480
19031.250000,0.006175761246
19037.109375,0.006427425993
19042.968750,0.006462877484
19048.828125,0.006384403252
19054.687500,0.006362581712
19060.546875,0.006622355876
19066.406250,0.006712328038
19072.265625,0.006546822365
19078.125000,0.006589045783
19083.984375,0.006566703404
19089.843750,0.006718997447
19095.703125,0.007172200515
19101.562500,0.007126296834
19107.421875,0.006835580323
19113.281250,0.006940920181
19119.140625,0.006667434447
19125.000000,0.006635872448
19130.859375,0.006607670494
19136.718750,0.006619837926
19142.578125,0.006525377423
19148.437500,0.006211679102
19154.296875,0.006552053471
19160.156250,0.006782985856
19166.015625,0.006759506868
19171.875000,0.006974051798
19177.734375,0.006752444683
19183.593750,0.006819546836
19189.453125,0.007072671719
19195.312500,0.007268659301
19201.171875,0.007032660738
19207.031250,0.007172355812
19212.890625,0.007009668921
19218.750000,0.007093582455
19224.609375,0.007088184232
19230.468750,0.007388762734
19236.328125,0.007065841955
19242.187500,0.006853090532
19248.046875,0.006759729849
19253.906250,0.006991629364
19259.765625,0.007194662294
19265.625000,0.007350610134
19271.484375,0.007324300188
19277.343750,0.007678562678
19283.203125,0.007654904950
19289.062500,0.007794509567
19294.921875,0.007738110791
19300.781250,0.007880427318
19306.640625,0.007886149091
19312.500000,0.008029507649
19318.359375,0.007793444043
19324.218750,0.007201467729
19330.078125,0.007113431307
19335.937500,0.007263211332
19341.796875,0.007787402254
19347.656250,0.007368666397
19353.515625,0.007663358132
19359.375000,0.008034485101
19365.234375,0.007862466716
19371.093750,0.008375175913
19376.953125,0.008927884575
19382.812500,0.009104408576
19388.671875,0.009372522177
19394.531250,0.009552533553
19400.390625,0.009945924553
19406.250000,0.010035930810
19412.109375,0.009448395089
19417.968750,0.009980447017
19423.828125,0.010315389945
19429.687500,0.010247870213
19435.546875,0.009471786698
19441.406250,0.008887812646
19447.265625,0.009896630810
19453.125000,0.010352228960
19458.984375,0.009139054211
19464.843750,0.008413448024
19470.703125,0.009772698271
19476.562500,0.011220131200
19482.421875,0.012216595894
19488.281250,0.011793242590
19494.140625,0.011435352683
19500.000000,0.010574027276
19505.859375,0.011960167122
19511.718750,0.013081083152
19517.578125,0.012406298879
19523.437500,0.011497160228
19529.296875,0.010234034974
19535.156250,0.011199410586
19541.015625,0.012133981335
19546.875000,0.011906834607
19552.734375,0.010889282418
19558.593750,0.010190679654
19564.453125,0.010353451642
19570.312500,0.010642658760
19576.171875,0.010632769676
19582.031250,0.010197804606
19587.890625,0.009065691335
19593.750000,0.009107856225
19599.609375,0.010073112477
19605.468750,0.010770336004
19611.328125,0.010138770091
19617.187500,0.009258240865
19623.046875,0.010547477990
19628.906250,0.011144259886
19634.765625,0.010818872155
19640.625000,0.011672492858
19646.484375,0.012091553065
19652.343750,0.012946595006
19658.203125,0.012918082730
19664.062500,0.012919262124
19669.921875,0.012812010347
19675.781250,0.011351276687
19681.640625,0.010592459805
19687.500000,0.009655643939
19693.359375,0.010347319911
19699.218750,0.010603292172
19705.078125,0.009778223045
19710.937500,0.009909505120
19716.796875,0.008750794700
19722.656250,0.008790883255
19728.515625,0.008415728810
19734.375000,0.008014048534
19740.234375,0.007813867329
19746.093750,0.007965316326
19751.953125,0.007882533459
19757.812500,0.007929259762
19763.671875,0.008119409426
19769.531250,0.008379097021
19775.390625,0.008229348063
19781.250000,0.007666761994
19787.109375,0.007736308126
19792.968750,0.007957859730
19798.828125,0.007448804462
19804.687500,0.007446047219
19810.546875,0.007176748262
19816.406250,0.006466154807
19822.265625,0.006559129612
19828.125000,0.006888353338
19833.984375,0.007092134433
19839.843750,0.006808876479
19845.703125,0.006867803137
19851.562500,0.006452480223
19857.421875,0.006235769091
19863.281250,0.006255676162
19869.140625,0.006258614642
19875.000000,0.006227003823
19880.859375,0.005963415058
19886.718750,0.005926065900
19892.578125,0.005870741558
19898.437500,0.005928059793
19904.296875,0.006126057302
19910.156250,0.006032569558
19916.015625,0.006210402916
19921.875000,0.006341801396
19927.734375,0.006138951307
19933.593750,0.005940084416
19939.453125,0.005980112257
19945.312500,0.005667216888
19951.171875,0.005880023481
19957.031250,0.006043930024
19962.890625,0.005993162521
19968.750000,0.006003628301
19974.609375,0.005723602285
19980.468750,0.005768237893
19986.328125,0.006128251167
19992.187500,0.005975003845
19998.046875,0.005672559882
20003.906250,0.005779650676
20009.765625,0.005511182550
20015.625000,0.005547972281
20021.484375,0.005683296635
20027.343750,0.005896304301
20033.203125,0.005773987692
20039.062500,0.005620032758
20044.921875,0.005981874903
20050.781250,0.006041484393
20056.640625,0.005739387005
20062.500000,0.005709694117
20068.359375,0.005860104795
20074.218750,0.005857883073
20080.078125,0.005782121548
20085.937500,0.005603175712
20091.796875,0.005452821927
20097.656250,0.005552528463
20103.515625,0.005665926848
20109.375000,0.005798945718
20115.234375,0.006087605249
20121.093750,0.006028939527
20126.953125,0.006059244386
20132.812500,0.005928075567
20138.671875,0.006077786013
20144.531250,0.005963237554
20150.390625,0.005673297081
20156.250000,0.005391437222
20162.109375,0.005507887172
20167.968750,0.005495184933
20173.828125,0.005546203432
20179.687500,0.005479019501
20185.546875,0.005405880544
20191.406250,0.005470197735
20197.265625,0.005450969437
20203.125000,0.005967008382
20208.984375,0.006443811183
20214.843750,0.005867239595
20220.703125,0.005548292872
20226.562500,0.005336807055
20232.421875,0.005128836865
20238.281250,0.004753486287
20244.140625,0.005022729569
20250.000000,0.005083714594
20255.859375,0.004848071274
20261.718750,0.005090675121
20267.578125,0.005112554303
20273.437500,0.005172230330
20279.296875,0.005298009975
20285.156250,0.006123359066
20291.015625,0.005403778166
20296.875000,0.004785428859
20302.734375,0.004816746961
20308.593750,0.004908446740
20314.453125,0.004665253676
20320.312500,0.004717500340
20326.171875,0.004708614962
20332.031250,0.004690116792
20337.890625,0.004729123365
20343.750000,0.004773229054
20349.609375,0.004513143978
20355.468750,0.004665449642
20361.328125,0.005107800939
20367.187500,0.005294272157
20373.046875,0.004776159043
20378.906250,0.004835259597
20384.765625,0.004715583042
20390.625000,0.004635000736
20396.484375,0.004452957479
20402.343750,0.004596513027
20408.203125,0.004832012728
20414.062500,0.004759266027
20419.921875,0.004861191292
20425.781250,0.004845696454
20431.640625,0.004806325110
20437.500000,0.004545785643
20443.359375,0.004422707395
20449.218750,0.004719920071
20455.078125,0.004938632620
20460.937500,0.004825630988
20466.796875,0.004720199742
20472.656250,0.004696440781
20478.515625,0.004735192225
20484.375000,0.004716667737
20490.234375,0.004834622889
20496.093750,0.004622770926
20501.953125,0.004506590692
20507.812500,0.004605967699
20513.671875,0.004534916555
20519.531250,0.004376054589
20525.390625,0.004517718906
20531.250000,0.004801222557
20537.109375,0.004634289548
20542.968750,0.004620567654
20548.828125,0.004825012194
20554.687500,0.004875781439
20560.546875,0.004869668864
20566.406250,0.004798759360
20572.265625,0.004639115147
20578.125000,0.004633265143
20583.984375,0.004895232850
20589.843750,0.004676388942
20595.703125,0.004488894198
20601.562500,0.004534820034
20607.421875,0.004615619207
20613.281250,0.004472615427
20619.140625,0.004560506262
20625.000000,0.004745320535
20630.859375,0.004678899523
20636.718750,0.004529668727
20642.578125,0.004898931290
20648.437500,0.004953544987
20654.296875,0.004690333243
20660.156250,0.004381210135
20666.015625,0.004630049637
20671.875000,0.004886199620
20677.734375,0.004573756485
20683.593750,0.004600929665
20689.453125,0.004601315265
20695.312500,0.004616416314
20701.171875,0.004613200475
20707.031250,0.004373842874
20712.890625,0.004383843055
20718.750000,0.004511133404
20724.609375,0.004550055280
20730.468750,0.004507432163
20736.328125,0.004572349856
20742.187500,0.004669227767
20748.046875,0.004606999930
20753.906250,0.004614084801
20759.765625,0.004408796605
20765.625000,0.004414083285
20771.484375,0.004385949712
20777.343750,0.004608501078
20783.203125,0.004619783946
20789.062500,0.004478885163
20794.921875,0.004493685821
20800.781250,0.004259235900
20806.640625,0.004313287754
20812.500000,0.004404846572
20818.359375,0.004558135686
20824.218750,0.004298140726
20830.078125,0.004271876396
20835.937500,0.004345585434
20841.796875,0.004397057609
20847.656250,0.004375598268
20853.515625,0.004391665090
20859.375000,0.004518680460
20865.234375,0.004506718323
20871.093750,0.004618124357
20876.953125,0.004450246711
20882.812500,0.004432755421
20888.671875,0.004466082171
20894.531250,0.004407993093
20900.390625,0.004414276279
20906.250000,0.004355966902
20912.109375,0.004337670101
20917.968750,0.004382793230
20923.828125,0.004543300638
20929.687500,0.004421627472
20935.546875,0.004320170978
20941.406250,0.004371652005
20947.265625,0.004340831772
20953.125000,0.004349211739
20958.984375,0.004276968613
20964.843750,0.004020937892
20970.703125,0.004163594573
20976.562500,0.004374780409
20982.421875,0.004256256382
20988.281250,0.004398129175
20994.140625,0.004681056048
21000.000000,0.004611733200
21005.859375,0.004721837759
21011.718750,0.004689877443
21017.578125,0.004381060137
21023.437500,0.004459776422
21029.296875,0.004485360956
21035.156250,0.004359265930
21041.015625,0.004204725510
21046.875000,0.004170637384
21052.734375,0.004174038185
21058.593750,0.004190037947
21064.453125,0.004284543065
21070.312500,0.004214555358
21076.171875,0.004063883348
21082.031250,0.004141624375
21087.890625,0.004295359197
21093.750000,0.004254679963
21099.609375,0.004402718003
21105.468750,0.004204993475
21111.328125,0.004106395687
21117.187500,0.004064180624
21123.046875,0.004032637751
21128.906250,0.004120159901
21134.765625,0.004012257866
21140.625000,0.004025118542
21146.484375,0.004061428075
21152.343750,0.003910515762
21158.203125,0.003863201716
21164.062500,0.003887340756
21169.921875,0.003924035096
21175.781250,0.003993781002
21181.640625,0.003995139878
21187.500000,0.004152556331
21193.359375,0.004044810457
21199.218750,0.004010838911
21205.078125,0.003855268570
21210.937500,0.003894575140
21216.796875,0.003883833758
21222.656250,0.003650332096
21228.515625,0.003811477036
21234.375000,0.004011138865
21240.234375,0.003932084595
21246.093750,0.003881435728
21251.953125,0.003905334309
21257.812500,0.003873093385
21263.671875,0.003771112046
21269.531250,0.003795438399
21275.390625,0.003754476261
21281.250000,0.003487013274
21287.109375,0.003688638455
21292.968750,0.003602435348
21298.828125,0.003677295770
21304.687500,0.003768337931
21310.546875,0.003743792381
21316.406250,0.003809768408
21322.265625,0.003652493845
21328.125000,0.003545622707
21333.984375,0.003642388590
21339.843750,0.003734218311
21345.703125,0.003688508227
21351.562500,0.003787626938
21357.421875,0.003920234625
21363.281250,0.003731158413
21369.140625,0.003660997312
21375.000000,0.003855843155
21380.859375,0.003842142238
21386.718750,0.003755114863
21392.578125,0.003877778029
21398.437500,0.003802074970
21404.296875,0.003785200293
21410.156250,0.003671996276
21416.015625,0.003836273557
21421.875000,0.003842858890
21427.734375,0.003766261085
21433.593750,0.003718923395
21439.453125,0.003839780165
21445.312500,0.003909168939
21451.171875,0.003931095448
21457.031250,0.004112212717
21462.890625,0.003856158381
21468.750000,0.003946236333
21474.609375,0.003947520173
21480.468750,0.004240514461
21486.328125,0.004178715558
21492.187500,0.004161820987
21498.046875,0.004155312462
21503.906250,0.004259587434
21509.765625,0.004267085249
21515.625000,0.004381683366
21521.484375,0.004536485872
21527.343750,0.004151236821
21533.203125,0.004307390810
21539.062500,0.004496114665
21544.921875,0.004508787602
21550.781250,0.004213239426
21556.640625,0.004059603507
21562.500000,0.003903584663
21568.359375,0.003781921205
21574.218750,0.003798777213
21580.078125,0.003768448724
21585.937500,0.003728136873
21591.796875,0.003659591860
21597.656250,0.003587216575
21603.515625,0.003873240646
21609.375000,0.003999745846
21615.234375,0.003790346081
21621.093750,0.003858734456
21626.953125,0.003853305040
21632.812500,0.004033187220
21638.671875,0.003970428841
21644.531250,0.003991920386
21650.390625,0.004064243668
21656.250000,0.003802037834
21662.109375,0.003980342817
21667.968750,0.003923239385
21673.828125,0.003848443691
21679.687500,0.003841053928
21685.546875,0.003691299764
21691.406250,0.003527974343
21697.265625,0.003675971317
21703.125000,0.003686592606
21708.984375,0.003679859454
21714.843750,0.003677027063
21720.703125,0.003890877014
21726.562500,0.003968286604
21732.421875,0.004007293630
21738.281250,0.003910244405
21744.140625,0.003989930512
21750.000000,0.004039083603
21755.859375,0.003898112538
21761.718750,0.003988600856
21767.578125,0.004132134211
21773.437500,0.004070824159
21779.296875,0.004085105798
21785.156250,0.004110068006
21791.015625,0.003789340937
21796.875000,0.003956135880
21802.734375,0.004028568230
21808.593750,0.003855742481
21814.453125,0.003974358476
21820.312500,0.003995832421
21826.171875,0.003938975390
21832.031250,0.003890930916
21837.890625,0.003971229887
21843.750000,0.004073866301
21849.609375,0.003991329064
21855.468750,0.004165572975
21861.328125,0.004050332682
21867.187500,0.003980803489
21873.046875,0.003932360896
21878.906250,0.003917263604
21884.765625,0.004004270129
21890.625000,0.004096199537
21896.484375,0.004167394737
21902.343750,0.004185212079
21908.203125,0.004153173431
21914.062500,0.004452684149
21919.921875,0.004559879387
21925.781250,0.004622819318
21931.640625,0.004650702764
21937.500000,0.004633636492
21943.359375,0.004398216247
21949.218750,0.004218474620
21955.078125,0.004392440671
21960.937500,0.004346528148
21966.796875,0.004333193823
21972.656250,0.004605045864
21978.515625,0.004889845241
21984.375000,0.004858894220
21990.234375,0.004656960102
21996.093750,0.004632362262
22001.953125,0.004715177346
22007.812500,0.004941391602
22013.671875,0.005262822859
22019.531250,0.005320152238
22025.390625,0.005422143844
22031.250000,0.005250675847
22037.109375,0.005041175624
22042.968750,0.005245131914
22048.828125,0.005136447903
22054.687500,0.005069984511
22060.546875,0.005091663639
22066.406250,0.005287414204
22072.265625,0.005609019888
22078.125000,0.005834179232
22083.984375,0.005746828938
22089.843750,0.005707674062
22095.703125,0.006117739548
22101.562500,0.006218282533
22107.421875,0.006106717077
22113.281250,0.006210075087
22119.140625,0.006278489707
22125.000000,0.006311846883
22130.859375,0.005618707281
22136.718750,0.005223621075
22142.578125,0.005548395323
22148.437500,0.005535337314
22154.296875,0.005787250790
22160.156250,0.005899200843
22166.015625,0.005879997295
22171.875000,0.006069330481
22177.734375,0.006121722048
22183.593750,0.005831457205
22189.453125,0.005706835566
22195.312500,0.005530492609
22201.171875,0.005408062763
22207.031250,0.005347742713
22212.890625,0.005245159194
22218.750000,0.004780031231
22224.609375,0.004604176678
22230.468750,0.004602282426
22236.328125,0.004389346011
22242.187500,0.004493414107
22248.046875,0.004359127043
22253.906250,0.004432291523
22259.765625,0.004437867883
22265.625000,0.004296189105
22271.484375,0.004279424070
22277.343750,0.004575261329
22283.203125,0.004577563788
22289.062500,0.004624272131
22294.921875,0.004621457228
22300.781250,0.004590771011
22306.640625,0.004616381748
22312.500000,0.004632935032
22318.359375,0.004389825392
22324.218750,0.004506094167
22330.078125,0.004470979124
22335.937500,0.004379575672
22341.796875,0.004169946788
22347.656250,0.004088710548
22353.515625,0.004265612460
22359.375000,0.004275553713
22365.234375,0.004307107366
22371.093750,0.004242449264
22376.953125,0.004278150245
22382.812500,0.004641105737
22388.671875,0.004598226882
22394.531250,0.004838700224
22400.390625,0.004733155588
22406.250000,0.004891519983
22412.109375,0.004799114211
22417.968750,0.004704794786
22423.828125,0.004714737613
22429.687500,0.004505078152
22435.546875,0.004712223764
22441.406250,0.004682854474
22447.265625,0.004757821510
22453.125000,0.004761660569
22458.984375,0.004905366905
22464.843750,0.004714389855
22470.703125,0.004765730605
22476.562500,0.005068491783
22482.421875,0.005116135722
22488.281250,0.005042918875
22494.140625,0.005201990904
22500.000000,0.005029073052
22505.859375,0.004933838669
22511.718750,0.005094970854
22517.578125,0.005285568695
22523.437500,0.005111781702
22529.296875,0.004892742966
22535.156250,0.004679555577
22541.015625,0.004741590994
22546.875000,0.004395031272
22552.734375,0.004640939645
22558.593750,0.004918512363
22564.453125,0.004981609224
22570.312500,0.004976470053
22576.171875,0.005226255842
22582.031250,0.005264354188
22587.890625,0.005513015006
22593.750000,0.005694136994
22599.609375,0.005347884320
22605.468750,0.005858078438
22611.328125,0.005751121887
22617.187500,0.005727639706
22623.046875,0.005622504626
22628.906250,0.005488319407
22634.765625,0.005351866533
22640.625000,0.005068591719
22646.484375,0.005415163931
22652.343750,0.005652517970
22658.203125,0.005804784617
22664.062500,0.006170618624
22669.921875,0.006638987013
22675.781250,0.006775101625
22681.640625,0.006655109924
22687.500000,0.006738802729
22693.359375,0.006715844594
22699.218750,0.006840035859
22705.078125,0.006964911234
22710.937500,0.006748414608
22716.796875,0.006439429025
22722.656250,0.006689802946
22728.515625,0.006552807072
22734.375000,0.006284057443
22740.234375,0.005729631852
22746.093750,0.005743925239
22751.953125,0.005576883602
22757.812500,0.005688883530
22763.671875,0.005672287569
22769.531250,0.005739562220
22775.390625,0.005848155101
22781.250000,0.005660376291
22787.109375,0.005674841754
22792.968750,0.005474520400
22798.828125,0.005439914254
22804.687500,0.005791959814
22810.546875,0.005785739934
22816.406250,0.005446173615
22822.265625,0.005235630570
22828.125000,0.005177527483
22833.984375,0.005643895560
22839.843750,0.005596169897
22845.703125,0.005592942616
22851.562500,0.005348892875
22857.421875,0.005666215606
22863.281250,0.005296943341
22869.140625,0.005332401763
22875.000000,0.005315405911
22880.859375,0.004946044885
22886.718750,0.004755818254
22892.578125,0.005028261705
22898.437500,0.004903505976
22904.296875,0.004706708263
22910.156250,0.004898470288
22916.015625,0.004929779149
22921.875000,0.004964610674
22927.734375,0.004918593509
22933.593750,0.004993109413
22939.453125,0.004931695341
22945.312500,0.004662120293
22951.171875,0.004626465894
22957.031250,0.004687050397
22962.890625,0.004697982712
22968.750000,0.004768576907
22974.609375,0.004708981088
22980.468750,0.004619006509
22986.328125,0.004512210269
22992.187500,0.004591532024
22998.046875,0.004461402137
23003.906250,0.004337112217
23009.765625,0.004136839053
23015.625000,0.004113059228
23021.484375,0.004152250546
23027.343750,0.004091172127
23033.203125,0.004032173820
23039.062500,0.004105342690
23044.921875,0.004066349262
23050.781250,0.003981733848
23056.640625,0.003999249830
23062.500000,0.003997308750
23068.359375,0.003968272136
23074.218750,0.003951124424
23080.078125,0.003870286548
23085.937500,0.003654959167
23091.796875,0.003545548413
23097.656250,0.003531223679
23103.515625,0.003477429069
23109.375000,0.003579045598
23115.234375,0.003539959535
23121.093750,0.003441688112
23126.953125,0.003673616898
23132.812500,0.003636799519
23138.671875,0.003530636620
23144.531250,0.003602990970
23150.390625,0.003577209954
23156.250000,0.003539823170
23162.109375,0.003336239419
23167.968750,0.003442440723
23173.828125,0.003575923560
23179.687500,0.003483176677
23185.546875,0.003507780538
23191.406250,0.003435892709
23197.265625,0.003516600162
23203.125000,0.003473599093
23208.984375,0.003394164702
23214.843750,0.003347451660
23220.703125,0.003370954728
23226.562500,0.003392607280
23232.421875,0.003366318093
23238.281250,0.003253464188
23244.140625,0.003357909124
23250.000000,0.003295951673
23255.859375,0.003272280243
23261.718750,0.003318448626
23267.578125,0.003481760540
23273.437500,0.003496240930
23279.296875,0.003670616424
23285.156250,0.003787241455
23291.015625,0.003698820712
23296.875000,0.003399443356
23302.734375,0.003418888202
23308.593750,0.003327533361
23314.453125,0.003407657880
23320.312500,0.003304386476
23326.171875,0.003291360990
23332.031250,0.003441131694
23337.890625,0.003527758269
23343.750000,0.003350028071
23349.609375,0.003261880449
23355.468750,0.003313964342
23361.328125,0.003472403833
23367.187500,0.003518133388
23373.046875,0.003362295211
23378.906250,0.003271496378
23384.765625,0.003274680490
23390.625000,0.003286112653
23396.484375,0.003404423973
23402.343750,0.003313337586
23408.203125,0.003380051903
23414.062500,0.003410714286
23419.921875,0.003435523002
23425.781250,0.003335959791
23431.640625,0.003345690359
23437.500000,0.003263022024
23443.359375,0.003272269199
23449.218750,0.003148721281
23455.078125,0.003325451628
23460.937500,0.003525830718
23466.796875,0.003428904159
23472.656250,0.003160056750
23478.515625,0.003288397169
23484.375000,0.003281039657
23490.234375,0.003185763510
23496.093750,0.003207537988
23501.953125,0.003220705277
23507.812500,0.003287682569
23513.671875,0.003435735918
23519.531250,0.003501889288
23525.390625,0.003380750382
23531.250000,0.003440999875
23537.109375,0.003481035811
23542.968750,0.003399523522
23548.828125,0.003478901308
23554.687500,0.003483986733
23560.546875,0.003359138625
23566.406250,0.003267489668
23572.265625,0.003342801293
23578.125000,0.003377986623
23583.984375,0.003361435623
23589.843750,0.003324670504
23595.703125,0.003351768639
23601.562500,0.003340640909
23607.421875,0.003323496564
23613.281250,0.003453677528
23619.140625,0.003585992321
23625.000000,0.003569489586
23630.859375,0.003533428619
23636.718750,0.003417042812
23642.578125,0.003621238280
23648.437500,0.003639320299
23654.296875,0.003549847594
23660.156250,0.003467765350
23666.015625,0.003438011168
23671.875000,0.003712298984
23677.734375,0.003949126598
23683.593750,0.003894437024
23689.453125,0.003904523061
23695.312500,0.003965156416
23701.171875,0.004013701289
23707.031250,0.003727727486
23712.890625,0.003721308403
23718.750000,0.003638085731
23724.609375,0.003451285189
23730.468750,0.003629153366
23736.328125,0.003681517254
23742.187500,0.003624754251
23748.046875,0.003664592188
23753.906250,0.003717672152
23759.765625,0.003841361487
23765.625000,0.003894296159
23771.484375,0.003998500757
23777.343750,0.004308660603
23783.203125,0.004281466739
23789.062500,0.003926227352
23794.921875,0.004170536432
23800.781250,0.004429543086
23806.640625,0.004145198317
23812.500000,0.004385860928
23818.359375,0.004458984429
23824.218750,0.004308213685
23830.078125,0.004372558577
23835.937500,0.004397437080
23841.796875,0.004535287913
23847.656250,0.004548516165
23853.515625,0.005003135290
23859.375000,0.004960822434
23865.234375,0.004874407601
23871.093750,0.004921674616
23876.953125,0.004468569842
23882.812500,0.004703217083
23888.671875,0.004578503611
23894.531250,0.004275952426
23900.390625,0.004808192394
23906.250000,0.005173532592
23912.109375,0.004751525373
23917.968750,0.004450455772
23923.828125,0.004358851029
23929.687500,0.004788043624
23935.546875,0.004736401091
23941.406250,0.004410513040
23947.265625,0.004451389844
23953.125000,0.004578835228
23958.984375,0.004926575116
23964.843750,0.004760262819
23970.703125,0.004233112759
23976.562500,0.004384355226
23982.421875,0.004364896572
23988.281250,0.004211172952
23994.140625,0.004053825647
