source_file,260630_0017.wav
sample_rate_hz,48000
fft_size,8192
hop_size,4096
analyzed_frames,264
min_frequency_hz,20.000000
max_frequency_hz,
global_dominant_frequency_hz,41.015625
global_dominant_magnitude,48.374364789493

frequency_hz,mean_magnitude
0.000000,14.102592626173
5.859375,10.980268100864
11.718750,10.149990403638
17.578125,11.241996924291
23.437500,17.289281015988
29.296875,21.287441068775
35.156250,32.087081983228
41.015625,48.374364789493
46.875000,19.133156772591
52.734375,6.600220304643
58.593750,5.568331581773
64.453125,6.244584853352
70.312500,5.022754483686
76.171875,4.089884851192
82.031250,3.745922206982
87.890625,3.232580216834
93.750000,3.234542603970
99.609375,3.083082607680
105.468750,2.782722511755
111.328125,2.966315796387
117.187500,2.723778475122
123.046875,2.232375336330
128.906250,2.204391311078
134.765625,1.571930647179
140.625000,1.393481513002
146.484375,1.356487582476
152.343750,1.188593628249
158.203125,1.161809914385
164.062500,1.144343625511
169.921875,1.247319211359
175.781250,1.307764900111
181.640625,1.062678970500
187.500000,0.909249065819
193.359375,0.938391147949
199.218750,1.321877616699
205.078125,0.933199418268
210.937500,0.689034717909
216.796875,0.611862897088
222.656250,0.507394356953
228.515625,0.535054806344
234.375000,0.881366165586
240.234375,0.887273667527
246.093750,0.491242898952
251.953125,0.491334528993
257.812500,0.537206442011
263.671875,0.447492001457
269.531250,0.395750765638
275.390625,0.763555187284
281.250000,1.110535882398
287.109375,0.698259507376
292.968750,0.654685700235
298.828125,0.699620525329
304.687500,0.631869144784
310.546875,0.551332540028
316.406250,0.591880311244
322.265625,0.587702589199
328.125000,0.601038791006
333.984375,0.616502809288
339.843750,0.601275088903
345.703125,0.585766093071
351.562500,0.595488435112
357.421875,0.587142498068
363.281250,0.532736451321
369.140625,0.491402334370
375.000000,0.457903416224
380.859375,0.481741789452
386.718750,0.678895496657
392.578125,1.357565756322
398.437500,1.255364662099
404.296875,0.631751723022
410.156250,0.580218324419
416.015625,0.536962826216
421.875000,0.586321605322
427.734375,1.063955952813
433.593750,1.904826693813
439.453125,1.360967316570
445.312500,0.639441896642
451.171875,0.554465500796
457.031250,0.585236186658
462.890625,0.632864759957
468.750000,0.676771980274
474.609375,0.873336048088
480.468750,1.182845765283
486.328125,0.973329139991
492.187500,0.854354204877
498.046875,0.892565517985
503.906250,0.916189637807
509.765625,0.934933664924
515.625000,1.055776933449
521.484375,1.227467149080
527.343750,1.268242101385
533.203125,1.052044834161
539.062500,0.767630075048
544.921875,0.753585248388
550.781250,0.904485174315
556.640625,0.942874886886
562.500000,0.919952378504
568.359375,0.889381522203
574.218750,0.772090944806
580.078125,0.750649310633
585.937500,0.831339446455
591.796875,1.084806802708
597.656250,0.965879628402
603.515625,0.748501634885
609.375000,0.678800172125
615.234375,0.635988353447
621.093750,0.642159908501
626.953125,0.631009743778
632.812500,0.658713496205
638.671875,0.865329555301
644.531250,0.765523731945
650.390625,0.638033308100
656.250000,0.546598201411
662.109375,0.595600508892
667.968750,0.616296034344
673.828125,0.635320877096
679.687500,0.748234773369
685.546875,0.596693280740
691.406250,0.490889136621
697.265625,0.473039652607
703.125000,0.552472865919
708.984375,0.612352116145
714.843750,0.685579654139
720.703125,1.142448596536
726.562500,0.931302031015
732.421875,0.543741333989
738.281250,0.539501035371
744.140625,0.588707070702
750.000000,0.603985448311
755.859375,0.702972438689
761.718750,0.752484275679
767.578125,0.500427884209
773.437500,0.499533350559
779.296875,0.489819476879
785.156250,0.494557780059
791.015625,0.533037105899
796.875000,0.551786804508
802.734375,0.491153162710
808.593750,0.526195548731
814.453125,0.529291297234
820.312500,0.555291576003
826.171875,0.511892036202
832.031250,0.510505592050
837.890625,0.516885457656
843.750000,0.568466410571
849.609375,0.775328643663
855.468750,0.972847158374
861.328125,0.788638837290
867.187500,1.031827842066
873.046875,0.972730553561
878.906250,0.686688243579
884.765625,0.665984585440
890.625000,0.601202492693
896.484375,0.532381742670
902.343750,0.577561221484
908.203125,0.529258214274
914.062500,0.463978324612
919.921875,0.436373171303
925.781250,0.440618640892
931.640625,0.438978235227
937.500000,0.479458986969
943.359375,0.499709250259
949.218750,0.515002233878
955.078125,0.647474289706
960.937500,0.755810947549
966.796875,0.565424111933
972.656250,0.471911192503
978.515625,0.457817325029
984.375000,0.444903910415
990.234375,0.458908865653
996.093750,0.504968513109
1001.953125,0.515542474790
1007.812500,0.470109089292
1013.671875,0.466319707983
1019.531250,0.425701007098
1025.390625,0.444875396326
1031.250000,0.450542719524
1037.109375,0.462510187217
1042.968750,0.442269359992
1048.828125,0.428160368320
1054.687500,0.489339395481
1060.546875,1.093534594760
1066.406250,0.899385654293
1072.265625,0.426741724517
1078.125000,0.449567880976
1083.984375,0.435029751710
1089.843750,0.404795865022
1095.703125,0.401992676312
1101.562500,0.434400995146
1107.421875,0.420363430990
1113.281250,0.374689378136
1119.140625,0.385000786782
1125.000000,0.427485798960
1130.859375,0.443377598270
1136.718750,0.441408357858
1142.578125,0.423875448807
1148.437500,0.448622272145
1154.296875,0.477940196654
1160.156250,0.548966963560
1166.015625,0.457625210144
1171.875000,0.434540353588
1177.734375,0.403159366234
1183.593750,0.408498721466
1189.453125,0.416341585195
1195.312500,0.452143356025
1201.171875,0.502004576818
1207.031250,0.448821576660
1212.890625,0.385555317939
1218.750000,0.421608555816
1224.609375,0.419443973219
1230.468750,0.395940466691
1236.328125,0.422310996859
1242.187500,0.469792020333
1248.046875,0.404047212652
1253.906250,0.369568938888
1259.765625,0.389201884114
1265.625000,0.422423579518
1271.484375,0.552830924785
1277.343750,0.500752244403
1283.203125,0.472992143936
1289.062500,0.521416057432
1294.921875,0.438659842049
1300.781250,0.362112563854
1306.640625,0.372605723131
1312.500000,0.350209719745
1318.359375,0.360543149472
1324.218750,0.308325119964
1330.078125,0.263380560675
1335.937500,0.313279219606
1341.796875,0.336700204741
1347.656250,0.260425411637
1353.515625,0.274238164441
1359.375000,0.282494078113
1365.234375,0.263996259103
1371.093750,0.259898902517
1376.953125,0.262447407733
1382.812500,0.285577351356
1388.671875,0.273708486183
1394.531250,0.258188537300
1400.390625,0.238854922002
1406.250000,0.242628587716
1412.109375,0.237334809094
1417.968750,0.249973059383
1423.828125,0.238359079188
1429.687500,0.230905629893
1435.546875,0.262643143800
1441.406250,0.295784822656
1447.265625,0.277296311859
1453.125000,0.248894170957
1458.984375,0.259158994542
1464.843750,0.315411912132
1470.703125,0.303839227625
1476.562500,0.288497639534
1482.421875,0.281358734678
1488.281250,0.267210006453
1494.140625,0.268608365714
1500.000000,0.264469044445
1505.859375,0.295097460767
1511.718750,0.275055198173
1517.578125,0.258000804234
1523.437500,0.266332945922
1529.296875,0.285663842245
1535.156250,0.309146863738
1541.015625,0.297934294739
1546.875000,0.287870571151
1552.734375,0.256614393691
1558.593750,0.249751807251
1564.453125,0.282729894426
1570.312500,0.285256565431
1576.171875,0.266489996842
1582.031250,0.253335926041
1587.890625,0.266511972267
1593.750000,0.295245305849
1599.609375,0.327579808084
1605.468750,0.326428623752
1611.328125,0.313120877703
1617.187500,0.306805786047
1623.046875,0.328250117064
1628.906250,0.336569800692
1634.765625,0.272157492313
1640.625000,0.258317824149
1646.484375,0.251523326782
1652.343750,0.252470127614
1658.203125,0.275280782679
1664.062500,0.320395492235
1669.921875,0.325082809430
1675.781250,0.296599854970
1681.640625,0.355549031914
1687.500000,0.375346441486
1693.359375,0.287187369359
1699.218750,0.288566934162
1705.078125,0.301849910326
1710.937500,0.322687608929
1716.796875,0.293932550628
1722.656250,0.284238481958
1728.515625,0.324992007425
1734.375000,0.332975500719
1740.234375,0.296658430968
1746.093750,0.277945761219
1751.953125,0.352153044157
1757.812500,0.304766603010
1763.671875,0.336982056366
1769.531250,0.357673578610
1775.390625,0.310030726042
1781.250000,0.264107319133
1787.109375,0.267022250746
1792.968750,0.299037877740
1798.828125,0.324252255457
1804.687500,0.338430250258
1810.546875,0.373194555523
1816.406250,0.354657369408
1822.265625,0.273074546973
1828.125000,0.267965437183
1833.984375,0.297828478146
1839.843750,0.280811125263
1845.703125,0.381865356943
1851.562500,0.311664908827
1857.421875,0.271242999068
1863.281250,0.248468940474
1869.140625,0.250681344951
1875.000000,0.270818010756
1880.859375,0.255360260066
1886.718750,0.238735527515
1892.578125,0.239651023711
1898.437500,0.261148940568
1904.296875,0.239048277091
1910.156250,0.225653118534
1916.015625,0.263317266550
1921.875000,0.374868700850
1927.734375,0.402049197544
1933.593750,0.277018869797
1939.453125,0.239548602795
1945.312500,0.214061695440
1951.171875,0.215038203594
1957.031250,0.259445782502
1962.890625,0.269180158564
1968.750000,0.251218605330
1974.609375,0.218048313846
1980.468750,0.234206147190
1986.328125,0.215800846889
1992.187500,0.227118299610
1998.046875,0.225151890702
2003.906250,0.218878587626
2009.765625,0.214605043770
2015.625000,0.206023104287
2021.484375,0.216304188504
2027.343750,0.205855866988
2033.203125,0.197600022686
2039.062500,0.232515233303
2044.921875,0.237080411869
2050.781250,0.239511834923
2056.640625,0.236610346940
2062.500000,0.222495327328
2068.359375,0.212462629190
2074.218750,0.193925731703
2080.078125,0.212435349663
2085.937500,0.224719887113
2091.796875,0.203671889362
2097.656250,0.203927890392
2103.515625,0.201910889872
2109.375000,0.185631438137
2115.234375,0.190066249711
2121.093750,0.214167078471
2126.953125,0.220515694271
2132.812500,0.188425017676
2138.671875,0.194444970870
2144.531250,0.191396547277
2150.390625,0.203022494754
2156.250000,0.200203245912
2162.109375,0.214080509235
2167.968750,0.200685638671
2173.828125,0.172077062980
2179.687500,0.193147946702
2185.546875,0.192225474834
2191.406250,0.179944222915
2197.265625,0.182011483389
2203.125000,0.181416263186
2208.984375,0.178121505932
2214.843750,0.188706850238
2220.703125,0.193212149357
2226.562500,0.189273499115
2232.421875,0.204100886546
2238.281250,0.191400908551
2244.140625,0.176317102538
2250.000000,0.163134790014
2255.859375,0.156558588152
2261.718750,0.166851068062
2267.578125,0.169584946804
2273.437500,0.176856128789
2279.296875,0.194181939214
2285.156250,0.191242541685
2291.015625,0.188056716616
2296.875000,0.188635974547
2302.734375,0.185757600069
2308.593750,0.196717118886
2314.453125,0.193290633485
2320.312500,0.194586029823
2326.171875,0.189185491753
2332.031250,0.187475879455
2337.890625,0.184452843632
2343.750000,0.204591644239
2349.609375,0.208866030192
2355.468750,0.200603617322
2361.328125,0.189774353249
2367.187500,0.176964499010
2373.046875,0.166033777556
2378.906250,0.161017297706
2384.765625,0.159627044406
2390.625000,0.171551159631
2396.484375,0.177052327224
2402.343750,0.172098711975
2408.203125,0.180048276682
2414.062500,0.176517385833
2419.921875,0.163500319269
2425.781250,0.175830570683
2431.640625,0.195100695183
2437.500000,0.194260959094
2443.359375,0.188684073201
2449.218750,0.174451793566
2455.078125,0.183011151521
2460.937500,0.191037379054
2466.796875,0.179832858326
2472.656250,0.178337040814
2478.515625,0.175122731919
2484.375000,0.187558219782
2490.234375,0.193546331821
2496.093750,0.181774099699
2501.953125,0.172170874254
2507.812500,0.186177867180
2513.671875,0.186554915537
2519.531250,0.182593278803
2525.390625,0.180841962841
2531.250000,0.176961807957
2537.109375,0.170632666318
2542.968750,0.168375615748
2548.828125,0.168382403400
2554.687500,0.162511662319
2560.546875,0.156890820221
2566.406250,0.159343218681
2572.265625,0.165300404393
2578.125000,0.161166747089
2583.984375,0.174568373326
2589.843750,0.179988289404
2595.703125,0.160166363928
2601.562500,0.152259052902
2607.421875,0.156636836553
2613.281250,0.162222510258
2619.140625,0.159924227100
2625.000000,0.162150574354
2630.859375,0.150093154418
2636.718750,0.151600124119
2642.578125,0.152594519028
2648.437500,0.169738740679
2654.296875,0.164978551477
2660.156250,0.155015138601
2666.015625,0.143782053199
2671.875000,0.149904187697
2677.734375,0.146840679536
2683.593750,0.156307616459
2689.453125,0.154828598122
2695.312500,0.151645001339
2701.171875,0.156528864521
2707.031250,0.159075793168
2712.890625,0.157720795166
2718.750000,0.156059982964
2724.609375,0.169087078541
2730.468750,0.175999186296
2736.328125,0.180082316306
2742.187500,0.175702436513
2748.046875,0.160775633903
2753.906250,0.162663149346
2759.765625,0.163459657831
2765.625000,0.160986882461
2771.484375,0.169422540733
2777.343750,0.178952268898
2783.203125,0.165963498484
2789.062500,0.164241480539
2794.921875,0.167394437647
2800.781250,0.180501162866
2806.640625,0.170110425766
2812.500000,0.162572936689
2818.359375,0.155973207656
2824.218750,0.149271939493
2830.078125,0.166681118753
2835.937500,0.187032951682
2841.796875,0.191093821496
2847.656250,0.189233511602
2853.515625,0.188968019296
2859.375000,0.184331191000
2865.234375,0.186147066067
2871.093750,0.184466107908
2876.953125,0.164694419432
2882.812500,0.160126505615
2888.671875,0.161628695214
2894.531250,0.168483491197
2900.390625,0.166377277661
2906.250000,0.148704733692
2912.109375,0.144453380621
2917.968750,0.143223646025
2923.828125,0.139288226000
2929.687500,0.136588770964
2935.546875,0.138929368728
2941.406250,0.150338962233
2947.265625,0.147716186265
2953.125000,0.132133425587
2958.984375,0.124245779169
2964.843750,0.128051965169
2970.703125,0.128708351073
2976.562500,0.126324345177
2982.421875,0.131682114478
2988.281250,0.132755742109
2994.140625,0.131418374519
3000.000000,0.137853762041
3005.859375,0.132971097872
3011.718750,0.116973884986
3017.578125,0.123436894753
3023.437500,0.115646981970
3029.296875,0.116602000483
3035.156250,0.124966994879
3041.015625,0.132832342166
3046.875000,0.135525906990
3052.734375,0.136396325526
3058.593750,0.118905140666
3064.453125,0.122680470081
3070.312500,0.125618732994
3076.171875,0.130224958381
3082.031250,0.123314648968
3087.890625,0.127291558630
3093.750000,0.129724606924
3099.609375,0.131514196267
3105.468750,0.134646214935
3111.328125,0.131623635723
3117.187500,0.132298198364
3123.046875,0.143323286699
3128.906250,0.140890225975
3134.765625,0.126876881509
3140.625000,0.116488892071
3146.484375,0.123870388559
3152.343750,0.122674090559
3158.203125,0.130069955005
3164.062500,0.133431437075
3169.921875,0.125039305328
3175.781250,0.125194431094
3181.640625,0.130239385930
3187.500000,0.140461730754
3193.359375,0.145266433831
3199.218750,0.146480547247
3205.078125,0.142799193353
3210.937500,0.142704994448
3216.796875,0.134933064365
3222.656250,0.132805243496
3228.515625,0.134124280593
3234.375000,0.155041899129
3240.234375,0.161860256505
3246.093750,0.154487809852
3251.953125,0.150105876342
3257.812500,0.160705693306
3263.671875,0.165966958772
3269.531250,0.162637274571
3275.390625,0.161522400190
3281.250000,0.162781308532
3287.109375,0.147893194825
3292.968750,0.134712823771
3298.828125,0.127509769390
3304.687500,0.121760757426
3310.546875,0.124639870935
3316.406250,0.124727150081
3322.265625,0.119489808469
3328.125000,0.120731053508
3333.984375,0.126716165028
3339.843750,0.126108787931
3345.703125,0.133982348370
3351.562500,0.141257924059
3357.421875,0.139127633239
3363.281250,0.129636671855
3369.140625,0.116614276736
3375.000000,0.119430647523
3380.859375,0.125632238654
3386.718750,0.135541031262
3392.578125,0.132811915914
3398.437500,0.140558836258
3404.296875,0.120583159554
3410.156250,0.120911729906
3416.015625,0.141284151068
3421.875000,0.149078397560
3427.734375,0.148467576707
3433.593750,0.146843219320
3439.453125,0.135016086712
3445.312500,0.121958738306
3451.171875,0.128675504790
3457.031250,0.141139187064
3462.890625,0.153625823763
3468.750000,0.160462499311
3474.609375,0.180676839790
3480.468750,0.181564898400
3486.328125,0.153860857703
3492.187500,0.149385254684
3498.046875,0.143357374598
3503.906250,0.160602103664
3509.765625,0.176908502217
3515.625000,0.189689381979
3521.484375,0.197532700121
3527.343750,0.185129028768
3533.203125,0.178143311904
3539.062500,0.162170515501
3544.921875,0.154599108980
3550.781250,0.159759829795
3556.640625,0.157657012665
3562.500000,0.167075248340
3568.359375,0.173725012353
3574.218750,0.200176627048
3580.078125,0.208803605249
3585.937500,0.199296072836
3591.796875,0.173601152234
3597.656250,0.165933273626
3603.515625,0.171242829340
3609.375000,0.170173010426
3615.234375,0.179290413234
3621.093750,0.181489277064
3626.953125,0.168999815022
3632.812500,0.172114232040
3638.671875,0.169889206913
3644.531250,0.162676843136
3650.390625,0.159352004007
3656.250000,0.148338445207
3662.109375,0.166281015692
3667.968750,0.183238706823
3673.828125,0.176514496031
3679.687500,0.174401796062
3685.546875,0.154360652089
3691.406250,0.148663491900
3697.265625,0.152562153623
3703.125000,0.176615449235
3708.984375,0.178443022292
3714.843750,0.161884816380
3720.703125,0.157030275472
3726.562500,0.154871378348
3732.421875,0.162687541422
3738.281250,0.151329953635
3744.140625,0.149492826478
3750.000000,0.152215424620
3755.859375,0.143614681348
3761.718750,0.162334063610
3767.578125,0.170344286687
3773.437500,0.172412815298
3779.296875,0.175432487736
3785.156250,0.158981309943
3791.015625,0.153554535336
3796.875000,0.151159288302
3802.734375,0.160137961225
3808.593750,0.182439158938
3814.453125,0.185510317518
3820.312500,0.160502445614
3826.171875,0.133853929957
3832.031250,0.143430844256
3837.890625,0.149345171500
3843.750000,0.165512969859
3849.609375,0.166951734900
3855.468750,0.165843120699
3861.328125,0.157812582218
3867.187500,0.140370054096
3873.046875,0.144015884330
3878.906250,0.136868320136
3884.765625,0.139983261662
3890.625000,0.145079214616
3896.484375,0.146586938157
3902.343750,0.145946048038
3908.203125,0.144326143354
3914.062500,0.141615488018
3919.921875,0.137118068400
3925.781250,0.139007963096
3931.640625,0.139365796732
3937.500000,0.139963127777
3943.359375,0.141364541215
3949.218750,0.150617957911
3955.078125,0.142371351145
3960.937500,0.131105038870
3966.796875,0.116241977430
3972.656250,0.123815305073
3978.515625,0.125299425730
3984.375000,0.116197014593
3990.234375,0.115716980212
3996.093750,0.112196687780
4001.953125,0.120749035699
4007.812500,0.128193671225
4013.671875,0.125781423891
4019.531250,0.131722089138
4025.390625,0.140488505730
4031.250000,0.144725481465
4037.109375,0.125332749977
4042.968750,0.131424772686
4048.828125,0.131353387971
4054.687500,0.129303045113
4060.546875,0.138644453799
4066.406250,0.157346282297
4072.265625,0.154839618953
4078.125000,0.140778173822
4083.984375,0.152339832166
4089.843750,0.139061007637
4095.703125,0.134830985400
4101.562500,0.143774208219
4107.421875,0.161357352513
4113.281250,0.161061847620
4119.140625,0.135304528447
4125.000000,0.125813034945
4130.859375,0.132511296655
4136.718750,0.132223617865
4142.578125,0.130057949976
4148.437500,0.128926451261
4154.296875,0.127313317006
4160.156250,0.137524105434
4166.015625,0.132080531766
4171.875000,0.122301058674
4177.734375,0.128863063806
4183.593750,0.132895778139
4189.453125,0.132303941514
4195.312500,0.133691061974
4201.171875,0.144577220665
4207.031250,0.137697787369
4212.890625,0.135377155992
4218.750000,0.132611057362
4224.609375,0.131367647506
4230.468750,0.128018936598
4236.328125,0.121644412733
4242.187500,0.121824016947
4248.046875,0.125857871972
4253.906250,0.120970406003
4259.765625,0.116306933011
4265.625000,0.106820538976
4271.484375,0.112364301894
4277.343750,0.114828898971
4283.203125,0.117820627952
4289.062500,0.124539880784
4294.921875,0.125135849772
4300.781250,0.121755629894
4306.640625,0.126007658454
4312.500000,0.128817866851
4318.359375,0.121917002729
4324.218750,0.126000927931
4330.078125,0.134889583555
4335.937500,0.131951742642
4341.796875,0.123923601490
4347.656250,0.129642284159
4353.515625,0.125540730319
4359.375000,0.118967061042
4365.234375,0.116319184911
4371.093750,0.105676097604
4376.953125,0.116781296168
4382.812500,0.116463193286
4388.671875,0.104234091097
4394.531250,0.110935961482
4400.390625,0.115428465875
4406.250000,0.119065776186
4412.109375,0.114653621456
4417.968750,0.113681978720
4423.828125,0.109680282317
4429.687500,0.110777380882
4435.546875,0.114112895286
4441.406250,0.110147937459
4447.265625,0.114598608609
4453.125000,0.113577834852
4458.984375,0.115908649479
4464.843750,0.111159011864
4470.703125,0.115657790010
4476.562500,0.121113080264
4482.421875,0.143622473507
4488.281250,0.149408750230
4494.140625,0.148841093235
4500.000000,0.157996631621
4505.859375,0.150537209926
4511.718750,0.132793966936
4517.578125,0.136992365051
4523.437500,0.134353226765
4529.296875,0.133971631437
4535.156250,0.142073892722
4541.015625,0.124165482363
4546.875000,0.107069244042
4552.734375,0.099197494164
4558.593750,0.097074762651
4564.453125,0.110280513955
4570.312500,0.117445546727
4576.171875,0.111144185708
4582.031250,0.117674356638
4587.890625,0.117328147577
4593.750000,0.117140498245
4599.609375,0.123613381794
4605.468750,0.114799006654
4611.328125,0.119548128317
4617.187500,0.129398694328
4623.046875,0.111903028881
4628.906250,0.109553575422
4634.765625,0.102236578579
4640.625000,0.103343385282
4646.484375,0.103519627338
4652.343750,0.099218435580
4658.203125,0.092588468203
4664.062500,0.101794540341
4669.921875,0.105546551542
4675.781250,0.121096118062
4681.640625,0.119984964450
4687.500000,0.106880901721
4693.359375,0.100971035047
4699.218750,0.099790646963
4705.078125,0.105337269477
4710.937500,0.098535604177
4716.796875,0.104390031199
4722.656250,0.106869459269
4728.515625,0.099616445846
4734.375000,0.098182943294
4740.234375,0.104768495689
4746.093750,0.105770320199
4751.953125,0.099731816876
4757.812500,0.097626040643
4763.671875,0.102790470027
4769.531250,0.096617946490
4775.390625,0.098916880841
4781.250000,0.100396984419
4787.109375,0.099108449435
4792.968750,0.094796610956
4798.828125,0.099010584622
4804.687500,0.092806435587
4810.546875,0.101377140132
4816.406250,0.106258857313
4822.265625,0.101158524693
4828.125000,0.086295033525
4833.984375,0.074259700006
4839.843750,0.083901154075
4845.703125,0.090465781879
4851.562500,0.083393241192
4857.421875,0.085682102304
4863.281250,0.077915879831
4869.140625,0.076475400403
4875.000000,0.080718206505
4880.859375,0.078550826335
4886.718750,0.077544364295
4892.578125,0.074790462435
4898.437500,0.079479538466
4904.296875,0.084543912963
4910.156250,0.087512675068
4916.015625,0.087385091437
4921.875000,0.084765884292
4927.734375,0.077309385518
4933.593750,0.073128453483
4939.453125,0.069749365140
4945.312500,0.070571803735
4951.171875,0.068047559969
4957.031250,0.068996479139
4962.890625,0.067622036232
4968.750000,0.066185603521
4974.609375,0.063879076219
4980.468750,0.068573589460
4986.328125,0.069584723984
4992.187500,0.067011985647
4998.046875,0.066478442951
5003.906250,0.068211008661
5009.765625,0.070718070112
5015.625000,0.070713666004
5021.484375,0.073781375522
5027.343750,0.069590208640
5033.203125,0.061614294359
5039.062500,0.065468868653
5044.921875,0.061289767151
5050.781250,0.060103542068
5056.640625,0.057417933930
5062.500000,0.061204400729
5068.359375,0.059282022181
5074.218750,0.055309809369
5080.078125,0.053682817460
5085.937500,0.054425258216
5091.796875,0.052278214939
5097.656250,0.053012918645
5103.515625,0.054276290964
5109.375000,0.055489287529
5115.234375,0.050613636752
5121.093750,0.052371752371
5126.953125,0.052499362582
5132.812500,0.050860026586
5138.671875,0.056393117033
5144.531250,0.058605857588
5150.390625,0.059181111781
5156.250000,0.058850234456
5162.109375,0.061378380603
5167.968750,0.057629184805
5173.828125,0.056750367306
5179.687500,0.051325886711
5185.546875,0.053887493620
5191.406250,0.052150350000
5197.265625,0.049815661240
5203.125000,0.049700548981
5208.984375,0.049348291153
5214.843750,0.047274128592
5220.703125,0.050043055135
5226.562500,0.050633654971
5232.421875,0.048392346435
5238.281250,0.047447122359
5244.140625,0.050649379690
5250.000000,0.050669508107
5255.859375,0.046466704603
5261.718750,0.045771814128
5267.578125,0.049083586123
5273.437500,0.044355725198
5279.296875,0.041792435940
5285.156250,0.045211706676
5291.015625,0.049697544936
5296.875000,0.050812058757
5302.734375,0.048059970322
5308.593750,0.050223050611
5314.453125,0.048580048626
5320.312500,0.049779612056
5326.171875,0.051335979765
5332.031250,0.052197327359
5337.890625,0.050571714569
5343.750000,0.049387485366
5349.609375,0.050739438164
5355.468750,0.050556071385
5361.328125,0.046013874999
5367.187500,0.048704668984
5373.046875,0.046727771938
5378.906250,0.046474437994
5384.765625,0.048981432706
5390.625000,0.049521950320
5396.484375,0.051183512897
5402.343750,0.050085834099
5408.203125,0.053882704201
5414.062500,0.054640989733
5419.921875,0.053168333353
5425.781250,0.056755410343
5431.640625,0.053700347938
5437.500000,0.049451110776
5443.359375,0.052024000460
5449.218750,0.050880713519
5455.078125,0.048945180039
5460.937500,0.050477277834
5466.796875,0.050478607654
5472.656250,0.050522627435
5478.515625,0.051000676819
5484.375000,0.050358458305
5490.234375,0.052613303092
5496.093750,0.052245004831
5501.953125,0.049466915947
5507.812500,0.047097491693
5513.671875,0.050292359109
5519.531250,0.050068846339
5525.390625,0.048021791983
5531.250000,0.048276891968
5537.109375,0.054813840525
5542.968750,0.061472010375
5548.828125,0.061037935520
5554.687500,0.056241148772
5560.546875,0.051721208735
5566.406250,0.048837522502
5572.265625,0.051619253394
5578.125000,0.053503376764
5583.984375,0.056537477401
5589.843750,0.058672062316
5595.703125,0.057024716538
5601.562500,0.056694322357
5607.421875,0.055505802706
5613.281250,0.055602923520
5619.140625,0.056771898644
5625.000000,0.055098926219
5630.859375,0.055342036991
5636.718750,0.050305520333
5642.578125,0.052156564342
5648.437500,0.051068347821
5654.296875,0.049070701122
5660.156250,0.048945847573
5666.015625,0.049277292762
5671.875000,0.048831083630
5677.734375,0.047414176907
5683.593750,0.049170695310
5689.453125,0.048286458606
5695.312500,0.047027039237
5701.171875,0.048885500823
5707.031250,0.051057690166
5712.890625,0.053377531110
5718.750000,0.050426566502
5724.609375,0.042495561343
5730.468750,0.047113879830
5736.328125,0.050345804080
5742.187500,0.047168721883
5748.046875,0.045924538642
5753.906250,0.048854488810
5759.765625,0.045719257764
5765.625000,0.047207570778
5771.484375,0.049424241587
5777.343750,0.048578542725
5783.203125,0.048712530054
5789.062500,0.045805737373
5794.921875,0.047128131948
5800.781250,0.047882742388
5806.640625,0.046478830921
5812.500000,0.052096553747
5818.359375,0.053637150615
5824.218750,0.056218043122
5830.078125,0.051714814188
5835.937500,0.051303850476
5841.796875,0.051722854794
5847.656250,0.051618756062
5853.515625,0.052187759887
5859.375000,0.050342859887
5865.234375,0.051909800987
5871.093750,0.052036039963
5876.953125,0.049048820160
5882.812500,0.053715609805
5888.671875,0.057989188486
5894.531250,0.051862255486
5900.390625,0.048107424371
5906.250000,0.054446775043
5912.109375,0.060004747515
5917.968750,0.060215524180
5923.828125,0.060338967019
5929.687500,0.061770903815
5935.546875,0.059216518369
5941.406250,0.058928921182
5947.265625,0.059344829142
5953.125000,0.056687366784
5958.984375,0.052548876377
5964.843750,0.054927939361
5970.703125,0.054139349329
5976.562500,0.054953013007
5982.421875,0.055331781651
5988.281250,0.059832264278
5994.140625,0.058943369566
6000.000000,0.057132274948
6005.859375,0.056650820807
6011.718750,0.061689122823
6017.578125,0.061191573667
6023.437500,0.061866145449
6029.296875,0.057672055517
6035.156250,0.057145653487
6041.015625,0.055957483738
6046.875000,0.058822157062
6052.734375,0.059665921410
6058.593750,0.053184070063
6064.453125,0.054909199726
6070.312500,0.053305605885
6076.171875,0.057314801324
6082.031250,0.058759156515
6087.890625,0.057635615809
6093.750000,0.061359494992
6099.609375,0.060360130406
6105.468750,0.062560289148
6111.328125,0.061115275930
6117.187500,0.059243791655
6123.046875,0.059516927953
6128.906250,0.061953994455
6134.765625,0.060931165683
6140.625000,0.061546263598
6146.484375,0.068712979578
6152.343750,0.067204223384
6158.203125,0.067192534640
6164.062500,0.064995889646
6169.921875,0.066106210054
6175.781250,0.069984530267
6181.640625,0.075572077696
6187.500000,0.073246212201
6193.359375,0.075605300092
6199.218750,0.072456092846
6205.078125,0.070766678555
6210.937500,0.070331149101
6216.796875,0.073763594765
6222.656250,0.074743685533
6228.515625,0.072004369972
6234.375000,0.072710430334
6240.234375,0.073900133874
6246.093750,0.065567774917
6251.953125,0.060522835294
6257.812500,0.063214127168
6263.671875,0.065192542109
6269.531250,0.068606645073
6275.390625,0.064154000234
6281.250000,0.062308850083
6287.109375,0.061419466492
6292.968750,0.055578692147
6298.828125,0.055261226468
6304.687500,0.056489953152
6310.546875,0.058499189348
6316.406250,0.057517061129
6322.265625,0.056454458598
6328.125000,0.058857454850
6333.984375,0.056405277389
6339.843750,0.057897137095
6345.703125,0.059454780095
6351.562500,0.059158110950
6357.421875,0.053766709089
6363.281250,0.053923905113
6369.140625,0.058265362405
6375.000000,0.058492615354
6380.859375,0.054727045872
6386.718750,0.054934489563
6392.578125,0.057855141825
6398.437500,0.056779356660
6404.296875,0.055950710331
6410.156250,0.053736985920
6416.015625,0.051906903965
6421.875000,0.064297401296
6427.734375,0.072295073698
6433.593750,0.072097628877
6439.453125,0.070522569077
6445.312500,0.063129931895
6451.171875,0.062093370981
6457.031250,0.059453734455
6462.890625,0.053533783356
6468.750000,0.058015792962
6474.609375,0.063075131076
6480.468750,0.059407149575
6486.328125,0.063081377211
6492.187500,0.063290372629
6498.046875,0.064390194440
6503.906250,0.057716225714
6509.765625,0.055628095157
6515.625000,0.051562331182
6521.484375,0.052527826581
6527.343750,0.054230545932
6533.203125,0.052094150469
6539.062500,0.047243710189
6544.921875,0.051204517803
6550.781250,0.050035396607
6556.640625,0.046987679803
6562.500000,0.047401282064
6568.359375,0.043649210640
6574.218750,0.043146094704
6580.078125,0.046830097277
6585.937500,0.042498856003
6591.796875,0.043293657270
6597.656250,0.046019516993
6603.515625,0.047818397985
6609.375000,0.046367492840
6615.234375,0.047261681989
6621.093750,0.041677060128
6626.953125,0.040977223122
6632.812500,0.039400747001
6638.671875,0.039802301586
6644.531250,0.040619284367
6650.390625,0.037054833356
6656.250000,0.037105768786
6662.109375,0.035799256728
6667.968750,0.035261935873
6673.828125,0.040092264844
6679.687500,0.044036844544
6685.546875,0.044110117469
6691.406250,0.043508087228
6697.265625,0.045024136335
6703.125000,0.037357247836
6708.984375,0.034170645367
6714.843750,0.036145919106
6720.703125,0.035446409811
6726.562500,0.039387728316
6732.421875,0.038481595329
6738.281250,0.035651951980
6744.140625,0.036825642997
6750.000000,0.035179570631
6755.859375,0.035964209062
6761.718750,0.037562628928
6767.578125,0.035637671626
6773.437500,0.035313034840
6779.296875,0.034835574552
6785.156250,0.033598371679
6791.015625,0.033083338013
6796.875000,0.031742273529
6802.734375,0.029884287369
6808.593750,0.031592031010
6814.453125,0.031354775236
6820.312500,0.027559143311
6826.171875,0.026999824542
6832.031250,0.029041805041
6837.890625,0.029273505927
6843.750000,0.028603572014
6849.609375,0.027287947646
6855.468750,0.026370501057
6861.328125,0.025163522423
6867.187500,0.029422249763
6873.046875,0.030916331174
6878.906250,0.033704905533
6884.765625,0.031296839619
6890.625000,0.024324311041
6896.484375,0.027794481957
6902.343750,0.026150143020
6908.203125,0.022635017839
6914.062500,0.024439507652
6919.921875,0.022845163500
6925.781250,0.024112975510
6931.640625,0.024083293821
6937.500000,0.024874783020
6943.359375,0.027653366981
6949.218750,0.026619029538
6955.078125,0.025287829851
6960.937500,0.024065793541
6966.796875,0.023555003497
6972.656250,0.022882122421
6978.515625,0.022188503171
6984.375000,0.022888137983
6990.234375,0.027473391740
6996.093750,0.029554066607
7001.953125,0.023309392474
7007.812500,0.021461423306
7013.671875,0.021374120944
7019.531250,0.022514503744
7025.390625,0.025558851465
7031.250000,0.026086142737
7037.109375,0.025388496531
7042.968750,0.024141968833
7048.828125,0.022192412980
7054.687500,0.025186310641
7060.546875,0.028630591954
7066.406250,0.029616293105
7072.265625,0.030865230546
7078.125000,0.030333380699
7083.984375,0.029585512295
7089.843750,0.027060383325
7095.703125,0.027364438470
7101.562500,0.027063398118
7107.421875,0.027712020096
7113.281250,0.026019815345
7119.140625,0.024143545271
7125.000000,0.024654398458
7130.859375,0.023618418886
7136.718750,0.024363578529
7142.578125,0.024594198397
7148.437500,0.022179702109
7154.296875,0.019494858743
7160.156250,0.020071958382
7166.015625,0.020932252458
7171.875000,0.022446187359
7177.734375,0.024102379230
7183.593750,0.023816607908
7189.453125,0.025587358110
7195.312500,0.024692234855
7201.171875,0.023860456445
7207.031250,0.028045988769
7212.890625,0.025709739634
7218.750000,0.024331800540
7224.609375,0.025869930617
7230.468750,0.027213603514
7236.328125,0.024101744346
7242.187500,0.023545333377
7248.046875,0.022816295262
7253.906250,0.023175212835
7259.765625,0.021830957317
7265.625000,0.022075336394
7271.484375,0.021727599676
7277.343750,0.021290974114
7283.203125,0.022591431117
7289.062500,0.023605436761
7294.921875,0.023441962950
7300.781250,0.024118011062
7306.640625,0.025260856197
7312.500000,0.025449895669
7318.359375,0.025474850590
7324.218750,0.025334619809
7330.078125,0.023917468932
7335.937500,0.023653047967
7341.796875,0.024628222397
7347.656250,0.027123102065
7353.515625,0.026213487225
7359.375000,0.023951126174
7365.234375,0.023216088188
7371.093750,0.023544594502
7376.953125,0.024771477236
7382.812500,0.024143410694
7388.671875,0.027290724820
7394.531250,0.025825061224
7400.390625,0.025335163233
7406.250000,0.027374505369
7412.109375,0.028125626182
7417.968750,0.026958103014
7423.828125,0.026905463805
7429.687500,0.026203754823
7435.546875,0.025077411947
7441.406250,0.023373689489
7447.265625,0.023668982420
7453.125000,0.026389323534
7458.984375,0.024229976237
7464.843750,0.022138826445
7470.703125,0.022700071887
7476.562500,0.021940625799
7482.421875,0.021746234073
7488.281250,0.023915466104
7494.140625,0.025913027316
7500.000000,0.027168095504
7505.859375,0.024731484324
7511.718750,0.026778372336
7517.578125,0.025590085661
7523.437500,0.025931509633
7529.296875,0.023980572497
7535.156250,0.023704147562
7541.015625,0.024375945389
7546.875000,0.025471584854
7552.734375,0.025699779802
7558.593750,0.024124971630
7564.453125,0.024544928949
7570.312500,0.024538369594
7576.171875,0.025582423341
7582.031250,0.026277297064
7587.890625,0.027761732758
7593.750000,0.027165994724
7599.609375,0.025932692677
7605.468750,0.026719741720
7611.328125,0.026841396135
7617.187500,0.028000729131
7623.046875,0.026499664909
7628.906250,0.025287195466
7634.765625,0.026097765499
7640.625000,0.025936459284
7646.484375,0.026067443935
7652.343750,0.024764577563
7658.203125,0.024626803877
7664.062500,0.024437820661
7669.921875,0.025131380911
7675.781250,0.023665139872
7681.640625,0.023322961838
7687.500000,0.023917585517
7693.359375,0.026414732840
7699.218750,0.024956140569
7705.078125,0.026248323869
7710.937500,0.026668333756
7716.796875,0.023692602483
7722.656250,0.023390385987
7728.515625,0.024984565518
7734.375000,0.026303296556
7740.234375,0.024711101255
7746.093750,0.024269685480
7751.953125,0.024210472225
7757.812500,0.023771263957
7763.671875,0.023082565492
7769.531250,0.023816177843
7775.390625,0.024176552290
7781.250000,0.023561107080
7787.109375,0.024757505233
7792.968750,0.025866703194
7798.828125,0.024308484662
7804.687500,0.022547012367
7810.546875,0.023868088049
7816.406250,0.022951260943
7822.265625,0.024474638221
7828.125000,0.027300581519
7833.984375,0.025858038234
7839.843750,0.024551833250
7845.703125,0.024759700080
7851.562500,0.025432790226
7857.421875,0.025609969692
7863.281250,0.025404514539
7869.140625,0.026050020724
7875.000000,0.027568908493
7880.859375,0.027374472886
7886.718750,0.027464460299
7892.578125,0.026034770649
7898.437500,0.025826707731
7904.296875,0.024171420722
7910.156250,0.025019199038
7916.015625,0.026164390386
7921.875000,0.026331511173
7927.734375,0.026546889762
7933.593750,0.026259873573
7939.453125,0.025077156014
7945.312500,0.025615088888
7951.171875,0.025252157910
7957.031250,0.025079847965
7962.890625,0.026174159404
7968.750000,0.026195264149
7974.609375,0.026163373811
7980.468750,0.027483294139
7986.328125,0.026910711605
7992.187500,0.026481909973
7998.046875,0.027310093555
8003.906250,0.025167694203
8009.765625,0.025586396784
8015.625000,0.027106742036
8021.484375,0.029909337773
8027.343750,0.027278067786
8033.203125,0.025186591011
8039.062500,0.025895013654
8044.921875,0.026114252236
8050.781250,0.027524683694
8056.640625,0.026288991667
8062.500000,0.026876006479
8068.359375,0.026535558970
8074.218750,0.026836700792
8080.078125,0.026666599338
8085.937500,0.027869253047
8091.796875,0.026192055825
8097.656250,0.026421032330
8103.515625,0.025383119417
8109.375000,0.026268839007
8115.234375,0.025519209889
8121.093750,0.026566269454
8126.953125,0.027717255980
8132.812500,0.028985646673
8138.671875,0.029071760467
8144.531250,0.028230612426
8150.390625,0.028001201866
8156.250000,0.028441047617
8162.109375,0.027500925013
8167.968750,0.028720178492
8173.828125,0.026984615587
8179.687500,0.026837097389
8185.546875,0.029095624958
8191.406250,0.028740147698
8197.265625,0.028135975399
8203.125000,0.029353495935
8208.984375,0.028449545370
8214.843750,0.028040002856
8220.703125,0.029418766023
8226.562500,0.028431201174
8232.421875,0.027470864338
8238.281250,0.027795829541
8244.140625,0.029641508260
8250.000000,0.027154224190
8255.859375,0.026236328442
8261.718750,0.026613475520
8267.578125,0.026474245896
8273.437500,0.027269657953
8279.296875,0.028941413105
8285.156250,0.031359527670
8291.015625,0.030941057137
8296.875000,0.028517436055
8302.734375,0.025380009806
8308.593750,0.026546581733
8314.453125,0.028104248471
8320.312500,0.027354420136
8326.171875,0.027085548230
8332.031250,0.028218728580
8337.890625,0.027642798980
8343.750000,0.025896829837
8349.609375,0.025800975019
8355.468750,0.025895551350
8361.328125,0.026011520260
8367.187500,0.027255134027
8373.046875,0.026317909445
8378.906250,0.027086793481
8384.765625,0.024032063802
8390.625000,0.026133854451
8396.484375,0.026370975307
8402.343750,0.025834028893
8408.203125,0.026816869494
8414.062500,0.026146482368
8419.921875,0.023904272467
8425.781250,0.024854655891
8431.640625,0.024669180432
8437.500000,0.024058410002
8443.359375,0.022056963349
8449.218750,0.022078857672
8455.078125,0.024303059235
8460.937500,0.026212288561
8466.796875,0.023577940937
8472.656250,0.022267236380
8478.515625,0.022359018702
8484.375000,0.021602892677
8490.234375,0.021129759518
8496.093750,0.019852831442
8501.953125,0.020389676836
8507.812500,0.020241435599
8513.671875,0.019943454950
8519.531250,0.019723612793
8525.390625,0.021094937127
8531.250000,0.021731626214
8537.109375,0.021426427533
8542.968750,0.020746441828
8548.828125,0.020527609365
8554.687500,0.021121448515
8560.546875,0.021497790911
8566.406250,0.019779806661
8572.265625,0.019149913305
8578.125000,0.018988845961
8583.984375,0.018501016109
8589.843750,0.020247053918
8595.703125,0.019292265186
8601.562500,0.018494067470
8607.421875,0.018811074775
8613.281250,0.019046125751
8619.140625,0.019479508586
8625.000000,0.019622100912
8630.859375,0.019213892368
8636.718750,0.019868779557
8642.578125,0.017799036344
8648.437500,0.016817961511
8654.296875,0.018216313308
8660.156250,0.018236681255
8666.015625,0.016859508734
8671.875000,0.018092211073
8677.734375,0.018048717138
8683.593750,0.016899405441
8689.453125,0.017442604302
8695.312500,0.018941710603
8701.171875,0.019033684803
8707.031250,0.017558949601
8712.890625,0.017846849692
8718.750000,0.018686063635
8724.609375,0.019072902709
8730.468750,0.018150339120
8736.328125,0.018910088785
8742.187500,0.020651973762
8748.046875,0.019752361108
8753.906250,0.018649781329
8759.765625,0.018458048879
8765.625000,0.018539486865
8771.484375,0.017895259338
8777.343750,0.018989704947
8783.203125,0.019567602084
8789.062500,0.018502103179
8794.921875,0.017378257177
8800.781250,0.017595059496
8806.640625,0.016971148803
8812.500000,0.017912800163
8818.359375,0.017569884475
8824.218750,0.017108990943
8830.078125,0.018181176013
8835.937500,0.019094430288
8841.796875,0.019410586637
8847.656250,0.018688397534
8853.515625,0.018282243538
8859.375000,0.018697492000
8865.234375,0.018883421889
8871.093750,0.018255847080
8876.953125,0.017741814688
8882.812500,0.017462991481
8888.671875,0.016929639969
8894.531250,0.016981138876
8900.390625,0.018875512569
8906.250000,0.018332103876
8912.109375,0.018263128476
8917.968750,0.019973741779
8923.828125,0.019517145773
8929.687500,0.020026723904
8935.546875,0.020073729744
8941.406250,0.020224705915
8947.265625,0.018658123086
8953.125000,0.018640489692
8958.984375,0.020292299949
8964.843750,0.020757588061
8970.703125,0.020309986903
8976.562500,0.021044850655
8982.421875,0.021375423209
8988.281250,0.019512255248
8994.140625,0.019536695852
9000.000000,0.020299706554
9005.859375,0.022709483594
9011.718750,0.022643701336
9017.578125,0.023370533330
9023.437500,0.024649053998
9029.296875,0.023688419146
9035.156250,0.021387657270
9041.015625,0.019378716813
9046.875000,0.018995276134
9052.734375,0.018537112195
9058.593750,0.020013499440
9064.453125,0.020637673621
9070.312500,0.020080160348
9076.171875,0.020067621355
9082.031250,0.021825016453
9087.890625,0.022126730314
9093.750000,0.019788686968
9099.609375,0.020317623042
9105.468750,0.020448466241
9111.328125,0.019617846821
9117.187500,0.019471829163
9123.046875,0.021108039992
9128.906250,0.020198930538
9134.765625,0.019942123175
9140.625000,0.020009998592
9146.484375,0.020415237045
9152.343750,0.020855492135
9158.203125,0.019220808846
9164.062500,0.018974168956
9169.921875,0.019293047636
9175.781250,0.019418946866
9181.640625,0.020576005364
9187.500000,0.020535794782
9193.359375,0.020802623073
9199.218750,0.020512227801
9205.078125,0.020557913556
9210.937500,0.021120722716
9216.796875,0.018768266783
9222.656250,0.019659378571
9228.515625,0.019793108937
9234.375000,0.019669652051
9240.234375,0.021628583255
9246.093750,0.022452592351
9251.953125,0.021296856263
9257.812500,0.022853464933
9263.671875,0.022165536478
9269.531250,0.020923903923
9275.390625,0.021489128525
9281.250000,0.020141097308
9287.109375,0.020950332991
9292.968750,0.023787826837
9298.828125,0.022339054629
9304.687500,0.019991764273
9310.546875,0.022421850892
9316.406250,0.025039648020
9322.265625,0.024388867439
9328.125000,0.022494120843
9333.984375,0.023048728096
9339.843750,0.024097088830
9345.703125,0.024295352174
9351.562500,0.023245363306
9357.421875,0.020840710401
9363.281250,0.021203857402
9369.140625,0.021283426613
9375.000000,0.021679858698
9380.859375,0.021974094758
9386.718750,0.021505341916
9392.578125,0.022106799149
9398.437500,0.021894440261
9404.296875,0.021327927486
9410.156250,0.021370265070
9416.015625,0.021286217629
9421.875000,0.022944323780
9427.734375,0.024171966800
9433.593750,0.023592340872
9439.453125,0.022984810346
9445.312500,0.023245633929
9451.171875,0.022445176276
9457.031250,0.023169336655
9462.890625,0.022280193069
9468.750000,0.021013465702
9474.609375,0.021715830859
9480.468750,0.020202212737
9486.328125,0.022040408739
9492.187500,0.022925297727
9498.046875,0.023002847379
9503.906250,0.023009882819
9509.765625,0.023217748675
9515.625000,0.024118089185
9521.484375,0.024461085907
9527.343750,0.024039569468
9533.203125,0.024384486174
9539.062500,0.023560871409
9544.921875,0.022437796032
9550.781250,0.021121019230
9556.640625,0.021869677921
9562.500000,0.020613316191
9568.359375,0.021177647348
9574.218750,0.022456778725
9580.078125,0.022986032969
9585.937500,0.023190222921
9591.796875,0.023706565578
9597.656250,0.024307975781
9603.515625,0.024202933418
9609.375000,0.022735075436
9615.234375,0.023252627609
9621.093750,0.022475454056
9626.953125,0.023417934645
9632.812500,0.025535506737
9638.671875,0.024131735492
9644.531250,0.024494355850
9650.390625,0.027703245112
9656.250000,0.027018471716
9662.109375,0.025225431805
9667.968750,0.026207343133
9673.828125,0.025064702679
9679.687500,0.025770323414
9685.546875,0.024260926964
9691.406250,0.024639426562
9697.265625,0.024927177305
9703.125000,0.024842477756
9708.984375,0.024915668992
9714.843750,0.025572731822
9720.703125,0.025928862447
9726.562500,0.026312395510
9732.421875,0.026164738624
9738.281250,0.024412211365
9744.140625,0.023230160679
9750.000000,0.023541644526
9755.859375,0.024643034101
9761.718750,0.025231334675
9767.578125,0.024473507559
9773.437500,0.024890596058
9779.296875,0.025816338470
9785.156250,0.025923197711
9791.015625,0.025830218265
9796.875000,0.025076744562
9802.734375,0.026806956540
9808.593750,0.025084398366
9814.453125,0.024890239004
9820.312500,0.025021399861
9826.171875,0.025354519821
9832.031250,0.026092570290
9837.890625,0.026545235414
9843.750000,0.028913006265
9849.609375,0.028705106930
9855.468750,0.026808530618
9861.328125,0.026068188826
9867.187500,0.027316209788
9873.046875,0.027499180142
9878.906250,0.027440459146
9884.765625,0.029600493987
9890.625000,0.028029144991
9896.484375,0.028439343740
9902.343750,0.030276054159
9908.203125,0.029104458757
9914.062500,0.026882481160
9919.921875,0.028709352269
9925.781250,0.030794727629
9931.640625,0.029306654156
9937.500000,0.028627513723
9943.359375,0.031506110529
9949.218750,0.029134080530
9955.078125,0.028012671311
9960.937500,0.030339688278
9966.796875,0.029853465382
9972.656250,0.028570579638
9978.515625,0.027600724509
9984.375000,0.028155258307
9990.234375,0.028423447605
9996.093750,0.026626086694
10001.953125,0.027497520864
10007.812500,0.030047473560
10013.671875,0.027596049121
10019.531250,0.026356156931
10025.390625,0.025734211820
10031.250000,0.025794521841
10037.109375,0.024779666637
10042.968750,0.026407539143
10048.828125,0.026350595621
10054.687500,0.025314466408
10060.546875,0.026765527713
10066.406250,0.028926608429
10072.265625,0.026786158373
10078.125000,0.026678261207
10083.984375,0.027155880413
10089.843750,0.027960529371
10095.703125,0.026969651965
10101.562500,0.025550062391
10107.421875,0.027734827462
10113.281250,0.027372715156
10119.140625,0.027800539731
10125.000000,0.026754440673
10130.859375,0.027209594848
10136.718750,0.026979950688
10142.578125,0.027856321586
10148.437500,0.028461403409
10154.296875,0.028753362767
10160.156250,0.028392757409
10166.015625,0.028592299816
10171.875000,0.027958026058
10177.734375,0.027062655472
10183.593750,0.028284533820
10189.453125,0.029476735870
10195.312500,0.026920398086
10201.171875,0.027417549524
10207.031250,0.027414602491
10212.890625,0.027050686420
10218.750000,0.028200506311
10224.609375,0.033197876462
10230.468750,0.033716350734
10236.328125,0.031724771303
10242.187500,0.033323797674
10248.046875,0.034602432092
10253.906250,0.032592144945
10259.765625,0.032015590411
10265.625000,0.031453788323
10271.484375,0.032184242938
10277.343750,0.029093213353
10283.203125,0.030654994043
10289.062500,0.030977770565
10294.921875,0.028681062731
10300.781250,0.029660695052
10306.640625,0.032467990387
10312.500000,0.031133893719
10318.359375,0.031565587210
10324.218750,0.032704079730
10330.078125,0.033924847295
10335.937500,0.030609038769
10341.796875,0.028163312498
10347.656250,0.028462028958
10353.515625,0.029023075685
10359.375000,0.029452550917
10365.234375,0.029366419907
10371.093750,0.030064160185
10376.953125,0.029601951375
10382.812500,0.031150943556
10388.671875,0.030027126847
10394.531250,0.029999626618
10400.390625,0.032086594174
10406.250000,0.030418147438
10412.109375,0.027597854330
10417.968750,0.028846922152
10423.828125,0.031636412896
10429.687500,0.033723754576
10435.546875,0.034017103224
10441.406250,0.033063240084
10447.265625,0.036673247318
10453.125000,0.035456096185
10458.984375,0.032374193431
10464.843750,0.031693690490
10470.703125,0.032691273456
10476.562500,0.032560217307
10482.421875,0.034991715472
10488.281250,0.031538054043
10494.140625,0.031903036288
10500.000000,0.033027668940
10505.859375,0.035669073142
10511.718750,0.034521793292
10517.578125,0.034679497327
10523.437500,0.036037081754
10529.296875,0.034986475209
10535.156250,0.035781777620
10541.015625,0.035648301686
10546.875000,0.035708929844
10552.734375,0.033526752332
10558.593750,0.035259773916
10564.453125,0.035812359344
10570.312500,0.035777633447
10576.171875,0.033335551952
10582.031250,0.030311954211
10587.890625,0.032326680805
10593.750000,0.033970736498
10599.609375,0.033765301884
10605.468750,0.033533413720
10611.328125,0.032230981078
10617.187500,0.035737535980
10623.046875,0.035058912360
10628.906250,0.034943678630
10634.765625,0.036295096513
10640.625000,0.039852791449
10646.484375,0.038434141025
10652.343750,0.041465999345
10658.203125,0.040134274654
10664.062500,0.034810851012
10669.921875,0.036832158837
10675.781250,0.043818435658
10681.640625,0.039964950819
10687.500000,0.037509198103
10693.359375,0.041530467371
10699.218750,0.042723857975
10705.078125,0.038596818901
10710.937500,0.044587908750
10716.796875,0.044687273952
10722.656250,0.039317581536
10728.515625,0.037920491243
10734.375000,0.038792372450
10740.234375,0.040092210286
10746.093750,0.040515498928
10751.953125,0.044745349623
10757.812500,0.045055072502
10763.671875,0.046785203989
10769.531250,0.044568008704
10775.390625,0.044516449416
10781.250000,0.045553384523
10787.109375,0.045286510958
10792.968750,0.042364688646
10798.828125,0.038677132720
10804.687500,0.040075459934
10810.546875,0.044652251069
10816.406250,0.046056384564
10822.265625,0.040596320640
10828.125000,0.037983532786
10833.984375,0.039474811779
10839.843750,0.039093915844
10845.703125,0.041080538220
10851.562500,0.043281056471
10857.421875,0.041085317533
10863.281250,0.040161756970
10869.140625,0.042951543211
10875.000000,0.039728153647
10880.859375,0.038650740490
10886.718750,0.040189414662
10892.578125,0.038866858154
10898.437500,0.035877017243
10904.296875,0.036719542235
10910.156250,0.037247233295
10916.015625,0.038106186458
10921.875000,0.037771770997
10927.734375,0.035831458144
10933.593750,0.040685365168
10939.453125,0.038659343496
10945.312500,0.035747312850
10951.171875,0.036665175809
10957.031250,0.042234243644
10962.890625,0.040477724874
10968.750000,0.039172804697
10974.609375,0.036039921605
10980.468750,0.040238081506
10986.328125,0.036982442547
10992.187500,0.036044306940
10998.046875,0.042156397253
11003.906250,0.043556779709
11009.765625,0.042395600183
11015.625000,0.040747196754
11021.484375,0.039791968279
11027.343750,0.045147205734
11033.203125,0.045909935751
11039.062500,0.041535573147
11044.921875,0.044727240697
11050.781250,0.049428165387
11056.640625,0.046692516091
11062.500000,0.045173771296
11068.359375,0.043286773383
11074.218750,0.043344184767
11080.078125,0.039313033558
11085.937500,0.034797976999
11091.796875,0.036389104876
11097.656250,0.041777826154
11103.515625,0.043448587509
11109.375000,0.040115867108
11115.234375,0.040942179618
11121.093750,0.040865575350
11126.953125,0.039599818595
11132.812500,0.041932527833
11138.671875,0.037451319532
11144.531250,0.038723845946
11150.390625,0.042738740675
11156.250000,0.042297683433
11162.109375,0.039000735749
11167.968750,0.037263376005
11173.828125,0.041487683551
11179.687500,0.040955263645
11185.546875,0.036591090206
11191.406250,0.037496301458
11197.265625,0.041243586067
11203.125000,0.041353925007
11208.984375,0.040350131490
11214.843750,0.039400586978
11220.703125,0.039006468509
11226.562500,0.038314015122
11232.421875,0.035984230911
11238.281250,0.036288937784
11244.140625,0.043427791809
11250.000000,0.045156076577
11255.859375,0.039733991041
11261.718750,0.039846449594
11267.578125,0.039116621475
11273.437500,0.037317464703
11279.296875,0.039219913519
11285.156250,0.039277844891
11291.015625,0.037139251556
11296.875000,0.039273326877
11302.734375,0.037552815624
11308.593750,0.036420977980
11314.453125,0.035940496611
11320.312500,0.035195537343
11326.171875,0.035779856687
11332.031250,0.037869015336
11337.890625,0.038340722669
11343.750000,0.036105754636
11349.609375,0.033608411873
11355.468750,0.033546549222
11361.328125,0.036473671644
11367.187500,0.036470092738
11373.046875,0.034452296531
11378.906250,0.036988713526
11384.765625,0.039198879731
11390.625000,0.035510688567
11396.484375,0.037181388572
11402.343750,0.035424149897
11408.203125,0.037954007083
11414.062500,0.039802198087
11419.921875,0.037578876693
11425.781250,0.039736310954
11431.640625,0.042554594639
11437.500000,0.038694893381
11443.359375,0.037600363225
11449.218750,0.039925432615
11455.078125,0.041200373624
11460.937500,0.036637026094
11466.796875,0.036464172907
11472.656250,0.036553497735
11478.515625,0.037397708924
11484.375000,0.038484334851
11490.234375,0.036460878464
11496.093750,0.037680465144
11501.953125,0.040438096974
11507.812500,0.042055642219
11513.671875,0.037945276995
11519.531250,0.038777509363
11525.390625,0.040548259952
11531.250000,0.041877665285
11537.109375,0.039458686079
11542.968750,0.037898333170
11548.828125,0.037748542869
11554.687500,0.039012542350
11560.546875,0.040171838527
11566.406250,0.041180578582
11572.265625,0.037983202564
11578.125000,0.036681044863
11583.984375,0.037462645136
11589.843750,0.036191898107
11595.703125,0.035114370667
11601.562500,0.034174962737
11607.421875,0.035565232455
11613.281250,0.033062802578
11619.140625,0.031843399472
11625.000000,0.032796655803
11630.859375,0.033722461025
11636.718750,0.035345014459
11642.578125,0.035791771811
11648.437500,0.033802398498
11654.296875,0.033261507145
11660.156250,0.034424017900
11666.015625,0.035105547479
11671.875000,0.034676338684
11677.734375,0.035890326053
11683.593750,0.035782426038
11689.453125,0.033976725719
11695.312500,0.033991146166
11701.171875,0.035447272563
11707.031250,0.036166023739
11712.890625,0.036190087676
11718.750000,0.036044485148
11724.609375,0.036442014707
11730.468750,0.036994632833
11736.328125,0.036154735410
11742.187500,0.034195565388
11748.046875,0.035046969635
11753.906250,0.035551616769
11759.765625,0.033100512312
11765.625000,0.032811900000
11771.484375,0.033984539863
11777.343750,0.033194271317
11783.203125,0.032155716797
11789.062500,0.032314378525
11794.921875,0.034000234080
11800.781250,0.035788801105
11806.640625,0.033591702786
11812.500000,0.032490722309
11818.359375,0.034319518088
11824.218750,0.035574667001
11830.078125,0.036339871457
11835.937500,0.031768279467
11841.796875,0.031031587388
11847.656250,0.031698241205
11853.515625,0.032841379379
11859.375000,0.031038189894
11865.234375,0.029837621200
11871.093750,0.029630260812
11876.953125,0.029306323427
11882.812500,0.030084691106
11888.671875,0.031195967143
11894.531250,0.033352388989
11900.390625,0.031361443437
11906.250000,0.029660231275
11912.109375,0.031107243962
11917.968750,0.030352874867
11923.828125,0.031413578140
11929.687500,0.031200475197
11935.546875,0.030163870292
11941.406250,0.031732001322
11947.265625,0.031313266677
11953.125000,0.029363520254
11958.984375,0.029354396822
11964.843750,0.031090864011
11970.703125,0.032092412522
11976.562500,0.031095241689
11982.421875,0.032223474974
11988.281250,0.030906059220
11994.140625,0.038052686010
12000.000000,0.052863149212
12005.859375,0.037707974781
12011.718750,0.031385643439
12017.578125,0.033369321042
12023.437500,0.031426985489
12029.296875,0.029603023269
12035.156250,0.030999398560
12041.015625,0.031652700710
12046.875000,0.032549756999
12052.734375,0.030377208243
12058.593750,0.029437680868
12064.453125,0.028636829642
12070.312500,0.029435851345
12076.171875,0.029095636361
12082.031250,0.030038440065
12087.890625,0.030827706334
12093.750000,0.031039017243
12099.609375,0.029583406094
12105.468750,0.029233983591
12111.328125,0.028224669759
12117.187500,0.029302121094
12123.046875,0.029710534686
12128.906250,0.029442851485
12134.765625,0.030785818681
12140.625000,0.029212407838
12146.484375,0.027688205294
12152.343750,0.028423939498
12158.203125,0.029330727115
12164.062500,0.029316682749
12169.921875,0.028482200739
12175.781250,0.028150001681
12181.640625,0.028172600354
12187.500000,0.028858717795
12193.359375,0.029822247091
12199.218750,0.030894698523
12205.078125,0.032480317859
12210.937500,0.033850318671
12216.796875,0.031677551277
12222.656250,0.029705749708
12228.515625,0.031054775402
12234.375000,0.029661805005
12240.234375,0.027662681003
12246.093750,0.028739735143
12251.953125,0.033406699524
12257.812500,0.031930249645
12263.671875,0.028525290637
12269.531250,0.029605006435
12275.390625,0.028363547327
12281.250000,0.028102841339
12287.109375,0.028230065475
12292.968750,0.028092160846
12298.828125,0.029137755621
12304.687500,0.030652091942
12310.546875,0.029097666404
12316.406250,0.027608771837
12322.265625,0.028822956922
12328.125000,0.028477201745
12333.984375,0.028126617442
12339.843750,0.028161285928
12345.703125,0.031498378287
12351.562500,0.032895848504
12357.421875,0.028054935612
12363.281250,0.030169227014
12369.140625,0.030847802854
12375.000000,0.028861280846
12380.859375,0.025747698925
12386.718750,0.030465368127
12392.578125,0.030724168072
12398.437500,0.028760627534
12404.296875,0.027728753536
12410.156250,0.028055030073
12416.015625,0.025257156226
12421.875000,0.025578217329
12427.734375,0.026806217008
12433.593750,0.026354341840
12439.453125,0.025013110043
12445.312500,0.026387031622
12451.171875,0.026342241847
12457.031250,0.026925974699
12462.890625,0.028750412023
12468.750000,0.029547972802
12474.609375,0.027891391840
12480.468750,0.025854472337
12486.328125,0.029505077644
12492.187500,0.030099138675
12498.046875,0.027494271875
12503.906250,0.026191123270
12509.765625,0.025663503902
12515.625000,0.027477840168
12521.484375,0.029173723534
12527.343750,0.028651391422
12533.203125,0.027441880807
12539.062500,0.026048316244
12544.921875,0.026839125683
12550.781250,0.026060826030
12556.640625,0.025302939033
12562.500000,0.027981791793
12568.359375,0.028675055991
12574.218750,0.026192456710
12580.078125,0.024347589581
12585.937500,0.025494328075
12591.796875,0.024027156366
12597.656250,0.024534406157
12603.515625,0.026079702183
12609.375000,0.026683597423
12615.234375,0.027237247720
12621.093750,0.027477949016
12626.953125,0.027944801051
12632.812500,0.029672165667
12638.671875,0.027365123516
12644.531250,0.028670784180
12650.390625,0.027813155565
12656.250000,0.027157379070
12662.109375,0.027271985565
12667.968750,0.028430944978
12673.828125,0.025798024951
12679.687500,0.023987171082
12685.546875,0.025691581301
12691.406250,0.023834460016
12697.265625,0.022863154576
12703.125000,0.025190955437
12708.984375,0.026672995369
12714.843750,0.024167753543
12720.703125,0.022341830060
12726.562500,0.024952529230
12732.421875,0.025144653099
12738.281250,0.022201212094
12744.140625,0.022447999109
12750.000000,0.023901793335
12755.859375,0.024356908231
12761.718750,0.022734357994
12767.578125,0.023566459303
12773.437500,0.023480522080
12779.296875,0.022164264979
12785.156250,0.023136768948
12791.015625,0.023292762956
12796.875000,0.020407294377
12802.734375,0.019954536425
12808.593750,0.020577674331
12814.453125,0.021632492573
12820.312500,0.020911724713
12826.171875,0.022720406452
12832.031250,0.023604989384
12837.890625,0.020533759075
12843.750000,0.019573603780
12849.609375,0.021413199986
12855.468750,0.021091462206
12861.328125,0.021694243214
12867.187500,0.022293807602
12873.046875,0.022287562339
12878.906250,0.021118451963
12884.765625,0.021309831859
12890.625000,0.020882827221
12896.484375,0.021329341802
12902.343750,0.020807246534
12908.203125,0.023131811893
12914.062500,0.023652740588
12919.921875,0.022199640356
12925.781250,0.022265938293
12931.640625,0.023546320779
12937.500000,0.022048117866
12943.359375,0.020096489558
12949.218750,0.020271527638
12955.078125,0.021026319280
12960.937500,0.018740550970
12966.796875,0.018837460168
12972.656250,0.018538755852
12978.515625,0.018287403012
12984.375000,0.019143696201
12990.234375,0.020049069486
12996.093750,0.019493289994
13001.953125,0.020129362554
13007.812500,0.019262041895
13013.671875,0.019416750492
13019.531250,0.019485940022
13025.390625,0.020168810272
13031.250000,0.020765660039
13037.109375,0.019994263118
13042.968750,0.019694912604
13048.828125,0.019525917029
13054.687500,0.020675322141
13060.546875,0.019012147956
13066.406250,0.018688487221
13072.265625,0.018419615743
13078.125000,0.016773144862
13083.984375,0.017887443759
13089.843750,0.017157655921
13095.703125,0.015660625232
13101.562500,0.016916436738
13107.421875,0.016260308025
13113.281250,0.016791324537
13119.140625,0.017827960387
13125.000000,0.017353541580
13130.859375,0.016735486190
13136.718750,0.016019475334
13142.578125,0.016079344483
13148.437500,0.016087619878
13154.296875,0.016182437035
13160.156250,0.017072839536
13166.015625,0.016773372947
13171.875000,0.015711035921
13177.734375,0.016336763209
13183.593750,0.017152918888
13189.453125,0.015739183810
13195.312500,0.016054124238
13201.171875,0.016924646373
13207.031250,0.015466297425
13212.890625,0.016257976962
13218.750000,0.016022123904
13224.609375,0.017487796069
13230.468750,0.015860760473
13236.328125,0.016496494322
13242.187500,0.017587906042
13248.046875,0.015714586811
13253.906250,0.013470984346
13259.765625,0.014481053373
13265.625000,0.015159985824
13271.484375,0.014686776010
13277.343750,0.015290000846
13283.203125,0.015411662084
13289.062500,0.013897519982
13294.921875,0.014181249695
13300.781250,0.015023188448
13306.640625,0.014629570675
13312.500000,0.014178055042
13318.359375,0.014622944441
13324.218750,0.015170633091
13330.078125,0.013731974393
13335.937500,0.014454611084
13341.796875,0.014461138837
13347.656250,0.014353562513
13353.515625,0.014796405121
13359.375000,0.014930628805
13365.234375,0.015254762930
13371.093750,0.013402647996
13376.953125,0.014902789713
13382.812500,0.015406790310
13388.671875,0.013897826317
13394.531250,0.014322236098
13400.390625,0.015215314197
13406.250000,0.014940093146
13412.109375,0.014232629815
13417.968750,0.013523982545
13423.828125,0.014070598300
13429.687500,0.014293755968
13435.546875,0.013742148298
13441.406250,0.014834535155
13447.265625,0.014898659035
13453.125000,0.013822726136
13458.984375,0.012984172135
13464.843750,0.013189165398
13470.703125,0.013093138878
13476.562500,0.013213473926
13482.421875,0.013110269042
13488.281250,0.013706483810
13494.140625,0.015193684219
13500.000000,0.015083314119
13505.859375,0.014328508219
13511.718750,0.013615910410
13517.578125,0.014627187005
13523.437500,0.014158324643
13529.296875,0.013337259448
13535.156250,0.013050683880
13541.015625,0.014233679473
13546.875000,0.015176535965
13552.734375,0.013133160736
13558.593750,0.013840028120
13564.453125,0.014267121392
13570.312500,0.013644587628
13576.171875,0.013193163567
13582.031250,0.012976412058
13587.890625,0.012813613931
13593.750000,0.013268335193
13599.609375,0.012151808822
13605.468750,0.012911984832
13611.328125,0.013258054284
13617.187500,0.012530390486
13623.046875,0.011646074247
13628.906250,0.012176068346
13634.765625,0.013837534450
13640.625000,0.013958314267
13646.484375,0.012731411201
13652.343750,0.013049586806
13658.203125,0.013634101019
13664.062500,0.012514559639
13669.921875,0.013054248808
13675.781250,0.013939216404
13681.640625,0.014270567808
13687.500000,0.012859692958
13693.359375,0.013021834681
13699.218750,0.013316963383
13705.078125,0.012890371243
13710.937500,0.012574452584
13716.796875,0.011987276858
13722.656250,0.012070494831
13728.515625,0.012057827809
13734.375000,0.011352586025
13740.234375,0.011413166180
13746.093750,0.011999132891
13751.953125,0.012066605845
13757.812500,0.011905369475
13763.671875,0.011938719497
13769.531250,0.011689195877
13775.390625,0.012050737559
13781.250000,0.011931905391
13787.109375,0.010838430355
13792.968750,0.011171453453
13798.828125,0.013034579594
13804.687500,0.012172687133
13810.546875,0.011829680261
13816.406250,0.012775157868
13822.265625,0.011949758302
13828.125000,0.011783065811
13833.984375,0.011506789829
13839.843750,0.011401039676
13845.703125,0.012308439278
13851.562500,0.011968242113
13857.421875,0.011645009849
13863.281250,0.011417698449
13869.140625,0.011986360745
13875.000000,0.011990196376
13880.859375,0.011562551062
13886.718750,0.010948874352
13892.578125,0.011130796274
13898.437500,0.011816769562
13904.296875,0.011354740200
13910.156250,0.011294788377
13916.015625,0.010500043416
13921.875000,0.010534798395
13927.734375,0.010032293960
13933.593750,0.010806404492
13939.453125,0.011199904148
13945.312500,0.011111114782
13951.171875,0.010656367535
13957.031250,0.010855737933
13962.890625,0.010900978694
13968.750000,0.010679672972
13974.609375,0.010694850896
13980.468750,0.010667101174
13986.328125,0.010656593716
13992.187500,0.010248247132
13998.046875,0.010687659819
14003.906250,0.011659558890
14009.765625,0.011677516296
14015.625000,0.010349633012
14021.484375,0.011274214555
14027.343750,0.011491928233
14033.203125,0.011040661810
14039.062500,0.011142040963
14044.921875,0.010734134345
14050.781250,0.010691821713
14056.640625,0.010322945345
14062.500000,0.010520724184
14068.359375,0.010457044258
14074.218750,0.010640151645
14080.078125,0.010166653786
14085.937500,0.010389814273
14091.796875,0.010492688175
14097.656250,0.011320952997
14103.515625,0.011598763113
14109.375000,0.011336956871
14115.234375,0.011361617861
14121.093750,0.011995762008
14126.953125,0.011256755384
14132.812500,0.010820938698
14138.671875,0.010829868356
14144.531250,0.010634080513
14150.390625,0.010929590360
14156.250000,0.011448738320
14162.109375,0.013004303465
14167.968750,0.012262187749
14173.828125,0.010979352994
14179.687500,0.011488009490
14185.546875,0.011730812812
14191.406250,0.010967206497
14197.265625,0.009952277503
14203.125000,0.011191605621
14208.984375,0.011549313980
14214.843750,0.010397125153
14220.703125,0.010294777453
14226.562500,0.010789675872
14232.421875,0.010421344441
14238.281250,0.010277375790
14244.140625,0.010134386251
14250.000000,0.011463094185
14255.859375,0.011226346392
14261.718750,0.010322034719
14267.578125,0.009929394253
14273.437500,0.010814993857
14279.296875,0.011045060541
14285.156250,0.010761881545
14291.015625,0.010333609669
14296.875000,0.011279538015
14302.734375,0.011399725481
14308.593750,0.010797045424
14314.453125,0.010328217584
14320.312500,0.010777989919
14326.171875,0.010718787643
14332.031250,0.009820704700
14337.890625,0.010281752612
14343.750000,0.010893598914
14349.609375,0.011001008337
14355.468750,0.010689049574
14361.328125,0.010544639357
14367.187500,0.010043219879
14373.046875,0.009912630587
14378.906250,0.009611183943
14384.765625,0.009719482281
14390.625000,0.010193218578
14396.484375,0.010330246827
14402.343750,0.009552953395
14408.203125,0.009728707309
14414.062500,0.010839508810
14419.921875,0.011019127579
14425.781250,0.010873130844
14431.640625,0.010992164094
14437.500000,0.010937577561
14443.359375,0.011346044624
14449.218750,0.010168866558
14455.078125,0.010061566967
14460.937500,0.010338747442
14466.796875,0.009998719073
14472.656250,0.010424627465
14478.515625,0.010486235540
14484.375000,0.010125902373
14490.234375,0.009556618720
14496.093750,0.009652158934
14501.953125,0.010873044306
14507.812500,0.010695823413
14513.671875,0.009807728804
14519.531250,0.009665489647
14525.390625,0.010542137945
14531.250000,0.010550666201
14537.109375,0.009991844061
14542.968750,0.009192450412
14548.828125,0.010223393268
14554.687500,0.009719112162
14560.546875,0.009681517513
14566.406250,0.009513924342
14572.265625,0.010054036804
14578.125000,0.010660807280
14583.984375,0.010208617732
14589.843750,0.009918248227
14595.703125,0.010409368436
14601.562500,0.010439636466
14607.421875,0.009497818061
14613.281250,0.009052528845
14619.140625,0.009920027877
14625.000000,0.009847635201
14630.859375,0.008965166345
14636.718750,0.009130383530
14642.578125,0.009831536790
14648.437500,0.009228218848
14654.296875,0.009411936638
14660.156250,0.009949952708
14666.015625,0.009648885714
14671.875000,0.009435835675
14677.734375,0.009718825092
14683.593750,0.009326465621
14689.453125,0.008472251431
14695.312500,0.008452297646
14701.171875,0.009341844908
14707.031250,0.008849559173
14712.890625,0.009846320320
14718.750000,0.009596530058
14724.609375,0.008585911681
14730.468750,0.008774054045
14736.328125,0.008941915304
14742.187500,0.009598091484
14748.046875,0.009553356320
14753.906250,0.010047755344
14759.765625,0.010143892771
14765.625000,0.008799398948
14771.484375,0.009002382136
14777.343750,0.009458740103
14783.203125,0.008944020737
14789.062500,0.008975944367
14794.921875,0.009484464945
14800.781250,0.009761620072
14806.640625,0.009415679502
14812.500000,0.008866698536
14818.359375,0.008351031505
14824.218750,0.008955940003
14830.078125,0.008666935603
14835.937500,0.008853573920
14841.796875,0.008908926126
14847.656250,0.009073865771
14853.515625,0.008112599535
14859.375000,0.008278402217
14865.234375,0.008587941694
14871.093750,0.008423581336
14876.953125,0.008120183700
14882.812500,0.008322691709
14888.671875,0.008276493926
14894.531250,0.008565832125
14900.390625,0.008550293300
14906.250000,0.008677416299
14912.109375,0.008904118093
14917.968750,0.009323519883
14923.828125,0.009270460641
14929.687500,0.008780738769
14935.546875,0.008617128640
14941.406250,0.008765639002
14947.265625,0.008661659823
14953.125000,0.008694855122
14958.984375,0.008766470681
14964.843750,0.009211212503
14970.703125,0.008854710598
14976.562500,0.009231608964
14982.421875,0.008832407341
14988.281250,0.008870937331
14994.140625,0.008686505387
15000.000000,0.008499780313
15005.859375,0.008466154165
15011.718750,0.008240152689
15017.578125,0.008441309872
15023.437500,0.008474373649
15029.296875,0.007996463583
15035.156250,0.008093824820
15041.015625,0.008374518725
15046.875000,0.008556102015
15052.734375,0.007846988158
15058.593750,0.008518369562
15064.453125,0.009058283655
15070.312500,0.008856890799
15076.171875,0.008908539150
15082.031250,0.009006205342
15087.890625,0.009385162855
15093.750000,0.009212780109
15099.609375,0.009093358287
15105.468750,0.008966772084
15111.328125,0.008769700927
15117.187500,0.009176190653
15123.046875,0.009336570919
15128.906250,0.008889340431
15134.765625,0.008501790354
15140.625000,0.008887877957
15146.484375,0.009212659072
15152.343750,0.008548428012
15158.203125,0.008250186511
15164.062500,0.008656275484
15169.921875,0.008671989055
15175.781250,0.008931465084
15181.640625,0.008612203221
15187.500000,0.008260248959
15193.359375,0.007874152652
15199.218750,0.007463861285
15205.078125,0.007441121265
15210.937500,0.008073366606
15216.796875,0.007962994454
15222.656250,0.007910084447
15228.515625,0.007869900299
15234.375000,0.008073874828
15240.234375,0.008336490698
15246.093750,0.008420948539
15251.953125,0.008110723529
15257.812500,0.008458420581
15263.671875,0.008495529117
15269.531250,0.008448496432
15275.390625,0.008026475632
15281.250000,0.008604558090
15287.109375,0.008951100124
15292.968750,0.008197799043
15298.828125,0.007939313233
15304.687500,0.008373289882
15310.546875,0.008657265810
15316.406250,0.007578750494
15322.265625,0.007376841237
15328.125000,0.007871018574
15333.984375,0.007414779403
15339.843750,0.007246188539
15345.703125,0.006926213563
15351.562500,0.006891742017
15357.421875,0.007629929049
15363.281250,0.007655303994
15369.140625,0.007599274755
15375.000000,0.007848054579
15380.859375,0.008330050874
15386.718750,0.008045079845
15392.578125,0.007823201420
15398.437500,0.008268300243
15404.296875,0.008478804170
15410.156250,0.008337704322
15416.015625,0.008178343639
15421.875000,0.007978016434
15427.734375,0.008388080549
15433.593750,0.007632980786
15439.453125,0.007348774500
15445.312500,0.007982340813
15451.171875,0.007912884743
15457.031250,0.007606107120
15462.890625,0.007591752233
15468.750000,0.007675287118
15474.609375,0.007461837625
15480.468750,0.007142398389
15486.328125,0.007251744327
15492.187500,0.007305479366
15498.046875,0.007371607631
15503.906250,0.007337300242
15509.765625,0.007025571879
15515.625000,0.007208804945
15521.484375,0.007210299386
15527.343750,0.007798573468
15533.203125,0.007873375377
15539.062500,0.008372224183
15544.921875,0.007987757524
15550.781250,0.007323600869
15556.640625,0.007354076377
15562.500000,0.007521216012
15568.359375,0.007527593392
15574.218750,0.007426145094
15580.078125,0.007765399534
15585.937500,0.007798963602
15591.796875,0.007803222865
15597.656250,0.007226581352
15603.515625,0.007432267417
15609.375000,0.007733533959
15615.234375,0.007634119108
15621.093750,0.007083717175
15626.953125,0.007522845678
15632.812500,0.007292817771
15638.671875,0.006597240254
15644.531250,0.006803083125
15650.390625,0.006530554466
15656.250000,0.006780292504
15662.109375,0.006901459237
15667.968750,0.006943896118
15673.828125,0.006804463392
15679.687500,0.006731709050
15685.546875,0.007259559776
15691.406250,0.007145193615
15697.265625,0.007163408492
15703.125000,0.007416835242
15708.984375,0.007220525531
15714.843750,0.006992625961
15720.703125,0.006888797533
15726.562500,0.007389091416
15732.421875,0.007410879695
15738.281250,0.007036838134
15744.140625,0.006884315326
15750.000000,0.006833296917
15755.859375,0.006831889481
15761.718750,0.006847327549
15767.578125,0.007303466910
15773.437500,0.006969177238
15779.296875,0.006868923150
15785.156250,0.006774486685
15791.015625,0.006516053242
15796.875000,0.006647290237
15802.734375,0.006199542921
15808.593750,0.006401608281
15814.453125,0.006676199657
15820.312500,0.006597364042
15826.171875,0.006333881345
15832.031250,0.006185784568
15837.890625,0.006267896831
15843.750000,0.006732759586
15849.609375,0.006772256879
15855.468750,0.006470718868
15861.328125,0.006802342542
15867.187500,0.006768955439
15873.046875,0.006810120885
15878.906250,0.006399784424
15884.765625,0.006714305659
15890.625000,0.006797554207
15896.484375,0.006570491445
15902.343750,0.006572457221
15908.203125,0.006661879359
15914.062500,0.007039207405
15919.921875,0.006817851832
15925.781250,0.006684819657
15931.640625,0.006518337508
15937.500000,0.006638431483
15943.359375,0.006649489598
15949.218750,0.006646832096
15955.078125,0.006511940733
15960.937500,0.006765921341
15966.796875,0.006203809546
15972.656250,0.006263996262
15978.515625,0.006358526720
15984.375000,0.006298511523
15990.234375,0.006523911239
15996.093750,0.006354739504
16001.953125,0.006481267029
16007.812500,0.006363992426
16013.671875,0.006223902018
16019.531250,0.006273488711
16025.390625,0.006105582733
16031.250000,0.006483255352
16037.109375,0.006565216029
16042.968750,0.006441613782
16048.828125,0.006369365834
16054.687500,0.006876998712
16060.546875,0.006370350466
16066.406250,0.006243090650
16072.265625,0.006677494773
16078.125000,0.006482721285
16083.984375,0.006295883445
16089.843750,0.005797924121
16095.703125,0.006447796880
16101.562500,0.006157268442
16107.421875,0.005737808702
16113.281250,0.006154211301
16119.140625,0.006240948490
16125.000000,0.006237609267
16130.859375,0.005968003377
16136.718750,0.006119916754
16142.578125,0.006186512723
16148.437500,0.006128492485
16154.296875,0.005920372480
16160.156250,0.005781579042
16166.015625,0.006395617674
16171.875000,0.006563584531
16177.734375,0.006400801643
16183.593750,0.006413440897
16189.453125,0.006263225696
16195.312500,0.006152727623
16201.171875,0.006053750747
16207.031250,0.005920035714
16212.890625,0.006227220396
16218.750000,0.006169348528
16224.609375,0.006036012264
16230.468750,0.005966342032
16236.328125,0.005978569545
16242.187500,0.006200118167
16248.046875,0.006417046222
16253.906250,0.006327077836
16259.765625,0.006163194431
16265.625000,0.006407592740
16271.484375,0.006189592443
16277.343750,0.006598271635
16283.203125,0.006476585011
16289.062500,0.006373991699
16294.921875,0.006274158505
16300.781250,0.006140130432
16306.640625,0.006408055924
16312.500000,0.006321771743
16318.359375,0.005971419007
16324.218750,0.005861260209
16330.078125,0.005646301131
16335.937500,0.006039189048
16341.796875,0.006010215983
16347.656250,0.005883373410
16353.515625,0.006132764652
16359.375000,0.006005479717
16365.234375,0.006106173654
16371.093750,0.005820594896
16376.953125,0.006025415812
16382.812500,0.006081574311
16388.671875,0.005696999892
16394.531250,0.005528278399
16400.390625,0.005832341502
16406.250000,0.005972532185
16412.109375,0.005967175401
16417.968750,0.005768345008
16423.828125,0.005675704119
16429.687500,0.005994383161
16435.546875,0.005834838132
16441.406250,0.005656093356
16447.265625,0.005699818130
16453.125000,0.005905329882
16458.984375,0.005787650801
16464.843750,0.005753732083
16470.703125,0.006079192326
16476.562500,0.005963551019
16482.421875,0.005987129326
16488.281250,0.005509950280
16494.140625,0.005762063348
16500.000000,0.005882628385
16505.859375,0.005709564570
16511.718750,0.005695093363
16517.578125,0.005968634680
16523.437500,0.005861271955
16529.296875,0.005950466544
16535.156250,0.005986510303
16541.015625,0.005979356225
16546.875000,0.005615479984
16552.734375,0.005615126111
16558.593750,0.005627758957
16564.453125,0.005347350625
16570.312500,0.005519675576
16576.171875,0.005507841173
16582.031250,0.005169973256
16587.890625,0.005520492019
16593.750000,0.005530851628
16599.609375,0.005528215313
16605.468750,0.005525802936
16611.328125,0.005613273295
16617.187500,0.005987701834
16623.046875,0.006141022241
16628.906250,0.005854333643
16634.765625,0.005969997778
16640.625000,0.006180602702
16646.484375,0.005648685649
16652.343750,0.005496049374
16658.203125,0.005766946708
16664.062500,0.005875733776
16669.921875,0.005615745080
16675.781250,0.005466694676
16681.640625,0.005665229154
16687.500000,0.005597384815
16693.359375,0.005824092638
16699.218750,0.005829753630
16705.078125,0.005793923995
16710.937500,0.005564154926
16716.796875,0.005515206519
16722.656250,0.005786353062
16728.515625,0.005845087356
16734.375000,0.005428819696
16740.234375,0.005787643041
16746.093750,0.005916552404
16751.953125,0.006001481877
16757.812500,0.005994545407
16763.671875,0.005702549606
16769.531250,0.005496903985
16775.390625,0.005940525059
16781.250000,0.005732658940
16787.109375,0.005779427963
16792.968750,0.005789831428
16798.828125,0.005686105883
16804.687500,0.005697628751
16810.546875,0.005640916481
16816.406250,0.005503129559
16822.265625,0.005541634783
16828.125000,0.005629140639
16833.984375,0.005474503176
16839.843750,0.005396070580
16845.703125,0.005422396764
16851.562500,0.005380024513
16857.421875,0.005269352888
16863.281250,0.005450381536
16869.140625,0.005374830945
16875.000000,0.005380126927
16880.859375,0.005458057945
16886.718750,0.005590682524
16892.578125,0.005866551496
16898.437500,0.005992499511
16904.296875,0.005821025066
16910.156250,0.005557233509
16916.015625,0.005794879717
16921.875000,0.005662007968
16927.734375,0.005372650292
16933.593750,0.005188953286
16939.453125,0.005638667328
16945.312500,0.005705852898
16951.171875,0.005732124929
16957.031250,0.005728917358
16962.890625,0.005630527832
16968.750000,0.005466609971
16974.609375,0.005490906665
16980.468750,0.005330456487
16986.328125,0.005573975363
16992.187500,0.005349081889
16998.046875,0.005081766371
17003.906250,0.005454124184
17009.765625,0.005543402509
17015.625000,0.005489616840
17021.484375,0.005484015699
17027.343750,0.005480809065
17033.203125,0.005249150517
17039.062500,0.005266431714
17044.921875,0.005116777499
17050.781250,0.005400535386
17056.640625,0.005475978324
17062.500000,0.005570781367
17068.359375,0.005596436406
17074.218750,0.005541641017
17080.078125,0.005326927019
17085.937500,0.005392616456
17091.796875,0.005391280522
17097.656250,0.005435843558
17103.515625,0.005539062999
17109.375000,0.005637916727
17115.234375,0.005740094656
17121.093750,0.005395338619
17126.953125,0.005242997857
17132.812500,0.005502258471
17138.671875,0.005577798890
17144.531250,0.005230250064
17150.390625,0.005775178731
17156.250000,0.005722843110
17162.109375,0.005860754865
17167.968750,0.005678545180
17173.828125,0.005424970761
17179.687500,0.005368768949
17185.546875,0.005448126829
17191.406250,0.005184310692
17197.265625,0.005248604523
17203.125000,0.005398949078
17208.984375,0.005548731197
17214.843750,0.005151452140
17220.703125,0.005059103817
17226.562500,0.005439941680
17232.421875,0.005467904472
17238.281250,0.005213638173
17244.140625,0.005462870410
17250.000000,0.005509209061
17255.859375,0.005382349324
17261.718750,0.005609803861
17267.578125,0.005494342695
17273.437500,0.005587757291
17279.296875,0.005360759718
17285.156250,0.005148724048
17291.015625,0.005233069954
17296.875000,0.005544881163
17302.734375,0.005492981887
17308.593750,0.005348334052
17314.453125,0.005193488978
17320.312500,0.005395677074
17326.171875,0.005232306726
17332.031250,0.005192063674
17337.890625,0.005521817818
17343.750000,0.005400729005
17349.609375,0.005095590392
17355.468750,0.005158794834
17361.328125,0.005254041676
17367.187500,0.005385590669
17373.046875,0.005473308596
17378.906250,0.005223024366
17384.765625,0.005316892965
17390.625000,0.005452618918
17396.484375,0.005396317660
17402.343750,0.005157414145
17408.203125,0.005230254572
17414.062500,0.005164412834
17419.921875,0.005319702848
17425.781250,0.005239153475
17431.640625,0.005469607937
17437.500000,0.005554424144
17443.359375,0.005061907499
17449.218750,0.004683196757
17455.078125,0.005071873329
17460.937500,0.005309933731
17466.796875,0.005234661441
17472.656250,0.005237758168
17478.515625,0.005096629028
17484.375000,0.005204998542
17490.234375,0.005168210970
17496.093750,0.005413976425
17501.953125,0.005380607774
17507.812500,0.005354759690
17513.671875,0.005044576919
17519.531250,0.005252300693
17525.390625,0.005587935212
17531.250000,0.005569263771
17537.109375,0.005101552534
17542.968750,0.004897538951
17548.828125,0.005279380380
17554.687500,0.005177995758
17560.546875,0.005104912906
17566.406250,0.005548008874
17572.265625,0.005395793580
17578.125000,0.005059043623
17583.984375,0.005343730790
17589.843750,0.005347885541
17595.703125,0.005446248680
17601.562500,0.005036575069
17607.421875,0.004869174502
17613.281250,0.005445205543
17619.140625,0.005353473220
17625.000000,0.004870428196
17630.859375,0.004945066095
17636.718750,0.005261085619
17642.578125,0.005408791623
17648.437500,0.005117308694
17654.296875,0.004810533535
17660.156250,0.005029419166
17666.015625,0.005020939579
17671.875000,0.005002514178
17677.734375,0.004934446520
17683.593750,0.005241279984
17689.453125,0.005317469304
17695.312500,0.005252555572
17701.171875,0.005069460602
17707.031250,0.005021803448
17712.890625,0.004981912798
17718.750000,0.004814849438
17724.609375,0.004794111662
17730.468750,0.004838310181
17736.328125,0.004855428085
17742.187500,0.004677132042
17748.046875,0.004976167802
17753.906250,0.004901020604
17759.765625,0.004942539384
17765.625000,0.004645924814
17771.484375,0.004901130316
17777.343750,0.004918915498
17783.203125,0.004810262884
17789.062500,0.005033835883
17794.921875,0.004908305728
17800.781250,0.004864668920
17806.640625,0.004841960163
17812.500000,0.004846137435
17818.359375,0.004600644249
17824.218750,0.004733250310
17830.078125,0.004942789551
17835.937500,0.004929444466
17841.796875,0.004977058159
17847.656250,0.004918051837
17853.515625,0.004836152507
17859.375000,0.004571034797
17865.234375,0.004477778072
17871.093750,0.004631934854
17876.953125,0.004568403237
17882.812500,0.004799519441
17888.671875,0.004784088006
17894.531250,0.004846409064
17900.390625,0.005115580676
17906.250000,0.005089424829
17912.109375,0.004687582426
17917.968750,0.004821739709
17923.828125,0.005187447875
17929.687500,0.005157417719
17935.546875,0.004687986075
17941.406250,0.004548699921
17947.265625,0.004479602827
17953.125000,0.004648505321
17958.984375,0.004800483391
17964.843750,0.004615978195
17970.703125,0.004643211334
17976.562500,0.004573921108
17982.421875,0.004584215692
17988.281250,0.004940605426
17994.140625,0.005352966703
18000.000000,0.004875297411
18005.859375,0.004980615904
18011.718750,0.004865213343
18017.578125,0.004967113864
18023.437500,0.004778607786
18029.296875,0.004831313340
18035.156250,0.004836671737
18041.015625,0.004688097862
18046.875000,0.004627611627
18052.734375,0.004683724516
18058.593750,0.004671694764
18064.453125,0.004825271316
18070.312500,0.004925713595
18076.171875,0.004947644378
18082.031250,0.004760463128
18087.890625,0.004631742637
18093.750000,0.004888195851
18099.609375,0.004854346071
18105.468750,0.004305573923
18111.328125,0.004236312445
18117.187500,0.004757567096
18123.046875,0.004571655724
18128.906250,0.004376591521
18134.765625,0.004322438148
18140.625000,0.004279348238
18146.484375,0.004387668594
18152.343750,0.004553052075
18158.203125,0.004436763632
18164.062500,0.004313732221
18169.921875,0.004541493845
18175.781250,0.004782965608
18181.640625,0.004601741223
18187.500000,0.004316609371
18193.359375,0.004444549985
18199.218750,0.004644168906
18205.078125,0.004693587344
18210.937500,0.004553824640
18216.796875,0.004394571900
18222.656250,0.004763193603
18228.515625,0.004706534247
18234.375000,0.004355225557
18240.234375,0.004534145437
18246.093750,0.004640512415
18251.953125,0.004635294403
18257.812500,0.004681747812
18263.671875,0.004486285104
18269.531250,0.004543503817
18275.390625,0.004416964671
18281.250000,0.004504069234
18287.109375,0.004424319628
18292.968750,0.004295619463
18298.828125,0.004294200109
18304.687500,0.004221414428
18310.546875,0.004291132130
18316.406250,0.004700315368
18322.265625,0.004717496987
18328.125000,0.004552591733
18333.984375,0.004448608938
18339.843750,0.004765526380
18345.703125,0.004761581995
18351.562500,0.004714529705
18357.421875,0.004795641988
18363.281250,0.004748379281
18369.140625,0.004702349621
18375.000000,0.004691048813
18380.859375,0.004610602854
18386.718750,0.004746658434
18392.578125,0.004662098045
18398.437500,0.004807195206
18404.296875,0.004601497460
18410.156250,0.004597445036
18416.015625,0.004671232146
18421.875000,0.004482537218
18427.734375,0.004122429972
18433.593750,0.004349468433
18439.453125,0.004304556959
18445.312500,0.004127574359
18451.171875,0.004310015459
18457.031250,0.004220705439
18462.890625,0.004344717209
18468.750000,0.004610695979
18474.609375,0.004492487965
18480.468750,0.004282211704
18486.328125,0.004593718209
18492.187500,0.004576659684
18498.046875,0.004379580314
18503.906250,0.004489626277
18509.765625,0.004568205410
18515.625000,0.004520979771
18521.484375,0.004357609528
18527.343750,0.004262477893
18533.203125,0.004581702019
18539.062500,0.004519371077
18544.921875,0.004199271468
18550.781250,0.004140636460
18556.640625,0.004381044722
18562.500000,0.004329863575
18568.359375,0.004080960912
18574.218750,0.004376382782
18580.078125,0.004403186534
18585.937500,0.004362190751
18591.796875,0.004223459156
18597.656250,0.004241138900
18603.515625,0.004228532605
18609.375000,0.003990201645
18615.234375,0.003892989607
18621.093750,0.004174588157
18626.953125,0.004222550222
18632.812500,0.004132557893
18638.671875,0.004093913692
18644.531250,0.004311672273
18650.390625,0.004472807297
18656.250000,0.004372128725
18662.109375,0.004211647738
18667.968750,0.004449079814
18673.828125,0.004338899496
18679.687500,0.004275161038
18685.546875,0.004031656604
18691.406250,0.004415367426
18697.265625,0.004413911038
18703.125000,0.004207945165
18708.984375,0.004271127266
18714.843750,0.004368008373
18720.703125,0.004120941105
18726.562500,0.003954782709
18732.421875,0.004154362328
18738.281250,0.004302945302
18744.140625,0.004350190141
18750.000000,0.004102679986
18755.859375,0.004100569953
18761.718750,0.004161518723
18767.578125,0.004018223598
18773.437500,0.004037740433
18779.296875,0.004078403181
18785.156250,0.004531719538
18791.015625,0.004608506132
18796.875000,0.004161624779
18802.734375,0.004102180933
18808.593750,0.004481132232
18814.453125,0.004684944940
18820.312500,0.004295150532
18826.171875,0.004109511144
18832.031250,0.004450284014
18837.890625,0.004370861873
18843.750000,0.003997313182
18849.609375,0.004034993342
18855.468750,0.004362510015
18861.328125,0.004195796150
18867.187500,0.004061390008
18873.046875,0.004285171226
18878.906250,0.004283489776
18884.765625,0.004126965295
18890.625000,0.004103539410
18896.484375,0.004180716630
18902.343750,0.003929776039
18908.203125,0.004070591821
18914.062500,0.004200602120
18919.921875,0.004257372220
18925.781250,0.004236195068
18931.640625,0.004347512641
18937.500000,0.004336023439
18943.359375,0.004345183739
18949.218750,0.004269723914
18955.078125,0.004355155257
18960.937500,0.004076659657
18966.796875,0.004268339000
18972.656250,0.004553441790
18978.515625,0.004231440937
18984.375000,0.003948508427
18990.234375,0.004169518969
18996.093750,0.004097754661
19001.953125,0.004033275222
19007.812500,0.003959811594
19013.671875,0.004141692620
19019.531250,0.004166855230
19025.390625,0.003936425013
19031.250000,0.004006784571
19037.109375,0.004065112045
19042.968750,0.003994478564
19048.828125,0.003784709801
19054.687500,0.003615153632
19060.546875,0.003648076299
19066.406250,0.003832571901
19072.265625,0.003845712679
19078.125000,0.003658548782
19083.984375,0.003867612370
19089.843750,0.003837929995
19095.703125,0.004032052394
19101.562500,0.004012105781
19107.421875,0.004016896153
19113.281250,0.004110844222
19119.140625,0.004038594877
19125.000000,0.003880003722
19130.859375,0.004061902007
19136.718750,0.004027461402
19142.578125,0.004136399417
19148.437500,0.004244169064
19154.296875,0.004238234186
19160.156250,0.003977487193
19166.015625,0.004114222460
19171.875000,0.004154669966
19177.734375,0.004075257615
19183.593750,0.004018273538
19189.453125,0.003797738038
19195.312500,0.003785513649
19201.171875,0.003930862598
19207.031250,0.004067110958
19212.890625,0.004045238515
19218.750000,0.003911773989
19224.609375,0.003791251615
19230.468750,0.003795014684
19236.328125,0.003822263157
19242.187500,0.003984537103
19248.046875,0.003931179403
19253.906250,0.003971874699
19259.765625,0.003852731212
19265.625000,0.004136964815
19271.484375,0.004194555312
19277.343750,0.003935457030
19283.203125,0.003911489643
19289.062500,0.003907253596
19294.921875,0.003916172261
19300.781250,0.004075816442
19306.640625,0.004106019753
19312.500000,0.004009368494
19318.359375,0.003717192799
19324.218750,0.003933189872
19330.078125,0.004303989321
19335.937500,0.004214942287
19341.796875,0.003848164992
19347.656250,0.003956629821
19353.515625,0.004049190331
19359.375000,0.004026580905
19365.234375,0.003794559088
19371.093750,0.003768259074
19376.953125,0.003848603196
19382.812500,0.003928485068
19388.671875,0.003845879272
19394.531250,0.003700608905
19400.390625,0.003806918595
19406.250000,0.004005389253
19412.109375,0.003860111288
19417.968750,0.003886675159
19423.828125,0.003892950821
19429.687500,0.003738352787
19435.546875,0.003675782890
19441.406250,0.003811239684
19447.265625,0.003787384610
19453.125000,0.003662842213
19458.984375,0.003769977479
19464.843750,0.003859052666
19470.703125,0.003822105504
19476.562500,0.003767845500
19482.421875,0.003882855018
19488.281250,0.003767082690
19494.140625,0.003808212807
19500.000000,0.003805594194
19505.859375,0.003789491060
19511.718750,0.003863329785
19517.578125,0.003925736697
19523.437500,0.003958650267
19529.296875,0.003646173751
19535.156250,0.003596692433
19541.015625,0.003555065717
19546.875000,0.003715909409
19552.734375,0.003808404630
19558.593750,0.003587964794
19564.453125,0.003668898216
19570.312500,0.003657415595
19576.171875,0.003437780357
19582.031250,0.003570039085
19587.890625,0.003528957611
19593.750000,0.003697580433
19599.609375,0.003753321674
19605.468750,0.003759317663
19611.328125,0.003633589428
19617.187500,0.003582811318
19623.046875,0.003505674778
19628.906250,0.003681460957
19634.765625,0.003578596791
19640.625000,0.003725547052
19646.484375,0.003673838415
19652.343750,0.003818474485
19658.203125,0.003815020550
19664.062500,0.003621335186
19669.921875,0.003704728064
19675.781250,0.003651023349
19681.640625,0.003764952243
19687.500000,0.003908018995
19693.359375,0.003827475783
19699.218750,0.003784521213
19705.078125,0.003573731528
19710.937500,0.003612748318
19716.796875,0.003763302558
19722.656250,0.003606718964
19728.515625,0.003478315095
19734.375000,0.003460880686
19740.234375,0.003459606759
19746.093750,0.003545025696
19751.953125,0.003441218001
19757.812500,0.003601873562
19763.671875,0.003527000724
19769.531250,0.003734864190
19775.390625,0.003709588780
19781.250000,0.003543756188
19787.109375,0.003606956940
19792.968750,0.003695569411
19798.828125,0.003502572883
19804.687500,0.003580244397
19810.546875,0.003762347236
19816.406250,0.003725525941
19822.265625,0.003776441694
19828.125000,0.003582863143
19833.984375,0.003476305903
19839.843750,0.003701213796
19845.703125,0.003647300194
19851.562500,0.003570518252
19857.421875,0.003425504106
19863.281250,0.003337246379
19869.140625,0.003680134517
19875.000000,0.003724729568
19880.859375,0.003395524810
19886.718750,0.003347896727
19892.578125,0.003598953475
19898.437500,0.003621301240
19904.296875,0.003498298834
19910.156250,0.003569063884
19916.015625,0.003496104078
19921.875000,0.003518178796
19927.734375,0.003438727100
19933.593750,0.003318868112
19939.453125,0.003420060330
19945.312500,0.003544729458
19951.171875,0.003739954974
19957.031250,0.003780552734
19962.890625,0.003720742716
19968.750000,0.003710236657
19974.609375,0.003755860188
19980.468750,0.003640627862
19986.328125,0.003679982181
19992.187500,0.003693643980
19998.046875,0.003832897451
20003.906250,0.003613558476
20009.765625,0.003889411199
20015.625000,0.003916019541
20021.484375,0.003730043228
20027.343750,0.003478160807
20033.203125,0.003312958318
20039.062500,0.003401110969
20044.921875,0.003481407520
20050.781250,0.003485544447
20056.640625,0.003461300629
20062.500000,0.003566723720
20068.359375,0.003495284408
20074.218750,0.003506186548
20080.078125,0.003705117259
20085.937500,0.003541867714
20091.796875,0.003441616745
20097.656250,0.003419125628
20103.515625,0.003414379615
20109.375000,0.003483618365
20115.234375,0.003644322430
20121.093750,0.003426010253
20126.953125,0.003356947499
20132.812500,0.003522870172
20138.671875,0.003591247330
20144.531250,0.003466769127
20150.390625,0.003326280071
20156.250000,0.003870704624
20162.109375,0.003836967067
20167.968750,0.003548537193
20173.828125,0.003444278693
20179.687500,0.003560813680
20185.546875,0.003657162310
20191.406250,0.003511967419
20197.265625,0.003587390272
20203.125000,0.003502333510
20208.984375,0.003599145753
20214.843750,0.003320671672
20220.703125,0.003372055425
20226.562500,0.003487087917
20232.421875,0.003922380008
20238.281250,0.004194616565
20244.140625,0.003459738829
20250.000000,0.003268737060
20255.859375,0.003286484573
20261.718750,0.003381997936
20267.578125,0.003359650048
20273.437500,0.003583079018
20279.296875,0.003687812530
20285.156250,0.003537930792
20291.015625,0.003509379974
20296.875000,0.003528227575
20302.734375,0.003717517504
20308.593750,0.003813829902
20314.453125,0.004923651936
20320.312500,0.004272500575
20326.171875,0.003581325297
20332.031250,0.003432877851
20337.890625,0.003487316490
20343.750000,0.003447837706
20349.609375,0.003472867699
20355.468750,0.003353848864
20361.328125,0.003311169627
20367.187500,0.003309499812
20373.046875,0.003567269216
20378.906250,0.003656466513
20384.765625,0.003446285248
20390.625000,0.003370603996
20396.484375,0.003378551477
20402.343750,0.003253176524
20408.203125,0.003370083568
20414.062500,0.003540442539
20419.921875,0.003368503998
20425.781250,0.003365514865
20431.640625,0.003539867421
20437.500000,0.003399174651
20443.359375,0.003464310072
20449.218750,0.003487465697
20455.078125,0.003514985774
20460.937500,0.003518755481
20466.796875,0.003474063167
20472.656250,0.003251263884
20478.515625,0.003210963017
20484.375000,0.003376887565
20490.234375,0.003322828525
20496.093750,0.003288162202
20501.953125,0.003600219558
20507.812500,0.003565617381
20513.671875,0.003378354287
20519.531250,0.003261249299
20525.390625,0.003201842888
20531.250000,0.003312643584
20537.109375,0.003316796053
20542.968750,0.003480851167
20548.828125,0.003437484461
20554.687500,0.003376682201
20560.546875,0.003311381447
20566.406250,0.003489278832
20572.265625,0.003417075365
20578.125000,0.003278678370
20583.984375,0.003410183648
20589.843750,0.003445311556
20595.703125,0.003432570366
20601.562500,0.003338260561
20607.421875,0.003240220961
20613.281250,0.003389918371
20619.140625,0.003278826884
20625.000000,0.003365127144
20630.859375,0.003313235652
20636.718750,0.003412469386
20642.578125,0.003324030090
20648.437500,0.003446110131
20654.296875,0.003206171738
20660.156250,0.003243546654
20666.015625,0.003320752451
20671.875000,0.003285070737
20677.734375,0.003092421145
20683.593750,0.003209599483
20689.453125,0.003356826978
20695.312500,0.003340645492
20701.171875,0.003373747499
20707.031250,0.003527865053
20712.890625,0.003439542377
20718.750000,0.003291883553
20724.609375,0.003171280997
20730.468750,0.003393858654
20736.328125,0.003261547731
20742.187500,0.003216307716
20748.046875,0.003470573212
20753.906250,0.003538059324
20759.765625,0.003340049025
20765.625000,0.003119487056
20771.484375,0.003216375987
20777.343750,0.003291593141
20783.203125,0.003350184373
20789.062500,0.003329083937
20794.921875,0.003448290834
20800.781250,0.003204789023
20806.640625,0.003215308195
20812.500000,0.003258896323
20818.359375,0.003234539984
20824.218750,0.003328697747
20830.078125,0.003233962437
20835.937500,0.003197176814
20841.796875,0.003144925842
20847.656250,0.003329463298
20853.515625,0.003288346994
20859.375000,0.003042572227
20865.234375,0.003192272669
20871.093750,0.003355921137
20876.953125,0.003212895220
20882.812500,0.003225864162
20888.671875,0.003290840630
20894.531250,0.003336079247
20900.390625,0.003273480254
20906.250000,0.003141543608
20912.109375,0.003339469504
20917.968750,0.003326300518
20923.828125,0.003099110083
20929.687500,0.003048497699
20935.546875,0.003286365042
20941.406250,0.003268581633
20947.265625,0.003097467807
20953.125000,0.003034280951
20958.984375,0.003169953912
20964.843750,0.003322004089
20970.703125,0.003080736890
20976.562500,0.003152257624
20982.421875,0.003191594295
20988.281250,0.003105154820
20994.140625,0.003040360374
21000.000000,0.003126394099
21005.859375,0.003210724678
21011.718750,0.003230602848
21017.578125,0.003121789435
21023.437500,0.003169648804
21029.296875,0.003184530921
21035.156250,0.003248998418
21041.015625,0.003100853744
21046.875000,0.003156638019
21052.734375,0.003299810401
21058.593750,0.003235543603
21064.453125,0.003083097288
21070.312500,0.003296644618
21076.171875,0.003243255714
21082.031250,0.003337623746
21087.890625,0.003319947878
21093.750000,0.003123813874
21099.609375,0.003119063947
21105.468750,0.003109592120
21111.328125,0.003111159015
21117.187500,0.003081814518
21123.046875,0.003243567006
21128.906250,0.003199712853
21134.765625,0.003160692803
21140.625000,0.003122155631
21146.484375,0.003155881894
21152.343750,0.003092369291
21158.203125,0.003116422751
21164.062500,0.003155431702
21169.921875,0.003152862256
21175.781250,0.003254300132
21181.640625,0.003329409362
21187.500000,0.003253856726
21193.359375,0.003209715103
21199.218750,0.003133869934
21205.078125,0.003125647491
21210.937500,0.003247042291
21216.796875,0.003086018404
21222.656250,0.003095859690
21228.515625,0.003167466926
21234.375000,0.003310040968
21240.234375,0.003072376629
21246.093750,0.003080199104
21251.953125,0.003301048038
21257.812500,0.003220380497
21263.671875,0.003048429791
21269.531250,0.003111253139
21275.390625,0.003055166997
21281.250000,0.003317680166
21287.109375,0.003119283014
21292.968750,0.003070926778
21298.828125,0.003266747235
21304.687500,0.003134222187
21310.546875,0.002969251432
21316.406250,0.003244804455
21322.265625,0.003133037329
21328.125000,0.003031564727
21333.984375,0.003121203336
21339.843750,0.003266880087
21345.703125,0.003366573359
21351.562500,0.003257814705
21357.421875,0.003198968900
21363.281250,0.003415431623
21369.140625,0.003230852407
21375.000000,0.003183550248
21380.859375,0.003147855802
21386.718750,0.003133863668
21392.578125,0.003013591296
21398.437500,0.002859053487
21404.296875,0.002907064441
21410.156250,0.003283871181
21416.015625,0.003033443112
21421.875000,0.002808714636
21427.734375,0.003047558454
21433.593750,0.003229915182
21439.453125,0.003245873169
21445.312500,0.003111801946
21451.171875,0.003139444976
21457.031250,0.003115858248
21462.890625,0.003175376500
21468.750000,0.003020012858
21474.609375,0.003025584420
21480.468750,0.003091068318
21486.328125,0.003072943658
21492.187500,0.002984258491
21498.046875,0.002975224086
21503.906250,0.003105759615
21509.765625,0.003180168373
21515.625000,0.003117654931
21521.484375,0.003141666091
21527.343750,0.003119430274
21533.203125,0.003085331400
21539.062500,0.003073983774
21544.921875,0.002964724402
21550.781250,0.002981561420
21556.640625,0.003123455426
21562.500000,0.003019094440
21568.359375,0.002997182456
21574.218750,0.003084933818
21580.078125,0.003026945173
21585.937500,0.003147187359
21591.796875,0.003219010414
21597.656250,0.003057656121
21603.515625,0.002945078374
21609.375000,0.002998318896
21615.234375,0.002990328615
21621.093750,0.002938810392
21626.953125,0.003055178089
21632.812500,0.003167472337
21638.671875,0.002983772330
21644.531250,0.003046296609
21650.390625,0.003003087192
21656.250000,0.002861879496
21662.109375,0.002970461504
21667.968750,0.003033917901
21673.828125,0.003120155836
21679.687500,0.003325265344
21685.546875,0.003253696968
21691.406250,0.003014307730
21697.265625,0.002974385697
21703.125000,0.003032667205
21708.984375,0.003054650280
21714.843750,0.003084189641
21720.703125,0.003048527754
21726.562500,0.003090901337
21732.421875,0.002937899220
21738.281250,0.003084344248
21744.140625,0.003267682370
21750.000000,0.003186347280
21755.859375,0.003029896590
21761.718750,0.002864070425
21767.578125,0.003013456726
21773.437500,0.002993235759
21779.296875,0.002887701219
21785.156250,0.002999099667
21791.015625,0.003071692889
21796.875000,0.002997215640
21802.734375,0.003083987045
21808.593750,0.003154085101
21814.453125,0.003240132931
21820.312500,0.003380759525
21826.171875,0.003149469472
21832.031250,0.003085043700
21837.890625,0.002889495442
21843.750000,0.002924513752
21849.609375,0.003032260580
21855.468750,0.002940500747
21861.328125,0.002979160068
21867.187500,0.003009373000
21873.046875,0.002978233435
21878.906250,0.002964009407
21884.765625,0.002994947689
21890.625000,0.002941812327
21896.484375,0.002964690968
21902.343750,0.002819677928
21908.203125,0.002857618373
21914.062500,0.002934086044
21919.921875,0.002962859089
21925.781250,0.003008703672
21931.640625,0.003081659527
21937.500000,0.002875681235
21943.359375,0.002851739934
21949.218750,0.003053443804
21955.078125,0.003097109336
21960.937500,0.003101980550
21966.796875,0.003036285530
21972.656250,0.003042583960
21978.515625,0.003171673163
21984.375000,0.003029829901
21990.234375,0.003007794526
21996.093750,0.003168611186
22001.953125,0.003056784853
22007.812500,0.003006182398
22013.671875,0.003236154774
22019.531250,0.003210686015
22025.390625,0.003145005640
22031.250000,0.002923627723
22037.109375,0.003054289203
22042.968750,0.003051323132
22048.828125,0.003066617324
22054.687500,0.003102786789
22060.546875,0.003169809515
22066.406250,0.003212237615
22072.265625,0.003089251807
22078.125000,0.002901679515
22083.984375,0.003078728904
22089.843750,0.003051759135
22095.703125,0.002966617019
22101.562500,0.002973701612
22107.421875,0.003017458036
22113.281250,0.002926600612
22119.140625,0.003139447317
22125.000000,0.003173792028
22130.859375,0.003101099453
22136.718750,0.003055678183
22142.578125,0.003151921737
22148.437500,0.003068165905
22154.296875,0.003150345534
22160.156250,0.003168664406
22166.015625,0.003119900368
22171.875000,0.002957527133
22177.734375,0.003092251031
22183.593750,0.003095305232
22189.453125,0.003079443780
22195.312500,0.003213910638
22201.171875,0.003422448339
22207.031250,0.003349307580
22212.890625,0.003282931723
22218.750000,0.003239251161
22224.609375,0.003268054095
22230.468750,0.003166593086
22236.328125,0.002886122764
22242.187500,0.002974435829
22248.046875,0.002984151986
22253.906250,0.002895261103
22259.765625,0.002871304853
22265.625000,0.003060285570
22271.484375,0.002968502705
22277.343750,0.002972377402
22283.203125,0.002774569946
22289.062500,0.002990874405
22294.921875,0.003175255201
22300.781250,0.003063248423
22306.640625,0.003001335517
22312.500000,0.003049898514
22318.359375,0.003261507438
22324.218750,0.003152955591
22330.078125,0.002920414264
22335.937500,0.003153305697
22341.796875,0.003287080494
22347.656250,0.003121034025
22353.515625,0.003080167415
22359.375000,0.003244909073
22365.234375,0.003388001368
22371.093750,0.003292475061
22376.953125,0.003070006477
22382.812500,0.003073555798
22388.671875,0.003093640874
22394.531250,0.003052176040
22400.390625,0.003238005515
22406.250000,0.003213025508
22412.109375,0.003196035173
22417.968750,0.003183314337
22423.828125,0.003107875294
22429.687500,0.003292610474
22435.546875,0.003288850043
22441.406250,0.003051731077
22447.265625,0.003129685065
22453.125000,0.003330019869
22458.984375,0.003311735112
22464.843750,0.003133812167
22470.703125,0.003041729416
22476.562500,0.003450553304
22482.421875,0.003363494574
22488.281250,0.003007369671
22494.140625,0.003067951130
22500.000000,0.003118828452
22505.859375,0.003184465903
22511.718750,0.003062693156
22517.578125,0.003107809488
22523.437500,0.003308811042
22529.296875,0.003344523990
22535.156250,0.003187074108
22541.015625,0.003052678522
22546.875000,0.003104987733
22552.734375,0.003176802833
22558.593750,0.003137647999
22564.453125,0.002984288647
22570.312500,0.003024733408
22576.171875,0.003117789905
22582.031250,0.003064410457
22587.890625,0.003151072639
22593.750000,0.003154676148
22599.609375,0.003046648187
22605.468750,0.003116685286
22611.328125,0.003136802740
22617.187500,0.003062740720
22623.046875,0.003123576468
22628.906250,0.002947448406
22634.765625,0.002960390104
22640.625000,0.003005050598
22646.484375,0.003055287179
22652.343750,0.003098023099
22658.203125,0.003194239129
22664.062500,0.003102990557
22669.921875,0.003046121626
22675.781250,0.002912979681
22681.640625,0.002809222780
22687.500000,0.002935148549
22693.359375,0.002862759468
22699.218750,0.002842757342
22705.078125,0.003048510021
22710.937500,0.003001688697
22716.796875,0.002928155939
22722.656250,0.002794738868
22728.515625,0.002906673179
22734.375000,0.002916715394
22740.234375,0.003019798559
22746.093750,0.002946791589
22751.953125,0.003082854296
22757.812500,0.003177095162
22763.671875,0.003114442504
22769.531250,0.002994473373
22775.390625,0.002796766066
22781.250000,0.002867361078
22787.109375,0.002891123998
22792.968750,0.003020353071
22798.828125,0.003002525543
22804.687500,0.003070692799
22810.546875,0.003033116690
22816.406250,0.002849679586
22822.265625,0.002844509905
22828.125000,0.002965516454
22833.984375,0.003017461519
22839.843750,0.002893535248
22845.703125,0.002973670071
22851.562500,0.002861955042
22857.421875,0.002829527305
22863.281250,0.002817197284
22869.140625,0.002767508309
22875.000000,0.002795293705
22880.859375,0.002827098042
22886.718750,0.002634254244
22892.578125,0.002762952167
22898.437500,0.002757696022
22904.296875,0.002698427092
22910.156250,0.002677796989
22916.015625,0.002638512018
22921.875000,0.002845780267
22927.734375,0.002824455102
22933.593750,0.002848626202
22939.453125,0.002850532961
22945.312500,0.002796576768
22951.171875,0.002835411268
22957.031250,0.002781550561
22962.890625,0.002969461157
22968.750000,0.002978861368
22974.609375,0.002941121638
22980.468750,0.002710280946
22986.328125,0.002779550036
22992.187500,0.002802314450
22998.046875,0.002862674002
23003.906250,0.002859636005
23009.765625,0.002930443213
23015.625000,0.002763413702
23021.484375,0.002572479552
23027.343750,0.002587547147
23033.203125,0.002680903156
23039.062500,0.002735258729
23044.921875,0.002720824336
23050.781250,0.002745778230
23056.640625,0.002718090097
23062.500000,0.002799795645
23068.359375,0.002792873645
23074.218750,0.002710158855
23080.078125,0.002721068732
23085.937500,0.002810174893
23091.796875,0.002815996450
23097.656250,0.002707621951
23103.515625,0.002672732537
23109.375000,0.002703615278
23115.234375,0.002614762439
23121.093750,0.002742522701
23126.953125,0.002686367937
23132.812500,0.002852793901
23138.671875,0.002769932279
23144.531250,0.002590914937
23150.390625,0.002664711724
23156.250000,0.002620125756
23162.109375,0.002528862763
23167.968750,0.002669236319
23173.828125,0.002618617409
23179.687500,0.002516666983
23185.546875,0.002625860953
23191.406250,0.002691448036
23197.265625,0.002564574587
23203.125000,0.002506325356
23208.984375,0.002714471332
23214.843750,0.002496282792
23220.703125,0.002505245231
23226.562500,0.002666337380
23232.421875,0.002589955227
23238.281250,0.002694162560
23244.140625,0.002569472428
23250.000000,0.002512562076
23255.859375,0.002466071012
23261.718750,0.002417166440
23267.578125,0.002387685856
23273.437500,0.002466719097
23279.296875,0.002626275354
23285.156250,0.002475165431
23291.015625,0.002413126947
23296.875000,0.002349206378
23302.734375,0.002378834763
23308.593750,0.002530449317
23314.453125,0.002573998988
23320.312500,0.002574487367
23326.171875,0.002584723611
23332.031250,0.002638026431
23337.890625,0.002687729428
23343.750000,0.002603339666
23349.609375,0.002714798792
23355.468750,0.002742154070
23361.328125,0.002555962995
23367.187500,0.002621341555
23373.046875,0.002450050268
23378.906250,0.002488675474
23384.765625,0.002616995023
23390.625000,0.002471808417
23396.484375,0.002546811394
23402.343750,0.002761978290
23408.203125,0.002628854589
23414.062500,0.002495460021
23419.921875,0.002422868211
23425.781250,0.002618770420
23431.640625,0.002505860714
23437.500000,0.002302450317
23443.359375,0.002305459968
23449.218750,0.002593967729
23455.078125,0.002553846092
23460.937500,0.002529935475
23466.796875,0.002402738090
23472.656250,0.002507805597
23478.515625,0.002547966879
23484.375000,0.002538169648
23490.234375,0.002529418383
23496.093750,0.002602954552
23501.953125,0.002567628170
23507.812500,0.002331466017
23513.671875,0.002554610172
23519.531250,0.002781954444
23525.390625,0.002678877355
23531.250000,0.002399683272
23537.109375,0.002459786956
23542.968750,0.002481415272
23548.828125,0.002604693664
23554.687500,0.002564465550
23560.546875,0.002649862637
23566.406250,0.002527713103
23572.265625,0.002518561114
23578.125000,0.002593997800
23583.984375,0.002580046071
23589.843750,0.002626887229
23595.703125,0.002554565493
23601.562500,0.002532490248
23607.421875,0.002569403477
23613.281250,0.002507870274
23619.140625,0.002507077243
23625.000000,0.002408045768
23630.859375,0.002421612152
23636.718750,0.002561140938
23642.578125,0.002704027600
23648.437500,0.002486894066
23654.296875,0.002413777254
23660.156250,0.002439005903
23666.015625,0.002459397761
23671.875000,0.002410649407
23677.734375,0.002408507073
23683.593750,0.002512095355
23689.453125,0.002478209754
23695.312500,0.002526343451
23701.171875,0.002634620538
23707.031250,0.002639544269
23712.890625,0.002513552121
23718.750000,0.002560958879
23724.609375,0.002596887267
23730.468750,0.002596290650
23736.328125,0.002429763146
23742.187500,0.002427162748
23748.046875,0.002461009123
23753.906250,0.002367536660
23759.765625,0.002387508132
23765.625000,0.002483847564
23771.484375,0.002514576885
23777.343750,0.002536269701
23783.203125,0.002468317477
23789.062500,0.002516907843
23794.921875,0.002588337670
23800.781250,0.002405009001
23806.640625,0.002416001725
23812.500000,0.002461814041
23818.359375,0.002489208122
23824.218750,0.002440812356
23830.078125,0.002465270561
23835.937500,0.002524337696
23841.796875,0.002598801628
23847.656250,0.002612161612
23853.515625,0.002396612366
23859.375000,0.002307644764
23865.234375,0.002379416869
23871.093750,0.002523168397
23876.953125,0.002551056388
23882.812500,0.002625663123
23888.671875,0.002589690833
23894.531250,0.002441941592
23900.390625,0.002446770842
23906.250000,0.002511481941
23912.109375,0.002515001420
23917.968750,0.002416189044
23923.828125,0.002475402340
23929.687500,0.002496608770
23935.546875,0.002476138397
23941.406250,0.002447273844
23947.265625,0.002435734578
23953.125000,0.002432676590
23958.984375,0.002433654552
23964.843750,0.002387121844
23970.703125,0.002526247414
23976.562500,0.002563326512
23982.421875,0.002414318325
23988.281250,0.002525035294
23994.140625,0.002936248961
