source_file,260630_0016.wav
sample_rate_hz,48000
fft_size,8192
hop_size,4096
analyzed_frames,245
min_frequency_hz,20.000000
max_frequency_hz,
global_dominant_frequency_hz,41.015625
global_dominant_magnitude,32.000782752833

frequency_hz,mean_magnitude
0.000000,35.438574277006
5.859375,26.022771801845
11.718750,13.483277995187
17.578125,11.378695422454
23.437500,13.116031380316
29.296875,13.802243223000
35.156250,22.082155472135
41.015625,32.000782752833
46.875000,13.701321253806
52.734375,7.920160154377
58.593750,7.764323365866
64.453125,6.945958001483
70.312500,8.371462661007
76.171875,7.399722358000
82.031250,5.826044165787
87.890625,5.748173785166
93.750000,5.734295491025
99.609375,4.924974213723
105.468750,4.985484796836
111.328125,4.098161286657
117.187500,3.570916900706
123.046875,3.129102394158
128.906250,3.180282886131
134.765625,3.190301744808
140.625000,2.999644385964
146.484375,3.114674219259
152.343750,2.923685511156
158.203125,2.968555348509
164.062500,2.986262214958
169.921875,2.744959105406
175.781250,2.604908923414
181.640625,2.635245852178
187.500000,2.478501313762
193.359375,2.409380127570
199.218750,2.398295593953
205.078125,2.160543481416
210.937500,1.957856848007
216.796875,1.817589192880
222.656250,1.690498241859
228.515625,1.697266324405
234.375000,1.647616339538
240.234375,1.362401895095
246.093750,1.103285499159
251.953125,1.033107132577
257.812500,0.898866287021
263.671875,0.868388963902
269.531250,0.747175760513
275.390625,0.688184734147
281.250000,0.706511085288
287.109375,0.657976499934
292.968750,0.637510089940
298.828125,0.714849726471
304.687500,0.652351971465
310.546875,0.538743877762
316.406250,0.507563934054
322.265625,0.520906336116
328.125000,0.523439885618
333.984375,0.532545510472
339.843750,0.590070243740
345.703125,0.611696986359
351.562500,0.649722572678
357.421875,0.676308256292
363.281250,0.528723832440
369.140625,0.523650605659
375.000000,0.540772372804
380.859375,0.533337122488
386.718750,0.751471922028
392.578125,1.068095031261
398.437500,0.707471580195
404.296875,0.544342787259
410.156250,0.549244303951
416.015625,0.508742295444
421.875000,0.706288842399
427.734375,0.875548584239
433.593750,0.913083801152
439.453125,0.860983608590
445.312500,0.783329590474
451.171875,0.743887614050
457.031250,0.698386017624
462.890625,0.649645000202
468.750000,0.731096880510
474.609375,0.935647544809
480.468750,1.244273195120
486.328125,0.960537475759
492.187500,0.783773663283
498.046875,0.804261074902
503.906250,0.743029455894
509.765625,0.785129039110
515.625000,0.859529134814
521.484375,0.968785698849
527.343750,1.008275665910
533.203125,0.987509345614
539.062500,0.936407273713
544.921875,0.889535734117
550.781250,0.795978477774
556.640625,0.808148135623
562.500000,0.879381322089
568.359375,0.849571221468
574.218750,0.796594109557
580.078125,0.848503401776
585.937500,1.286328549754
591.796875,1.200280846865
597.656250,0.921202306690
603.515625,0.815245570020
609.375000,0.730722618557
615.234375,0.715360567872
621.093750,0.684633472121
626.953125,0.673599229183
632.812500,0.650085897665
638.671875,0.774173644540
644.531250,0.899636012779
650.390625,0.801981553623
656.250000,0.594487251350
662.109375,0.544916647293
667.968750,0.538494005276
673.828125,0.543016357076
679.687500,0.732348786925
685.546875,0.693207029186
691.406250,0.577700966119
697.265625,0.531021956905
703.125000,0.567381697881
708.984375,0.608181621983
714.843750,0.602532404904
720.703125,0.792028925083
726.562500,0.896439015389
732.421875,0.643257895941
738.281250,0.565632087651
744.140625,0.613022842112
750.000000,0.576086734029
755.859375,0.518900610445
761.718750,0.525518286818
767.578125,0.512542991850
773.437500,0.575588785851
779.296875,0.692140547854
785.156250,0.593662646563
791.015625,0.523945663631
796.875000,0.496184271077
802.734375,0.490469466375
808.593750,0.485164241222
814.453125,0.484509052249
820.312500,0.505809084431
826.171875,0.518681367918
832.031250,0.592123186654
837.890625,0.640827517695
843.750000,1.063266025220
849.609375,1.178529055846
855.468750,0.856752305470
861.328125,0.673627961807
867.187500,0.596405014839
873.046875,0.704474450579
878.906250,0.580714548545
884.765625,0.592039729731
890.625000,0.679743590255
896.484375,0.654913274899
902.343750,0.619434949348
908.203125,0.500447909022
914.062500,0.506154397111
919.921875,0.517888408248
925.781250,0.468197280968
931.640625,0.461665771610
937.500000,0.472061083499
943.359375,0.546148605901
949.218750,0.614294787079
955.078125,0.625198814996
960.937500,0.614219983068
966.796875,0.532248218865
972.656250,0.461883852271
978.515625,0.463086643916
984.375000,0.487623799198
990.234375,0.485035865930
996.093750,0.590585905903
1001.953125,0.634697362012
1007.812500,0.513013103381
1013.671875,0.461442946356
1019.531250,0.454661190385
1025.390625,0.452435439068
1031.250000,0.457942485196
1037.109375,0.466875141269
1042.968750,0.470454352613
1048.828125,0.472965738043
1054.687500,0.492774491212
1060.546875,0.569560107522
1066.406250,0.499659185375
1072.265625,0.445594630671
1078.125000,0.440287625834
1083.984375,0.433756338847
1089.843750,0.431158259286
1095.703125,0.446288662029
1101.562500,0.437974759498
1107.421875,0.366784045825
1113.281250,0.374577978280
1119.140625,0.417280542764
1125.000000,0.402488723620
1130.859375,0.410238095950
1136.718750,0.406460274141
1142.578125,0.372243911340
1148.437500,0.321611671310
1154.296875,0.330090905083
1160.156250,0.355774138219
1166.015625,0.383004189623
1171.875000,0.375968485195
1177.734375,0.371897990185
1183.593750,0.391012419800
1189.453125,0.379415204736
1195.312500,0.356985612703
1201.171875,0.420406402911
1207.031250,0.357995474532
1212.890625,0.286474034468
1218.750000,0.306821968837
1224.609375,0.311933530554
1230.468750,0.290080129405
1236.328125,0.377177980448
1242.187500,0.416093877279
1248.046875,0.326858293160
1253.906250,0.301033047394
1259.765625,0.318377528496
1265.625000,0.348213541630
1271.484375,0.380419684641
1277.343750,0.379379929341
1283.203125,0.353756849828
1289.062500,0.305022497348
1294.921875,0.300143238447
1300.781250,0.318385930818
1306.640625,0.316307944162
1312.500000,0.292518644117
1318.359375,0.352625906673
1324.218750,0.312037367936
1330.078125,0.262777809067
1335.937500,0.272023898012
1341.796875,0.281901530993
1347.656250,0.278860972372
1353.515625,0.281371179818
1359.375000,0.336298072383
1365.234375,0.284200564405
1371.093750,0.245358248863
1376.953125,0.227926830313
1382.812500,0.241137243824
1388.671875,0.238307506002
1394.531250,0.226233187662
1400.390625,0.270959115058
1406.250000,0.222499920694
1412.109375,0.201190424141
1417.968750,0.196550854937
1423.828125,0.210038077488
1429.687500,0.206542912079
1435.546875,0.256210536110
1441.406250,0.349362256055
1447.265625,0.318544824574
1453.125000,0.225321895043
1458.984375,0.236508346346
1464.843750,0.240184270851
1470.703125,0.214042549600
1476.562500,0.195089809525
1482.421875,0.185250859313
1488.281250,0.205747325928
1494.140625,0.239456715639
1500.000000,0.214267747029
1505.859375,0.260323625818
1511.718750,0.234972667292
1517.578125,0.246154107577
1523.437500,0.237560236635
1529.296875,0.209263044483
1535.156250,0.212520461319
1541.015625,0.227896409883
1546.875000,0.216873156101
1552.734375,0.220764238947
1558.593750,0.218613924855
1564.453125,0.234642181774
1570.312500,0.235262702954
1576.171875,0.232334660142
1582.031250,0.243527341164
1587.890625,0.252211127074
1593.750000,0.247052114183
1599.609375,0.232854580573
1605.468750,0.288235316372
1611.328125,0.258359914744
1617.187500,0.222295985045
1623.046875,0.239375656371
1628.906250,0.234621750177
1634.765625,0.218500680700
1640.625000,0.204533151848
1646.484375,0.194078314566
1652.343750,0.210335154526
1658.203125,0.231279998462
1664.062500,0.255659659291
1669.921875,0.258917828892
1675.781250,0.245687335465
1681.640625,0.247053822456
1687.500000,0.257112337430
1693.359375,0.237095889234
1699.218750,0.224833033383
1705.078125,0.226186158708
1710.937500,0.252367082193
1716.796875,0.229255850856
1722.656250,0.223166998622
1728.515625,0.233367486930
1734.375000,0.197049130409
1740.234375,0.201645579824
1746.093750,0.204436847882
1751.953125,0.210765956239
1757.812500,0.211960506352
1763.671875,0.230049161855
1769.531250,0.234446796204
1775.390625,0.215883002019
1781.250000,0.205788259816
1787.109375,0.228205763891
1792.968750,0.235988409977
1798.828125,0.215112502425
1804.687500,0.230983753090
1810.546875,0.242014441486
1816.406250,0.226033312993
1822.265625,0.208132725316
1828.125000,0.239062733120
1833.984375,0.260443432163
1839.843750,0.210590989273
1845.703125,0.216951975185
1851.562500,0.199090637549
1857.421875,0.199812738938
1863.281250,0.192622538518
1869.140625,0.201943408758
1875.000000,0.216936617117
1880.859375,0.202964639617
1886.718750,0.211335281593
1892.578125,0.210090897297
1898.437500,0.208473876307
1904.296875,0.200361943486
1910.156250,0.188990890153
1916.015625,0.202439715569
1921.875000,0.242410227783
1927.734375,0.244702669840
1933.593750,0.213749775522
1939.453125,0.197066627038
1945.312500,0.193491757000
1951.171875,0.209867474380
1957.031250,0.201981685330
1962.890625,0.218317961411
1968.750000,0.244265705891
1974.609375,0.224643105124
1980.468750,0.201149689940
1986.328125,0.199276067388
1992.187500,0.205058886259
1998.046875,0.197520401065
2003.906250,0.206973849405
2009.765625,0.206309761787
2015.625000,0.201131171615
2021.484375,0.190530975452
2027.343750,0.189380468935
2033.203125,0.188752011784
2039.062500,0.188093344413
2044.921875,0.178715851797
2050.781250,0.182100157086
2056.640625,0.194154127082
2062.500000,0.212030106655
2068.359375,0.219572690991
2074.218750,0.198475767259
2080.078125,0.210454469637
2085.937500,0.213561549837
2091.796875,0.195241106207
2097.656250,0.205004913509
2103.515625,0.199931202535
2109.375000,0.188531254040
2115.234375,0.187168038005
2121.093750,0.200753121300
2126.953125,0.209613516447
2132.812500,0.193726465999
2138.671875,0.170591618242
2144.531250,0.178153036279
2150.390625,0.179447688882
2156.250000,0.186013503318
2162.109375,0.209697324728
2167.968750,0.222699452380
2173.828125,0.189161707849
2179.687500,0.180640428440
2185.546875,0.182403226216
2191.406250,0.187518683466
2197.265625,0.202211800165
2203.125000,0.194387313592
2208.984375,0.182653605130
2214.843750,0.187862925742
2220.703125,0.186423238106
2226.562500,0.181962749614
2232.421875,0.181610005464
2238.281250,0.177556258616
2244.140625,0.177306746409
2250.000000,0.178857747408
2255.859375,0.164442832474
2261.718750,0.164711748268
2267.578125,0.178677030948
2273.437500,0.175991961840
2279.296875,0.172192816515
2285.156250,0.173522463304
2291.015625,0.167165121529
2296.875000,0.165235257221
2302.734375,0.163850785690
2308.593750,0.163715871291
2314.453125,0.170935680274
2320.312500,0.169917882515
2326.171875,0.165301038328
2332.031250,0.148558567036
2337.890625,0.143552241470
2343.750000,0.153330844395
2349.609375,0.168307652679
2355.468750,0.167509366934
2361.328125,0.166585568119
2367.187500,0.178050493738
2373.046875,0.176504337998
2378.906250,0.165741396069
2384.765625,0.165109615943
2390.625000,0.162706884854
2396.484375,0.148069923136
2402.343750,0.150702142372
2408.203125,0.170216342022
2414.062500,0.156430776669
2419.921875,0.151362222295
2425.781250,0.150471872810
2431.640625,0.147148838405
2437.500000,0.163223030397
2443.359375,0.163621558496
2449.218750,0.168927921223
2455.078125,0.166613581236
2460.937500,0.153481749532
2466.796875,0.154009090855
2472.656250,0.153047529208
2478.515625,0.156999908380
2484.375000,0.177708192471
2490.234375,0.167330393693
2496.093750,0.154632436189
2501.953125,0.161621338424
2507.812500,0.164649215822
2513.671875,0.169552330108
2519.531250,0.165095518794
2525.390625,0.174246034190
2531.250000,0.169478488340
2537.109375,0.175992406024
2542.968750,0.191190349604
2548.828125,0.171622210036
2554.687500,0.188163019942
2560.546875,0.200975134181
2566.406250,0.178758665946
2572.265625,0.177619881385
2578.125000,0.170370978066
2583.984375,0.161902566434
2589.843750,0.159828146043
2595.703125,0.168970204511
2601.562500,0.181534634455
2607.421875,0.178387492160
2613.281250,0.178854990481
2619.140625,0.178802952038
2625.000000,0.166155222593
2630.859375,0.153282983213
2636.718750,0.164419888996
2642.578125,0.178661615493
2648.437500,0.192155547301
2654.296875,0.180825232676
2660.156250,0.166113931001
2666.015625,0.164975290878
2671.875000,0.186301548524
2677.734375,0.205761739711
2683.593750,0.201052308402
2689.453125,0.212763021760
2695.312500,0.225560415914
2701.171875,0.212280519481
2707.031250,0.225055813959
2712.890625,0.220584105384
2718.750000,0.223555063155
2724.609375,0.233640907279
2730.468750,0.236271481409
2736.328125,0.255265224511
2742.187500,0.269825282826
2748.046875,0.257452113599
2753.906250,0.212965553509
2759.765625,0.208646103841
2765.625000,0.224428538601
2771.484375,0.221744300481
2777.343750,0.220894181375
2783.203125,0.200388241875
2789.062500,0.169101015380
2794.921875,0.165742545811
2800.781250,0.160985050490
2806.640625,0.161149694918
2812.500000,0.162060881622
2818.359375,0.161846277064
2824.218750,0.165174993645
2830.078125,0.171728649456
2835.937500,0.166104212110
2841.796875,0.162289852390
2847.656250,0.161497157436
2853.515625,0.161615139965
2859.375000,0.176368893323
2865.234375,0.177431333420
2871.093750,0.179331579922
2876.953125,0.168491117389
2882.812500,0.167254224784
2888.671875,0.172861983469
2894.531250,0.191248708439
2900.390625,0.191507315019
2906.250000,0.190385152632
2912.109375,0.174399390158
2917.968750,0.170103570379
2923.828125,0.190532997634
2929.687500,0.197096439914
2935.546875,0.208251862115
2941.406250,0.193213380791
2947.265625,0.186008721788
2953.125000,0.184545652868
2958.984375,0.180006920886
2964.843750,0.188869653031
2970.703125,0.227134352750
2976.562500,0.230880790267
2982.421875,0.219228273914
2988.281250,0.200110673409
2994.140625,0.209989231763
3000.000000,0.220066492121
3005.859375,0.203737042997
3011.718750,0.212402048272
3017.578125,0.218378678635
3023.437500,0.224222320584
3029.296875,0.225396605060
3035.156250,0.216855770612
3041.015625,0.228307098470
3046.875000,0.238894045967
3052.734375,0.264314124283
3058.593750,0.230604074927
3064.453125,0.228740826151
3070.312500,0.246328030658
3076.171875,0.256069765493
3082.031250,0.237343604206
3087.890625,0.246209576386
3093.750000,0.256172072795
3099.609375,0.221315205536
3105.468750,0.203935721132
3111.328125,0.215648203727
3117.187500,0.206136130554
3123.046875,0.173572020501
3128.906250,0.164602555195
3134.765625,0.162155452245
3140.625000,0.165351183022
3146.484375,0.178728874647
3152.343750,0.178224202024
3158.203125,0.184274917963
3164.062500,0.199480069107
3169.921875,0.195828486906
3175.781250,0.190168059819
3181.640625,0.194338190692
3187.500000,0.205488701428
3193.359375,0.204323517962
3199.218750,0.206849536492
3205.078125,0.206799418028
3210.937500,0.216216419979
3216.796875,0.219352367318
3222.656250,0.224649973837
3228.515625,0.207764985148
3234.375000,0.192599123587
3240.234375,0.176793790691
3246.093750,0.156549545167
3251.953125,0.147094722094
3257.812500,0.136447152563
3263.671875,0.126402504042
3269.531250,0.124891097805
3275.390625,0.135728675879
3281.250000,0.143394460283
3287.109375,0.151237535936
3292.968750,0.142407172821
3298.828125,0.136972385124
3304.687500,0.173476846328
3310.546875,0.182596226768
3316.406250,0.171056292284
3322.265625,0.178944691895
3328.125000,0.177143984516
3333.984375,0.191302789574
3339.843750,0.212422308590
3345.703125,0.218354686567
3351.562500,0.207634820225
3357.421875,0.184011101341
3363.281250,0.168260722929
3369.140625,0.177199093404
3375.000000,0.182392414723
3380.859375,0.179424743807
3386.718750,0.195794647745
3392.578125,0.188757972414
3398.437500,0.192462177975
3404.296875,0.168100459784
3410.156250,0.150501401933
3416.015625,0.165733121645
3421.875000,0.186237738361
3427.734375,0.196529302090
3433.593750,0.200682215242
3439.453125,0.207922023652
3445.312500,0.203299977761
3451.171875,0.200352922660
3457.031250,0.197769456614
3462.890625,0.186270046264
3468.750000,0.183436950066
3474.609375,0.190977251133
3480.468750,0.219308419487
3486.328125,0.221811357763
3492.187500,0.217219691810
3498.046875,0.194761932249
3503.906250,0.204770013662
3509.765625,0.199964647396
3515.625000,0.221875239051
3521.484375,0.222537941330
3527.343750,0.226145510421
3533.203125,0.200406045053
3539.062500,0.197756537884
3544.921875,0.190235128804
3550.781250,0.184393460194
3556.640625,0.182106921320
3562.500000,0.187361397128
3568.359375,0.192019800909
3574.218750,0.183093964919
3580.078125,0.157512360481
3585.937500,0.174898827977
3591.796875,0.188430011819
3597.656250,0.192024861014
3603.515625,0.170491758536
3609.375000,0.170067004242
3615.234375,0.186993070438
3621.093750,0.165445386174
3626.953125,0.150973547154
3632.812500,0.158420953383
3638.671875,0.167687811495
3644.531250,0.177579291358
3650.390625,0.204522136775
3656.250000,0.191031087231
3662.109375,0.196003762761
3667.968750,0.185200109270
3673.828125,0.165532016430
3679.687500,0.168503480835
3685.546875,0.178672542591
3691.406250,0.180648174363
3697.265625,0.168141369687
3703.125000,0.176949304106
3708.984375,0.167449651165
3714.843750,0.182565337800
3720.703125,0.184689435260
3726.562500,0.191252251308
3732.421875,0.205131280052
3738.281250,0.217943602085
3744.140625,0.229198820402
3750.000000,0.206099549278
3755.859375,0.233660780178
3761.718750,0.210639472603
3767.578125,0.198557597691
3773.437500,0.218897690292
3779.296875,0.216090234115
3785.156250,0.222836516152
3791.015625,0.184929921728
3796.875000,0.158072612543
3802.734375,0.170540718235
3808.593750,0.174555364687
3814.453125,0.162624315685
3820.312500,0.159425830241
3826.171875,0.157928837855
3832.031250,0.162064660404
3837.890625,0.162856118627
3843.750000,0.169553012132
3849.609375,0.179628125839
3855.468750,0.187623883862
3861.328125,0.175045481943
3867.187500,0.175972273261
3873.046875,0.167900125130
3878.906250,0.154410322589
3884.765625,0.158637040996
3890.625000,0.154970416868
3896.484375,0.143243408520
3902.343750,0.130569286292
3908.203125,0.133775420904
3914.062500,0.115918175850
3919.921875,0.115417212535
3925.781250,0.133096633017
3931.640625,0.127036266774
3937.500000,0.120408495787
3943.359375,0.116337860263
3949.218750,0.118042366418
3955.078125,0.128358403365
3960.937500,0.143546875152
3966.796875,0.149110487377
3972.656250,0.141986371575
3978.515625,0.151627774844
3984.375000,0.142113970322
3990.234375,0.134892808108
3996.093750,0.138769682404
4001.953125,0.144424679049
4007.812500,0.134772009035
4013.671875,0.127432351345
4019.531250,0.121482319757
4025.390625,0.106822300386
4031.250000,0.104971025111
4037.109375,0.122156097223
4042.968750,0.135983279110
4048.828125,0.138329011875
4054.687500,0.120991920067
4060.546875,0.127364790748
4066.406250,0.143849762526
4072.265625,0.138387066597
4078.125000,0.122682364400
4083.984375,0.117143241783
4089.843750,0.129888719119
4095.703125,0.126423437565
4101.562500,0.120713857924
4107.421875,0.137796083788
4113.281250,0.147729161487
4119.140625,0.132707918267
4125.000000,0.131504882289
4130.859375,0.125378695584
4136.718750,0.121728342753
4142.578125,0.119797427868
4148.437500,0.118401406219
4154.296875,0.118096030156
4160.156250,0.128992031285
4166.015625,0.128027651876
4171.875000,0.125065475816
4177.734375,0.130948110959
4183.593750,0.121805885716
4189.453125,0.127704667940
4195.312500,0.137742914787
4201.171875,0.133417728362
4207.031250,0.108711373439
4212.890625,0.122630813431
4218.750000,0.141083817046
4224.609375,0.137457330292
4230.468750,0.137562038066
4236.328125,0.138209658336
4242.187500,0.139457221659
4248.046875,0.148521966530
4253.906250,0.149452530113
4259.765625,0.139978247146
4265.625000,0.132752045396
4271.484375,0.116166802304
4277.343750,0.120296728993
4283.203125,0.135019266340
4289.062500,0.147458590980
4294.921875,0.135777684108
4300.781250,0.115616276860
4306.640625,0.129328597993
4312.500000,0.150092276040
4318.359375,0.157857237654
4324.218750,0.148961888851
4330.078125,0.145716723073
4335.937500,0.148760995142
4341.796875,0.141594611250
4347.656250,0.144901968854
4353.515625,0.156568983711
4359.375000,0.159979851912
4365.234375,0.144664511811
4371.093750,0.126945427236
4376.953125,0.124369444312
4382.812500,0.139890326753
4388.671875,0.153357535399
4394.531250,0.154227749649
4400.390625,0.149906919100
4406.250000,0.154369054926
4412.109375,0.147514061223
4417.968750,0.140508400249
4423.828125,0.141397156836
4429.687500,0.138581265657
4435.546875,0.122420621358
4441.406250,0.126575433733
4447.265625,0.132074609327
4453.125000,0.131306664713
4458.984375,0.130304809328
4464.843750,0.126642673392
4470.703125,0.128939837079
4476.562500,0.141927510715
4482.421875,0.143458293974
4488.281250,0.144703550599
4494.140625,0.149646410594
4500.000000,0.145489653423
4505.859375,0.133254527396
4511.718750,0.126882041328
4517.578125,0.131183368127
4523.437500,0.135994071329
4529.296875,0.145511208296
4535.156250,0.136004710500
4541.015625,0.133484645702
4546.875000,0.130499699057
4552.734375,0.122572954514
4558.593750,0.122624401103
4564.453125,0.118773648911
4570.312500,0.118502624914
4576.171875,0.113695034065
4582.031250,0.109810301542
4587.890625,0.112002897157
4593.750000,0.114929822654
4599.609375,0.110267160938
4605.468750,0.122773959417
4611.328125,0.122934303671
4617.187500,0.112906462049
4623.046875,0.110566582294
4628.906250,0.121291553034
4634.765625,0.131169672335
4640.625000,0.121451124460
4646.484375,0.105046820566
4652.343750,0.103181330397
4658.203125,0.122187510669
4664.062500,0.136121279030
4669.921875,0.129192628337
4675.781250,0.115657688265
4681.640625,0.106892606269
4687.500000,0.109406274003
4693.359375,0.106380415608
4699.218750,0.098155891257
4705.078125,0.095566470299
4710.937500,0.093787441361
4716.796875,0.090592747270
4722.656250,0.088831510203
4728.515625,0.093607232624
4734.375000,0.101326304042
4740.234375,0.097966919507
4746.093750,0.107841833461
4751.953125,0.106493687570
4757.812500,0.104840596694
4763.671875,0.102264692733
4769.531250,0.094873430008
4775.390625,0.103447520462
4781.250000,0.115474641136
4787.109375,0.107414191352
4792.968750,0.097838422751
4798.828125,0.091715457098
4804.687500,0.090283126519
4810.546875,0.092060061216
4816.406250,0.097188672518
4822.265625,0.092344640891
4828.125000,0.089307142421
4833.984375,0.084247191105
4839.843750,0.079495614598
4845.703125,0.072427842354
4851.562500,0.067933432224
4857.421875,0.072444556777
4863.281250,0.074965458319
4869.140625,0.076188412029
4875.000000,0.075972417877
4880.859375,0.076210505705
4886.718750,0.082391230725
4892.578125,0.083422341713
4898.437500,0.083597997620
4904.296875,0.078166969314
4910.156250,0.073807526819
4916.015625,0.074360322967
4921.875000,0.070061699415
4927.734375,0.064014683770
4933.593750,0.060578875124
4939.453125,0.060065458104
4945.312500,0.054583300183
4951.171875,0.060670606173
4957.031250,0.059545598842
4962.890625,0.058561917792
4968.750000,0.059065538712
4974.609375,0.060949206411
4980.468750,0.058020887469
4986.328125,0.057115278959
4992.187500,0.061476621305
4998.046875,0.064579576071
5003.906250,0.060968826799
5009.765625,0.055964612956
5015.625000,0.056714606923
5021.484375,0.055203170648
5027.343750,0.055337506552
5033.203125,0.051546919714
5039.062500,0.052213376862
5044.921875,0.048920482890
5050.781250,0.049183542800
5056.640625,0.050440774100
5062.500000,0.050548448888
5068.359375,0.047450930142
5074.218750,0.046194808071
5080.078125,0.049834769303
5085.937500,0.051487189286
5091.796875,0.051018035471
5097.656250,0.051007532011
5103.515625,0.049167440355
5109.375000,0.044903912480
5115.234375,0.042242650767
5121.093750,0.046134332504
5126.953125,0.047480326033
5132.812500,0.048329029018
5138.671875,0.047404471743
5144.531250,0.047921896526
5150.390625,0.045947791422
5156.250000,0.045111786780
5162.109375,0.042845918008
5167.968750,0.041390296065
5173.828125,0.041260166290
5179.687500,0.044265666692
5185.546875,0.042826225100
5191.406250,0.040308270888
5197.265625,0.040306194486
5203.125000,0.041994931090
5208.984375,0.043843819377
5214.843750,0.047632759200
5220.703125,0.046260205168
5226.562500,0.043564267281
5232.421875,0.043522070682
5238.281250,0.043078931130
5244.140625,0.045836297988
5250.000000,0.044519486434
5255.859375,0.044516454418
5261.718750,0.043653596575
5267.578125,0.044735727122
5273.437500,0.046249360638
5279.296875,0.045162672212
5285.156250,0.044498178545
5291.015625,0.045400122160
5296.875000,0.044822856717
5302.734375,0.044375367539
5308.593750,0.042598623107
5314.453125,0.042800875168
5320.312500,0.044731109170
5326.171875,0.042417951231
5332.031250,0.041962136292
5337.890625,0.043216377585
5343.750000,0.045206497956
5349.609375,0.043522874796
5355.468750,0.047787818539
5361.328125,0.046809467295
5367.187500,0.044585405093
5373.046875,0.039036450958
5378.906250,0.041188659066
5384.765625,0.041973140433
5390.625000,0.044768159276
5396.484375,0.043266384831
5402.343750,0.042673024224
5408.203125,0.041557826961
5414.062500,0.043203424954
5419.921875,0.045438006808
5425.781250,0.047612666857
5431.640625,0.046604884723
5437.500000,0.044760265511
5443.359375,0.043850928547
5449.218750,0.041881557982
5455.078125,0.042289717352
5460.937500,0.041585421130
5466.796875,0.042537545130
5472.656250,0.043273684752
5478.515625,0.043483331630
5484.375000,0.043319504662
5490.234375,0.044964797614
5496.093750,0.046112696203
5501.953125,0.046770585207
5507.812500,0.043856600625
5513.671875,0.045339302842
5519.531250,0.046052756210
5525.390625,0.049749456719
5531.250000,0.048341028254
5537.109375,0.046013570438
5542.968750,0.044961225496
5548.828125,0.045055071549
5554.687500,0.042446125473
5560.546875,0.043942199991
5566.406250,0.047328095672
5572.265625,0.050834194525
5578.125000,0.047796169491
5583.984375,0.045039532664
5589.843750,0.042631546098
5595.703125,0.040171986177
5601.562500,0.042081544355
5607.421875,0.041817208180
5613.281250,0.044476716714
5619.140625,0.045561929607
5625.000000,0.046137520845
5630.859375,0.051989956425
5636.718750,0.053359943473
5642.578125,0.051790470604
5648.437500,0.048422924072
5654.296875,0.046112848039
5660.156250,0.044596126628
5666.015625,0.044854021243
5671.875000,0.044246102633
5677.734375,0.048042862152
5683.593750,0.050492048874
5689.453125,0.047048935395
5695.312500,0.049115410301
5701.171875,0.047737166574
5707.031250,0.043687448351
5712.890625,0.041307243338
5718.750000,0.043594282498
5724.609375,0.045224144294
5730.468750,0.046645680004
5736.328125,0.046802635006
5742.187500,0.045820883357
5748.046875,0.043648567063
5753.906250,0.044068782895
5759.765625,0.044850900139
5765.625000,0.045187167318
5771.484375,0.045862278901
5777.343750,0.041334154212
5783.203125,0.044122552730
5789.062500,0.045879546026
5794.921875,0.043276023403
5800.781250,0.042604128344
5806.640625,0.044898901924
5812.500000,0.046530550514
5818.359375,0.050205264476
5824.218750,0.051632296425
5830.078125,0.049635314274
5835.937500,0.048948362136
5841.796875,0.044513815974
5847.656250,0.046861755599
5853.515625,0.056463919732
5859.375000,0.054568814178
5865.234375,0.049753185998
5871.093750,0.055145573262
5876.953125,0.058303176085
5882.812500,0.057849982914
5888.671875,0.055738296190
5894.531250,0.054831584968
5900.390625,0.055318057973
5906.250000,0.059993676622
5912.109375,0.054512119344
5917.968750,0.060177223494
5923.828125,0.062075032618
5929.687500,0.062644951100
5935.546875,0.056508694403
5941.406250,0.051569047149
5947.265625,0.050691998821
5953.125000,0.052794344693
5958.984375,0.052951071877
5964.843750,0.050092928869
5970.703125,0.054413554209
5976.562500,0.053568804608
5982.421875,0.050636052938
5988.281250,0.051732304684
5994.140625,0.054036119941
6000.000000,0.050829467527
6005.859375,0.055903091405
6011.718750,0.063810624154
6017.578125,0.062521456756
6023.437500,0.060952708512
6029.296875,0.060804103142
6035.156250,0.053693413873
6041.015625,0.058211420744
6046.875000,0.061612815133
6052.734375,0.062038054098
6058.593750,0.058001103798
6064.453125,0.055737217402
6070.312500,0.058075694185
6076.171875,0.065370905344
6082.031250,0.065497925623
6087.890625,0.063361540396
6093.750000,0.058092029158
6099.609375,0.049726247738
6105.468750,0.048552384385
6111.328125,0.052127985087
6117.187500,0.056415117586
6123.046875,0.053293270188
6128.906250,0.052467711736
6134.765625,0.056666257957
6140.625000,0.057497491238
6146.484375,0.057328337232
6152.343750,0.060206613177
6158.203125,0.058151481779
6164.062500,0.056592340193
6169.921875,0.055085881009
6175.781250,0.057878675467
6181.640625,0.063737261116
6187.500000,0.061972475583
6193.359375,0.056723604209
6199.218750,0.049734103774
6205.078125,0.049050950384
6210.937500,0.050738664518
6216.796875,0.053207877672
6222.656250,0.052618477526
6228.515625,0.048752004918
6234.375000,0.051166097270
6240.234375,0.053441648103
6246.093750,0.047320083397
6251.953125,0.045518368332
6257.812500,0.049040207630
6263.671875,0.053703830781
6269.531250,0.064117749403
6275.390625,0.064360750883
6281.250000,0.059062283599
6287.109375,0.057311800018
6292.968750,0.058732639344
6298.828125,0.059654950947
6304.687500,0.055419980636
6310.546875,0.050906066311
6316.406250,0.055823080690
6322.265625,0.055276252382
6328.125000,0.050710779684
6333.984375,0.046721189883
6339.843750,0.049782300587
6345.703125,0.055012909749
6351.562500,0.055805616012
6357.421875,0.053062208775
6363.281250,0.052342713036
6369.140625,0.052482985724
6375.000000,0.053011199489
6380.859375,0.051436266671
6386.718750,0.052209121280
6392.578125,0.050186718230
6398.437500,0.055655759029
6404.296875,0.054840014812
6410.156250,0.052682269721
6416.015625,0.049466110099
6421.875000,0.050181626874
6427.734375,0.049734080730
6433.593750,0.051193963813
6439.453125,0.047156578154
6445.312500,0.044792028891
6451.171875,0.046041791497
6457.031250,0.040408012152
6462.890625,0.034525333517
6468.750000,0.035429611445
6474.609375,0.039881526986
6480.468750,0.042674790645
6486.328125,0.042203286239
6492.187500,0.041892309982
6498.046875,0.040420088873
6503.906250,0.042178641185
6509.765625,0.042731465051
6515.625000,0.040811025597
6521.484375,0.042017504950
6527.343750,0.041873046910
6533.203125,0.040609886969
6539.062500,0.038122223664
6544.921875,0.038849719829
6550.781250,0.038067164829
6556.640625,0.035978432027
6562.500000,0.032341546672
6568.359375,0.031878691517
6574.218750,0.033597559005
6580.078125,0.033443968503
6585.937500,0.038027876144
6591.796875,0.044700095733
6597.656250,0.041692860008
6603.515625,0.037504193980
6609.375000,0.036277520347
6615.234375,0.035270382553
6621.093750,0.038439398711
6626.953125,0.040272879671
6632.812500,0.041653323229
6638.671875,0.043920972249
6644.531250,0.046057499923
6650.390625,0.046239677470
6656.250000,0.045913684892
6662.109375,0.043818505734
6667.968750,0.040458007587
6673.828125,0.039677977068
6679.687500,0.038574094378
6685.546875,0.039823243868
6691.406250,0.041789651894
6697.265625,0.040929094364
6703.125000,0.039037993722
6708.984375,0.034344896228
6714.843750,0.030800304909
6720.703125,0.028110322227
6726.562500,0.028421169659
6732.421875,0.031152277448
6738.281250,0.034357844699
6744.140625,0.035367200167
6750.000000,0.034666995193
6755.859375,0.032251294607
6761.718750,0.030861214760
6767.578125,0.032480526964
6773.437500,0.031579957133
6779.296875,0.031349701440
6785.156250,0.029855589903
6791.015625,0.028951881318
6796.875000,0.031992282748
6802.734375,0.035233920257
6808.593750,0.035810073587
6814.453125,0.031010471907
6820.312500,0.027588607508
6826.171875,0.026956351575
6832.031250,0.026946007128
6837.890625,0.028666694243
6843.750000,0.027336626926
6849.609375,0.026295248338
6855.468750,0.027384325923
6861.328125,0.026734834102
6867.187500,0.026783171961
6873.046875,0.028115791467
6878.906250,0.027886290261
6884.765625,0.024046714245
6890.625000,0.023258592923
6896.484375,0.025103422878
6902.343750,0.028590143072
6908.203125,0.029411914549
6914.062500,0.029405618883
6919.921875,0.027783312150
6925.781250,0.027216487775
6931.640625,0.025577241612
6937.500000,0.024542375851
6943.359375,0.023687528512
6949.218750,0.026197275745
6955.078125,0.026974767860
6960.937500,0.028577085378
6966.796875,0.029967986863
6972.656250,0.028794369924
6978.515625,0.026397310468
6984.375000,0.025589918710
6990.234375,0.027200626102
6996.093750,0.030289937296
7001.953125,0.031459446927
7007.812500,0.026819558422
7013.671875,0.024291171105
7019.531250,0.023276234514
7025.390625,0.023676722993
7031.250000,0.024813623542
7037.109375,0.026398508063
7042.968750,0.026470341985
7048.828125,0.026276813043
7054.687500,0.025915038655
7060.546875,0.028181093933
7066.406250,0.030284641827
7072.265625,0.030620538985
7078.125000,0.027984574800
7083.984375,0.026516527299
7089.843750,0.026552121177
7095.703125,0.027649538793
7101.562500,0.026557782188
7107.421875,0.026386564151
7113.281250,0.026086513614
7119.140625,0.027848313310
7125.000000,0.026374893805
7130.859375,0.024851232660
7136.718750,0.024160106871
7142.578125,0.026794332766
7148.437500,0.028676125356
7154.296875,0.028290253441
7160.156250,0.025612431826
7166.015625,0.026577596395
7171.875000,0.025678214282
7177.734375,0.027543482839
7183.593750,0.026433975676
7189.453125,0.026409919063
7195.312500,0.025113359072
7201.171875,0.025292033948
7207.031250,0.024444780968
7212.890625,0.024754549637
7218.750000,0.027500819590
7224.609375,0.025472613296
7230.468750,0.022532239537
7236.328125,0.022883990703
7242.187500,0.022570362564
7248.046875,0.021404315808
7253.906250,0.022216430384
7259.765625,0.023041916341
7265.625000,0.024592760060
7271.484375,0.022899130140
7277.343750,0.022502036803
7283.203125,0.023344243319
7289.062500,0.024282346116
7294.921875,0.024788617938
7300.781250,0.026495523326
7306.640625,0.026433709194
7312.500000,0.026288469527
7318.359375,0.023626391856
7324.218750,0.022689227519
7330.078125,0.022727548089
7335.937500,0.022872098581
7341.796875,0.024496337926
7347.656250,0.023545649587
7353.515625,0.021422292605
7359.375000,0.020014484187
7365.234375,0.020823606941
7371.093750,0.018862755346
7376.953125,0.019924185515
7382.812500,0.021105274718
7388.671875,0.021438471527
7394.531250,0.023276866014
7400.390625,0.023338041404
7406.250000,0.024871231960
7412.109375,0.025324925015
7417.968750,0.025577123815
7423.828125,0.024614142746
7429.687500,0.023715817173
7435.546875,0.024028288359
7441.406250,0.023660728021
7447.265625,0.025010013618
7453.125000,0.024309527547
7458.984375,0.023390197810
7464.843750,0.024705737117
7470.703125,0.024527653144
7476.562500,0.022971383683
7482.421875,0.021084701028
7488.281250,0.020103955087
7494.140625,0.020548732204
7500.000000,0.022862292771
7505.859375,0.024067840677
7511.718750,0.023720167999
7517.578125,0.022033398826
7523.437500,0.022699817478
7529.296875,0.024658533316
7535.156250,0.024669286773
7541.015625,0.023462327836
7546.875000,0.022893607217
7552.734375,0.021623489080
7558.593750,0.020947896782
7564.453125,0.020541939195
7570.312500,0.021431193748
7576.171875,0.022616731411
7582.031250,0.022013342646
7587.890625,0.020255010634
7593.750000,0.020573829738
7599.609375,0.021245603943
7605.468750,0.021640557417
7611.328125,0.021087446337
7617.187500,0.022016096813
7623.046875,0.023588915360
7628.906250,0.025411693292
7634.765625,0.023683531976
7640.625000,0.023970660449
7646.484375,0.023520592217
7652.343750,0.025072812296
7658.203125,0.026503301679
7664.062500,0.026491803344
7669.921875,0.025584803034
7675.781250,0.025137973794
7681.640625,0.026077033063
7687.500000,0.027549881943
7693.359375,0.025863777919
7699.218750,0.024748825540
7705.078125,0.024568929756
7710.937500,0.024892863060
7716.796875,0.024954855963
7722.656250,0.025723405497
7728.515625,0.025048044431
7734.375000,0.026282180925
7740.234375,0.025886205631
7746.093750,0.024770133354
7751.953125,0.023728412908
7757.812500,0.023999474058
7763.671875,0.022546510449
7769.531250,0.022958774539
7775.390625,0.025041089832
7781.250000,0.026061332041
7787.109375,0.027045100367
7792.968750,0.027327373029
7798.828125,0.024396859330
7804.687500,0.023380386921
7810.546875,0.023702057159
7816.406250,0.022290490352
7822.265625,0.022367096440
7828.125000,0.023535678685
7833.984375,0.023990408586
7839.843750,0.024876882782
7845.703125,0.027076041330
7851.562500,0.027564183957
7857.421875,0.026266462410
7863.281250,0.025157900655
7869.140625,0.025764948832
7875.000000,0.026231880255
7880.859375,0.026734253373
7886.718750,0.026321375818
7892.578125,0.027832024917
7898.437500,0.027611215285
7904.296875,0.026890706952
7910.156250,0.027069906714
7916.015625,0.026178039403
7921.875000,0.026395114613
7927.734375,0.026955006997
7933.593750,0.026009093285
7939.453125,0.026777925222
7945.312500,0.026608739684
7951.171875,0.028361953046
7957.031250,0.027627684571
7962.890625,0.024835212418
7968.750000,0.024742881631
7974.609375,0.026565024426
7980.468750,0.029443816173
7986.328125,0.028924955996
7992.187500,0.028609902190
7998.046875,0.029023186642
8003.906250,0.027785705203
8009.765625,0.027645759108
8015.625000,0.026711590645
8021.484375,0.027573929603
8027.343750,0.028372438552
8033.203125,0.026905417367
8039.062500,0.027194895524
8044.921875,0.027349052713
8050.781250,0.029259317541
8056.640625,0.029603420395
8062.500000,0.029850287046
8068.359375,0.028276411372
8074.218750,0.026623259843
8080.078125,0.027106266843
8085.937500,0.026818271486
8091.796875,0.027773594674
8097.656250,0.027420500647
8103.515625,0.029161584476
8109.375000,0.029776105524
8115.234375,0.032440070018
8121.093750,0.030863815959
8126.953125,0.030049368067
8132.812500,0.030685422925
8138.671875,0.029128458553
8144.531250,0.029156540213
8150.390625,0.029549993258
8156.250000,0.029910411452
8162.109375,0.030753091645
8167.968750,0.029211445082
8173.828125,0.031749779612
8179.687500,0.030078312066
8185.546875,0.028921397861
8191.406250,0.027720835897
8197.265625,0.028346693318
8203.125000,0.031005554511
8208.984375,0.030930182362
8214.843750,0.029448942284
8220.703125,0.032523058958
8226.562500,0.032821133797
8232.421875,0.034722540355
8238.281250,0.034062321055
8244.140625,0.035672738821
8250.000000,0.035052376199
8255.859375,0.037774160267
8261.718750,0.036315758361
8267.578125,0.034020081827
8273.437500,0.033020260664
8279.296875,0.032316670839
8285.156250,0.030125652975
8291.015625,0.028634358476
8296.875000,0.026711889333
8302.734375,0.026569599911
8308.593750,0.026723534462
8314.453125,0.027472060991
8320.312500,0.027297769258
8326.171875,0.028839582074
8332.031250,0.030551335747
8337.890625,0.030528086750
8343.750000,0.028486226871
8349.609375,0.030588333683
8355.468750,0.031666358914
8361.328125,0.029653092812
8367.187500,0.032240196190
8373.046875,0.032855551764
8378.906250,0.030408637009
8384.765625,0.029597723925
8390.625000,0.027466935200
8396.484375,0.027961046638
8402.343750,0.028954054092
8408.203125,0.028459904295
8414.062500,0.027291115512
8419.921875,0.026096493336
8425.781250,0.025672242280
8431.640625,0.025561924576
8437.500000,0.025588017225
8443.359375,0.025572574245
8449.218750,0.025846106431
8455.078125,0.024794490295
8460.937500,0.026073820164
8466.796875,0.027068438996
8472.656250,0.025891138271
8478.515625,0.024538708428
8484.375000,0.025941144926
8490.234375,0.027215811842
8496.093750,0.025320756981
8501.953125,0.025709534768
8507.812500,0.024693140787
8513.671875,0.024425974186
8519.531250,0.025010772312
8525.390625,0.024861414416
8531.250000,0.024322111887
8537.109375,0.025479224524
8542.968750,0.025901164709
8548.828125,0.025106209464
8554.687500,0.024457195972
8560.546875,0.022216623697
8566.406250,0.021143634941
8572.265625,0.020955132134
8578.125000,0.020000174173
8583.984375,0.019553989996
8589.843750,0.020638493841
8595.703125,0.020417812234
8601.562500,0.019444671448
8607.421875,0.021161375208
8613.281250,0.022066615675
8619.140625,0.022999372593
8625.000000,0.022810027838
8630.859375,0.021253236836
8636.718750,0.021274651382
8642.578125,0.022437725711
8648.437500,0.023046588794
8654.296875,0.022850983808
8660.156250,0.021982505164
8666.015625,0.021487985123
8671.875000,0.020968407696
8677.734375,0.019178329208
8683.593750,0.018244035195
8689.453125,0.017476218942
8695.312500,0.018607193847
8701.171875,0.017580510052
8707.031250,0.019009241664
8712.890625,0.021464589864
8718.750000,0.023306016135
8724.609375,0.021251335407
8730.468750,0.019712784321
8736.328125,0.017750716350
8742.187500,0.016426339101
8748.046875,0.016420374272
8753.906250,0.017408844455
8759.765625,0.018151017969
8765.625000,0.018200260780
8771.484375,0.018411389513
8777.343750,0.019526171781
8783.203125,0.020473212606
8789.062500,0.019486093959
8794.921875,0.019334441149
8800.781250,0.019516225719
8806.640625,0.019914288995
8812.500000,0.019671899219
8818.359375,0.018517429906
8824.218750,0.017430840174
8830.078125,0.017941508631
8835.937500,0.017534101389
8841.796875,0.017061833390
8847.656250,0.017286471447
8853.515625,0.016845795481
8859.375000,0.017038102918
8865.234375,0.016985639789
8871.093750,0.017515219923
8876.953125,0.016867665244
8882.812500,0.016717022068
8888.671875,0.017463859655
8894.531250,0.018492011198
8900.390625,0.018606436866
8906.250000,0.018971639464
8912.109375,0.018396321100
8917.968750,0.018526337199
8923.828125,0.018782193006
8929.687500,0.018628923963
8935.546875,0.017303022582
8941.406250,0.016906133658
8947.265625,0.017367494613
8953.125000,0.017710283529
8958.984375,0.016841563654
8964.843750,0.016912101590
8970.703125,0.017638949894
8976.562500,0.017783327280
8982.421875,0.017569228632
8988.281250,0.017535215243
8994.140625,0.017928487691
9000.000000,0.018688784880
9005.859375,0.018039170356
9011.718750,0.018080683920
9017.578125,0.017285407388
9023.437500,0.017103334187
9029.296875,0.017520693378
9035.156250,0.017932901709
9041.015625,0.016809492142
9046.875000,0.016856558915
9052.734375,0.017143738048
9058.593750,0.017940401066
9064.453125,0.019128768165
9070.312500,0.018745423951
9076.171875,0.019847572121
9082.031250,0.019101662733
9087.890625,0.018341982174
9093.750000,0.018242099552
9099.609375,0.018564094673
9105.468750,0.019518274746
9111.328125,0.019144183047
9117.187500,0.019010225777
9123.046875,0.019844317032
9128.906250,0.021549742429
9134.765625,0.021493157772
9140.625000,0.021805051537
9146.484375,0.020924404171
9152.343750,0.018649021484
9158.203125,0.017965298224
9164.062500,0.018966364289
9169.921875,0.019483594193
9175.781250,0.020321979996
9181.640625,0.021085457679
9187.500000,0.020726068219
9193.359375,0.020513141752
9199.218750,0.019708831615
9205.078125,0.018923926739
9210.937500,0.019651215933
9216.796875,0.020681171690
9222.656250,0.020906576474
9228.515625,0.019898557038
9234.375000,0.020653236502
9240.234375,0.021718168842
9246.093750,0.020304053789
9251.953125,0.020678827160
9257.812500,0.021691782754
9263.671875,0.021311894787
9269.531250,0.022915925308
9275.390625,0.023794409764
9281.250000,0.024104935210
9287.109375,0.023862328963
9292.968750,0.023552047834
9298.828125,0.023463245834
9304.687500,0.022931568070
9310.546875,0.022125217943
9316.406250,0.022700351612
9322.265625,0.021854012047
9328.125000,0.020659932417
9333.984375,0.020249298788
9339.843750,0.020565364291
9345.703125,0.021231300792
9351.562500,0.020886869371
9357.421875,0.021679790872
9363.281250,0.022612596528
9369.140625,0.022299303134
9375.000000,0.021625147990
9380.859375,0.021196294794
9386.718750,0.022662049808
9392.578125,0.023298364878
9398.437500,0.023853543460
9404.296875,0.023511222564
9410.156250,0.024149801326
9416.015625,0.023543677252
9421.875000,0.023000049946
9427.734375,0.023973425488
9433.593750,0.024397317002
9439.453125,0.024756248539
9445.312500,0.023861921584
9451.171875,0.023318613335
9457.031250,0.025155950008
9462.890625,0.025555957772
9468.750000,0.024153721921
9474.609375,0.022719992710
9480.468750,0.022620104044
9486.328125,0.022606890176
9492.187500,0.023550543205
9498.046875,0.023738211562
9503.906250,0.023474225992
9509.765625,0.024029095937
9515.625000,0.023859608674
9521.484375,0.024406675294
9527.343750,0.022727894598
9533.203125,0.023885460497
9539.062500,0.025656628776
9544.921875,0.026273933737
9550.781250,0.027586889520
9556.640625,0.026422254105
9562.500000,0.025915288185
9568.359375,0.025660419592
9574.218750,0.024489720607
9580.078125,0.026039419172
9585.937500,0.026490971715
9591.796875,0.026258946898
9597.656250,0.025001971015
9603.515625,0.024318243193
9609.375000,0.026054832378
9615.234375,0.026697589058
9621.093750,0.027640870358
9626.953125,0.027767937369
9632.812500,0.025412571805
9638.671875,0.025890653309
9644.531250,0.025133233813
9650.390625,0.024645816996
9656.250000,0.025243242256
9662.109375,0.024952367701
9667.968750,0.024378751961
9673.828125,0.024238297310
9679.687500,0.025415887941
9685.546875,0.024581975180
9691.406250,0.026575456095
9697.265625,0.025506079794
9703.125000,0.025453615206
9708.984375,0.025220540376
9714.843750,0.025965935767
9720.703125,0.026217198034
9726.562500,0.026516516567
9732.421875,0.026206758873
9738.281250,0.025890653526
9744.140625,0.025821122093
9750.000000,0.025646323755
9755.859375,0.025379258724
9761.718750,0.026195905571
9767.578125,0.026338819888
9773.437500,0.026379384836
9779.296875,0.027538494244
9785.156250,0.026516484662
9791.015625,0.026341711987
9796.875000,0.027384440289
9802.734375,0.026314966743
9808.593750,0.024897883498
9814.453125,0.026067270998
9820.312500,0.027434897257
9826.171875,0.025673301170
9832.031250,0.025123975986
9837.890625,0.024646780857
9843.750000,0.024357992337
9849.609375,0.025300815310
9855.468750,0.026012305950
9861.328125,0.028634762387
9867.187500,0.030355419861
9873.046875,0.029913144353
9878.906250,0.030152073327
9884.765625,0.027475713925
9890.625000,0.026641504503
9896.484375,0.026818596999
9902.343750,0.025900094744
9908.203125,0.025060289020
9914.062500,0.024621854811
9919.921875,0.026939938489
9925.781250,0.026207166643
9931.640625,0.025619011361
9937.500000,0.025108253115
9943.359375,0.025376879424
9949.218750,0.026183870376
9955.078125,0.024636473227
9960.937500,0.025064929794
9966.796875,0.025729432194
9972.656250,0.025167944138
9978.515625,0.024398866300
9984.375000,0.025989547985
9990.234375,0.027481276532
9996.093750,0.028899316063
10001.953125,0.026831627608
10007.812500,0.028132905773
10013.671875,0.029233488347
10019.531250,0.029455180537
10025.390625,0.027928581710
10031.250000,0.029369127214
10037.109375,0.029227337444
10042.968750,0.027384111607
10048.828125,0.026312023988
10054.687500,0.026660860925
10060.546875,0.026908432829
10066.406250,0.025173221027
10072.265625,0.025528168130
10078.125000,0.026595012404
10083.984375,0.025214596181
10089.843750,0.025775105827
10095.703125,0.025114235519
10101.562500,0.027671902181
10107.421875,0.029339696432
10113.281250,0.029173713643
10119.140625,0.030692383164
10125.000000,0.030263006851
10130.859375,0.030982677262
10136.718750,0.028801304360
10142.578125,0.029291366411
10148.437500,0.029343659448
10154.296875,0.030065959221
10160.156250,0.030288758771
10166.015625,0.028901743845
10171.875000,0.027260024058
10177.734375,0.026683494208
10183.593750,0.026216551735
10189.453125,0.027690955111
10195.312500,0.027505709690
10201.171875,0.026478077843
10207.031250,0.025568419905
10212.890625,0.027761735472
10218.750000,0.029584540869
10224.609375,0.027962352919
10230.468750,0.028520534791
10236.328125,0.028873155384
10242.187500,0.030164644028
10248.046875,0.030589665020
10253.906250,0.031615299410
10259.765625,0.029865759083
10265.625000,0.027891258255
10271.484375,0.028154899899
10277.343750,0.027937181730
10283.203125,0.029805724625
10289.062500,0.029780945104
10294.921875,0.030047335701
10300.781250,0.028433108867
10306.640625,0.029672750099
10312.500000,0.031314469240
10318.359375,0.032299527969
10324.218750,0.030099822609
10330.078125,0.030878307656
10335.937500,0.031902923619
10341.796875,0.030240943578
10347.656250,0.029091375788
10353.515625,0.027613694809
10359.375000,0.028101031564
10365.234375,0.028774032624
10371.093750,0.028303541537
10376.953125,0.028028229504
10382.812500,0.026143226663
10388.671875,0.027154579024
10394.531250,0.028019717957
10400.390625,0.027822679435
10406.250000,0.029137108431
10412.109375,0.028946959633
10417.968750,0.027475892902
10423.828125,0.028034602733
10429.687500,0.031207982415
10435.546875,0.031781125771
10441.406250,0.030775823672
10447.265625,0.029946667247
10453.125000,0.030778976327
10458.984375,0.032770486780
10464.843750,0.033580981646
10470.703125,0.034537986163
10476.562500,0.032872657417
10482.421875,0.032445203461
10488.281250,0.031920118583
10494.140625,0.030297431791
10500.000000,0.028376275230
10505.859375,0.028304062787
10511.718750,0.029494293247
10517.578125,0.030301829677
10523.437500,0.030885279015
10529.296875,0.033607869945
10535.156250,0.034912852796
10541.015625,0.037284178538
10546.875000,0.038451052817
10552.734375,0.040102530864
10558.593750,0.036553912795
10564.453125,0.032650001835
10570.312500,0.032849114004
10576.171875,0.032491683627
10582.031250,0.032418051600
10587.890625,0.033081124352
10593.750000,0.034901675818
10599.609375,0.036314079145
10605.468750,0.037371054175
10611.328125,0.036641847161
10617.187500,0.034788489738
10623.046875,0.030254495039
10628.906250,0.030410942117
10634.765625,0.030929058062
10640.625000,0.030016208833
10646.484375,0.031414576211
10652.343750,0.032941859462
10658.203125,0.035264327297
10664.062500,0.034874774887
10669.921875,0.031880619170
10675.781250,0.031654555678
10681.640625,0.035042058722
10687.500000,0.035046602115
10693.359375,0.036021121493
10699.218750,0.035007303479
10705.078125,0.034001623665
10710.937500,0.035770971736
10716.796875,0.037107654109
10722.656250,0.038129274359
10728.515625,0.036815314106
10734.375000,0.034982154451
10740.234375,0.034424606663
10746.093750,0.034860870912
10751.953125,0.034674011505
10757.812500,0.036634652572
10763.671875,0.038445992984
10769.531250,0.037797578902
10775.390625,0.036622231501
10781.250000,0.038913371839
10787.109375,0.038077436308
10792.968750,0.037898281638
10798.828125,0.038594285451
10804.687500,0.036630209131
10810.546875,0.036722664923
10816.406250,0.038040365857
10822.265625,0.038622302500
10828.125000,0.037675923397
10833.984375,0.037968117675
10839.843750,0.039289924936
10845.703125,0.036767631127
10851.562500,0.037562851439
10857.421875,0.036813884183
10863.281250,0.039069290064
10869.140625,0.038785640137
10875.000000,0.038971805485
10880.859375,0.037598155113
10886.718750,0.034913680502
10892.578125,0.034348584213
10898.437500,0.035370009746
10904.296875,0.037679651522
10910.156250,0.037933635234
10916.015625,0.038540342658
10921.875000,0.040386555270
10927.734375,0.039329561993
10933.593750,0.036620295171
10939.453125,0.036668506457
10945.312500,0.035770717147
10951.171875,0.036886539437
10957.031250,0.039317858000
10962.890625,0.038307519859
10968.750000,0.037207737221
10974.609375,0.035244921383
10980.468750,0.036435327288
10986.328125,0.036477900726
10992.187500,0.033217023810
10998.046875,0.034577878285
11003.906250,0.035891136387
11009.765625,0.036476337601
11015.625000,0.036444719132
11021.484375,0.035551230394
11027.343750,0.038205978964
11033.203125,0.038213267148
11039.062500,0.036819554414
11044.921875,0.041107893940
11050.781250,0.039476042147
11056.640625,0.038551997002
11062.500000,0.036495521416
11068.359375,0.036852753256
11074.218750,0.040569028660
11080.078125,0.039873517268
11085.937500,0.040977762157
11091.796875,0.040967465980
11097.656250,0.039076698208
11103.515625,0.037183947679
11109.375000,0.039574335227
11115.234375,0.040694387342
11121.093750,0.037684975244
11126.953125,0.038115948539
11132.812500,0.038845075136
11138.671875,0.041842980096
11144.531250,0.042754881279
11150.390625,0.040860993872
11156.250000,0.040657278078
11162.109375,0.039897554039
11167.968750,0.038630183398
11173.828125,0.037701020379
11179.687500,0.036653550211
11185.546875,0.036958959640
11191.406250,0.035864283295
11197.265625,0.038723214480
11203.125000,0.038476183800
11208.984375,0.039798619423
11214.843750,0.041261138849
11220.703125,0.037027272035
11226.562500,0.038226934940
11232.421875,0.036979376740
11238.281250,0.036281520122
11244.140625,0.039157417717
11250.000000,0.040042843177
11255.859375,0.038335349348
11261.718750,0.034937156892
11267.578125,0.035826067649
11273.437500,0.036785405688
11279.296875,0.036039212282
11285.156250,0.038257558895
11291.015625,0.036013057459
11296.875000,0.032205520032
11302.734375,0.032328529820
11308.593750,0.032139377280
11314.453125,0.033101966674
11320.312500,0.032794003816
11326.171875,0.032578940259
11332.031250,0.032650119153
11337.890625,0.034252976064
11343.750000,0.034368850223
11349.609375,0.031976787648
11355.468750,0.032895830947
11361.328125,0.035775030244
11367.187500,0.035610528796
11373.046875,0.032746027944
11378.906250,0.032122418253
11384.765625,0.031508376164
11390.625000,0.032583603693
11396.484375,0.032740467806
11402.343750,0.033192609911
11408.203125,0.034117407528
11414.062500,0.035878391992
11419.921875,0.035219220123
11425.781250,0.032826075976
11431.640625,0.032325937537
11437.500000,0.033210446267
11443.359375,0.031842408054
11449.218750,0.032800010912
11455.078125,0.032596677483
11460.937500,0.033456475209
11466.796875,0.033893945836
11472.656250,0.032698196098
11478.515625,0.033047602561
11484.375000,0.033592782154
11490.234375,0.032570701645
11496.093750,0.033505312965
11501.953125,0.033978359911
11507.812500,0.032489464259
11513.671875,0.032390033528
11519.531250,0.033201647740
11525.390625,0.033809314103
11531.250000,0.033447816552
11537.109375,0.031264844215
11542.968750,0.030825101385
11548.828125,0.032144823425
11554.687500,0.034296110525
11560.546875,0.033161147412
11566.406250,0.031891952939
11572.265625,0.031067979553
11578.125000,0.031685611234
11583.984375,0.031772549696
11589.843750,0.030464118450
11595.703125,0.032765865822
11601.562500,0.031914662290
11607.421875,0.030819671701
11613.281250,0.032221158167
11619.140625,0.034479862980
11625.000000,0.036278217242
11630.859375,0.037682074235
11636.718750,0.034980539123
11642.578125,0.035663117865
11648.437500,0.033874599588
11654.296875,0.030275967114
11660.156250,0.033815443852
11666.015625,0.034341718821
11671.875000,0.030304854974
11677.734375,0.031956850744
11683.593750,0.033603077184
11689.453125,0.030856003888
11695.312500,0.029542454504
11701.171875,0.031118350024
11707.031250,0.031335827254
11712.890625,0.032289859502
11718.750000,0.033833748178
11724.609375,0.030956846935
11730.468750,0.030445844616
11736.328125,0.030739073318
11742.187500,0.030531362148
11748.046875,0.032132595323
11753.906250,0.031888850605
11759.765625,0.031524573196
11765.625000,0.029345461823
11771.484375,0.029443984102
11777.343750,0.031056013905
11783.203125,0.032138467850
11789.062500,0.033837998676
11794.921875,0.033984967025
11800.781250,0.033930101477
11806.640625,0.033191011324
11812.500000,0.030515437606
11818.359375,0.028603156237
11824.218750,0.028296121312
11830.078125,0.028362766096
11835.937500,0.030683898754
11841.796875,0.031193328269
11847.656250,0.030300739776
11853.515625,0.029329501103
11859.375000,0.030029877401
11865.234375,0.030083109894
11871.093750,0.029120865968
11876.953125,0.029399194113
11882.812500,0.029573597203
11888.671875,0.029114085585
11894.531250,0.029949239760
11900.390625,0.028874968338
11906.250000,0.027965559753
11912.109375,0.029369486737
11917.968750,0.028853009938
11923.828125,0.028422352208
11929.687500,0.028557520793
11935.546875,0.029658535945
11941.406250,0.028954874702
11947.265625,0.027963409455
11953.125000,0.026639019617
11958.984375,0.027210020466
11964.843750,0.027255932952
11970.703125,0.026779389346
11976.562500,0.028128485152
11982.421875,0.025205408558
11988.281250,0.025743431199
11994.140625,0.032396807104
12000.000000,0.049329703601
12005.859375,0.034635453131
12011.718750,0.029237792947
12017.578125,0.031460986529
12023.437500,0.029616558861
12029.296875,0.029325045514
12035.156250,0.030884751179
12041.015625,0.031165153923
12046.875000,0.029713414978
12052.734375,0.026058818770
12058.593750,0.028449660462
12064.453125,0.028432029387
12070.312500,0.029058604114
12076.171875,0.027990065930
12082.031250,0.027555653462
12087.890625,0.026673949132
12093.750000,0.027233548672
12099.609375,0.025160621102
12105.468750,0.026362882670
12111.328125,0.027631773819
12117.187500,0.028764602748
12123.046875,0.028281251906
12128.906250,0.026777742219
12134.765625,0.027644042194
12140.625000,0.026886277446
12146.484375,0.025363564141
12152.343750,0.025329713025
12158.203125,0.025686751453
12164.062500,0.025868886793
12169.921875,0.027326226447
12175.781250,0.027480863722
12181.640625,0.026672621628
12187.500000,0.027543004820
12193.359375,0.028132975266
12199.218750,0.027355822397
12205.078125,0.024682902285
12210.937500,0.023229528833
12216.796875,0.024552328942
12222.656250,0.025381013977
12228.515625,0.025024890394
12234.375000,0.026095558727
12240.234375,0.025650811554
12246.093750,0.026171119319
12251.953125,0.026510262466
12257.812500,0.026809762891
12263.671875,0.025456539321
12269.531250,0.026090201910
12275.390625,0.025563782264
12281.250000,0.025841677147
12287.109375,0.025575710084
12292.968750,0.025550668259
12298.828125,0.025216077375
12304.687500,0.024613368648
12310.546875,0.024126811506
12316.406250,0.025832988215
12322.265625,0.026146113917
12328.125000,0.026014902614
12333.984375,0.024897632116
12339.843750,0.023301745911
12345.703125,0.023274646783
12351.562500,0.024221031540
12357.421875,0.024444303469
12363.281250,0.024397752669
12369.140625,0.022817981951
12375.000000,0.022764094264
12380.859375,0.024877492468
12386.718750,0.025671717609
12392.578125,0.024061557307
12398.437500,0.022854823440
12404.296875,0.022413985685
12410.156250,0.023012536073
12416.015625,0.024869654989
12421.875000,0.024849104313
12427.734375,0.022642767916
12433.593750,0.023731899680
12439.453125,0.023112606944
12445.312500,0.022151980071
12451.171875,0.022629680806
12457.031250,0.021508118807
12462.890625,0.021183178873
12468.750000,0.021122714239
12474.609375,0.023294198134
12480.468750,0.023416108738
12486.328125,0.021990445306
12492.187500,0.022648853335
12498.046875,0.023045676744
12503.906250,0.022490477172
12509.765625,0.022064023010
12515.625000,0.023573036401
12521.484375,0.022764519218
12527.343750,0.019996153874
12533.203125,0.019855378961
12539.062500,0.020912713045
12544.921875,0.021267766928
12550.781250,0.022587665793
12556.640625,0.021304577469
12562.500000,0.020869297139
12568.359375,0.020609758217
12574.218750,0.021455488857
12580.078125,0.022246709750
12585.937500,0.021766229409
12591.796875,0.021264160396
12597.656250,0.019493378599
12603.515625,0.020534266159
12609.375000,0.021904186090
12615.234375,0.021523116535
12621.093750,0.021494409345
12626.953125,0.021211220024
12632.812500,0.021035827287
12638.671875,0.020751609989
12644.531250,0.020392186118
12650.390625,0.019846458628
12656.250000,0.020967843407
12662.109375,0.021646964192
12667.968750,0.020803154153
12673.828125,0.020442896602
12679.687500,0.020959420173
12685.546875,0.021238178062
12691.406250,0.022145421955
12697.265625,0.022264420944
12703.125000,0.021129854074
12708.984375,0.019556593015
12714.843750,0.020031493926
12720.703125,0.020308466930
12726.562500,0.020982034684
12732.421875,0.020428623065
12738.281250,0.021563537365
12744.140625,0.021076726863
12750.000000,0.020590547248
12755.859375,0.019959757161
12761.718750,0.021233994498
12767.578125,0.022284585541
12773.437500,0.020408176828
12779.296875,0.019812696245
12785.156250,0.019913440673
12791.015625,0.022214490647
12796.875000,0.021037164393
12802.734375,0.020704840853
12808.593750,0.019942211566
12814.453125,0.020362474791
12820.312500,0.021019897263
12826.171875,0.021021814723
12832.031250,0.020717955467
12837.890625,0.019626427979
12843.750000,0.019497678761
12849.609375,0.020477554482
12855.468750,0.020833015777
12861.328125,0.019819578873
12867.187500,0.019924454663
12873.046875,0.020001834878
12878.906250,0.020160832701
12884.765625,0.018951325267
12890.625000,0.018953535783
12896.484375,0.018915496943
12902.343750,0.018417713864
12908.203125,0.018933768967
12914.062500,0.019474463065
12919.921875,0.019542633925
12925.781250,0.019523792039
12931.640625,0.019638308856
12937.500000,0.018848266483
12943.359375,0.019007238276
12949.218750,0.019410585584
12955.078125,0.019322900493
12960.937500,0.019166123839
12966.796875,0.018386736367
12972.656250,0.019009719770
12978.515625,0.018860410461
12984.375000,0.018557876982
12990.234375,0.018223487251
12996.093750,0.018849615682
13001.953125,0.017663552546
13007.812500,0.016717778893
13013.671875,0.017328498505
13019.531250,0.017215735286
13025.390625,0.017067095158
13031.250000,0.017810014981
13037.109375,0.018432670441
13042.968750,0.018063367376
13048.828125,0.018426163732
13054.687500,0.018375376893
13060.546875,0.017057557498
13066.406250,0.017489712623
13072.265625,0.017639364667
13078.125000,0.018070135959
13083.984375,0.018662100524
13089.843750,0.017034137813
13095.703125,0.016520303037
13101.562500,0.017440561052
13107.421875,0.018194616302
13113.281250,0.018000540552
13119.140625,0.018084693121
13125.000000,0.016707001195
13130.859375,0.016631976618
13136.718750,0.016346244771
13142.578125,0.015819229465
13148.437500,0.015763817398
13154.296875,0.016182276488
13160.156250,0.016025965909
13166.015625,0.016714364426
13171.875000,0.017782023115
13177.734375,0.017926007894
13183.593750,0.017321033832
13189.453125,0.016203730147
13195.312500,0.016472317986
13201.171875,0.017528170942
13207.031250,0.016264087160
13212.890625,0.015482528178
13218.750000,0.016164171667
13224.609375,0.015998579878
13230.468750,0.015819703992
13236.328125,0.015590289524
13242.187500,0.015312473723
13248.046875,0.015148588963
13253.906250,0.015173039349
13259.765625,0.015504269454
13265.625000,0.016338070163
13271.484375,0.015839801785
13277.343750,0.014890721000
13283.203125,0.015164975176
13289.062500,0.014437159825
13294.921875,0.014491962657
13300.781250,0.015005053667
13306.640625,0.015409207909
13312.500000,0.015876748383
13318.359375,0.015186000674
13324.218750,0.014965991494
13330.078125,0.015611917203
13335.937500,0.016139886228
13341.796875,0.015174380520
13347.656250,0.014764143802
13353.515625,0.014931497289
13359.375000,0.015335708991
13365.234375,0.014731163367
13371.093750,0.014381883449
13376.953125,0.014755890556
13382.812500,0.014932116702
13388.671875,0.014568468735
13394.531250,0.013766177218
13400.390625,0.014264687468
13406.250000,0.014744758661
13412.109375,0.015696627800
13417.968750,0.015007152657
13423.828125,0.014816059933
13429.687500,0.014479696945
13435.546875,0.014212371736
13441.406250,0.014075984347
13447.265625,0.014074776406
13453.125000,0.013814303884
13458.984375,0.013609747407
13464.843750,0.014150810263
13470.703125,0.014986046440
13476.562500,0.014472283227
13482.421875,0.014186033001
13488.281250,0.013448162699
13494.140625,0.012691760453
13500.000000,0.012861387429
13505.859375,0.013457168561
13511.718750,0.013678384304
13517.578125,0.014649167791
13523.437500,0.014773013160
13529.296875,0.013670485785
13535.156250,0.014127196951
13541.015625,0.014399266339
13546.875000,0.014598668452
13552.734375,0.014051522502
13558.593750,0.013861377545
13564.453125,0.013585867627
13570.312500,0.014146883583
13576.171875,0.014952628014
13582.031250,0.015157607492
13587.890625,0.015826861065
13593.750000,0.014793393683
13599.609375,0.015381541431
13605.468750,0.014411532424
13611.328125,0.014033782186
13617.187500,0.014109551039
13623.046875,0.013805763208
13628.906250,0.013796305688
13634.765625,0.013613294366
13640.625000,0.014399862740
13646.484375,0.015218564415
13652.343750,0.014296569016
13658.203125,0.013477148038
13664.062500,0.013423102453
13669.921875,0.013383923683
13675.781250,0.013298491691
13681.640625,0.013481954865
13687.500000,0.013969897130
13693.359375,0.014567303085
13699.218750,0.013670735637
13705.078125,0.012939018406
13710.937500,0.013870768008
13716.796875,0.013634747212
13722.656250,0.013968705989
13728.515625,0.013460325584
13734.375000,0.013214492700
13740.234375,0.013726602214
13746.093750,0.013137603012
13751.953125,0.012566942619
13757.812500,0.012761451925
13763.671875,0.012713227589
13769.531250,0.012680582420
13775.390625,0.012906138175
13781.250000,0.012245242207
13787.109375,0.012362577434
13792.968750,0.012308697245
13798.828125,0.012378965457
13804.687500,0.012703901425
13810.546875,0.012079860152
13816.406250,0.011338953054
13822.265625,0.012555780930
13828.125000,0.013157697338
13833.984375,0.013709188708
13839.843750,0.013770212777
13845.703125,0.012669826147
13851.562500,0.011958174774
13857.421875,0.012051833972
13863.281250,0.012143942384
13869.140625,0.012666674267
13875.000000,0.011764039354
13880.859375,0.011735369702
13886.718750,0.011424123502
13892.578125,0.011863150961
13898.437500,0.011923869863
13904.296875,0.012699280196
13910.156250,0.012322781835
13916.015625,0.011852432386
13921.875000,0.012379070340
13927.734375,0.012142603662
13933.593750,0.011752893267
13939.453125,0.011599853485
13945.312500,0.012417422487
13951.171875,0.012645605496
13957.031250,0.012129218299
13962.890625,0.011754164156
13968.750000,0.012118839295
13974.609375,0.012824118124
13980.468750,0.012409995813
13986.328125,0.011036405243
13992.187500,0.010839121803
13998.046875,0.011437370789
14003.906250,0.011641697014
14009.765625,0.011080027645
14015.625000,0.011661141681
14021.484375,0.011343103685
14027.343750,0.012009133519
14033.203125,0.011375413172
14039.062500,0.010953496547
14044.921875,0.010883739051
14050.781250,0.010897219199
14056.640625,0.010769025560
14062.500000,0.010879188938
14068.359375,0.011624653194
14074.218750,0.011290123911
14080.078125,0.011294136810
14085.937500,0.011786374119
14091.796875,0.011614877592
14097.656250,0.011027077640
14103.515625,0.011011910197
14109.375000,0.011213117654
14115.234375,0.011604489945
14121.093750,0.010854480707
14126.953125,0.010908312639
14132.812500,0.010963559156
14138.671875,0.010960153262
14144.531250,0.010601145162
14150.390625,0.010243336287
14156.250000,0.010463173479
14162.109375,0.010213719339
14167.968750,0.010218633300
14173.828125,0.010834415745
14179.687500,0.010683052413
14185.546875,0.010843460069
14191.406250,0.011153561538
14197.265625,0.010734794610
14203.125000,0.010363292086
14208.984375,0.010765792578
14214.843750,0.010832625710
14220.703125,0.011104987460
14226.562500,0.010658943918
14232.421875,0.011066840128
14238.281250,0.010488425699
14244.140625,0.010594039496
14250.000000,0.010344869872
14255.859375,0.010011153568
14261.718750,0.009819196340
14267.578125,0.010158607316
14273.437500,0.010455129982
14279.296875,0.009851742529
14285.156250,0.010327727276
14291.015625,0.010783552242
14296.875000,0.010922319831
14302.734375,0.010071927376
14308.593750,0.010189917936
14314.453125,0.010748733890
14320.312500,0.010428794882
14326.171875,0.009797780862
14332.031250,0.009918170209
14337.890625,0.010357178718
14343.750000,0.010619728202
14349.609375,0.010023850630
14355.468750,0.010067469597
14361.328125,0.010410659995
14367.187500,0.010179925915
14373.046875,0.010081855724
14378.906250,0.009371440227
14384.765625,0.009574463569
14390.625000,0.009966019171
14396.484375,0.009807539036
14402.343750,0.009835740632
14408.203125,0.010006122048
14414.062500,0.010127453548
14419.921875,0.009520980126
14425.781250,0.009540533987
14431.640625,0.009775106626
14437.500000,0.009588368299
14443.359375,0.010006505586
14449.218750,0.009793009056
14455.078125,0.009894138105
14460.937500,0.010006242163
14466.796875,0.009468154287
14472.656250,0.009534783298
14478.515625,0.009528025639
14484.375000,0.010013951454
14490.234375,0.009976820884
14496.093750,0.009132744266
14501.953125,0.009470105794
14507.812500,0.009491927925
14513.671875,0.009127301098
14519.531250,0.009312144747
14525.390625,0.009195993843
14531.250000,0.009533172676
14537.109375,0.009161611072
14542.968750,0.009483483522
14548.828125,0.009138322555
14554.687500,0.009434351883
14560.546875,0.008985353932
14566.406250,0.009229877356
14572.265625,0.009687263707
14578.125000,0.009094984772
14583.984375,0.009695224228
14589.843750,0.009860608523
14595.703125,0.009253483961
14601.562500,0.009591623853
14607.421875,0.009824302316
14613.281250,0.009455868931
14619.140625,0.009183842100
14625.000000,0.009222075615
14630.859375,0.009104099688
14636.718750,0.009001215578
14642.578125,0.009043853961
14648.437500,0.009128334002
14654.296875,0.008914717882
14660.156250,0.008590971268
14666.015625,0.009239032200
14671.875000,0.009219591904
14677.734375,0.009229205023
14683.593750,0.009477502310
14689.453125,0.009512523371
14695.312500,0.009285255300
14701.171875,0.009094255445
14707.031250,0.009055048317
14712.890625,0.008919710936
14718.750000,0.009148259496
14724.609375,0.008663091473
14730.468750,0.008913483676
14736.328125,0.009182342686
14742.187500,0.009128417520
14748.046875,0.009313612884
14753.906250,0.009085904565
14759.765625,0.009021920599
14765.625000,0.008599838022
14771.484375,0.008983908715
14777.343750,0.008738343272
14783.203125,0.009315287767
14789.062500,0.009179351897
14794.921875,0.008364369815
14800.781250,0.008567317535
14806.640625,0.009099410532
14812.500000,0.009383065420
14818.359375,0.009279095886
14824.218750,0.009047755498
14830.078125,0.009238773522
14835.937500,0.009050192825
14841.796875,0.008754265644
14847.656250,0.009013793223
14853.515625,0.009107399641
14859.375000,0.009040537944
14865.234375,0.009128504635
14871.093750,0.008848486457
14876.953125,0.008725694292
14882.812500,0.008328705909
14888.671875,0.008110029141
14894.531250,0.008818358375
14900.390625,0.008661746148
14906.250000,0.008632939396
14912.109375,0.008098161356
14917.968750,0.008217887058
14923.828125,0.008395355275
14929.687500,0.008315804023
14935.546875,0.008003572487
14941.406250,0.008825028755
14947.265625,0.008979899190
14953.125000,0.008510453710
14958.984375,0.008291341855
14964.843750,0.008088728154
14970.703125,0.007806369716
14976.562500,0.007719986215
14982.421875,0.008668235622
14988.281250,0.009058576600
14994.140625,0.009174873226
15000.000000,0.008915786282
15005.859375,0.008271390967
15011.718750,0.008084683912
15017.578125,0.008467396505
15023.437500,0.008210887291
15029.296875,0.007913774267
15035.156250,0.007931178562
15041.015625,0.008186376270
15046.875000,0.008344259489
15052.734375,0.008374950111
15058.593750,0.008479002912
15064.453125,0.008723643085
15070.312500,0.008338259898
15076.171875,0.007636739866
15082.031250,0.008065067516
15087.890625,0.008060260768
15093.750000,0.008040250703
15099.609375,0.008455260783
15105.468750,0.008017166398
15111.328125,0.007948374297
15117.187500,0.008185867999
15123.046875,0.008141386395
15128.906250,0.007897010915
15134.765625,0.007745207431
15140.625000,0.007933949096
15146.484375,0.008113275271
15152.343750,0.007801019240
15158.203125,0.008104630671
15164.062500,0.008085990653
15169.921875,0.008476915387
15175.781250,0.007700934715
15181.640625,0.007874279293
15187.500000,0.007999623686
15193.359375,0.008035751208
15199.218750,0.007987832662
15205.078125,0.008048135831
15210.937500,0.008331296908
15216.796875,0.008002452996
15222.656250,0.007702425926
15228.515625,0.008030833514
15234.375000,0.008157082350
15240.234375,0.008256342178
15246.093750,0.008336221363
15251.953125,0.007998553567
15257.812500,0.007900801496
15263.671875,0.008231402428
15269.531250,0.007972759470
15275.390625,0.007828638242
15281.250000,0.007646424151
15287.109375,0.007772377230
15292.968750,0.007678425701
15298.828125,0.007850155654
15304.687500,0.007486600162
15310.546875,0.007551188494
15316.406250,0.007434463085
15322.265625,0.007027172955
15328.125000,0.007076280268
15333.984375,0.007465654181
15339.843750,0.007535726062
15345.703125,0.007513959969
15351.562500,0.007636449615
15357.421875,0.007666237386
15363.281250,0.007382437044
15369.140625,0.007159570050
15375.000000,0.007240884500
15380.859375,0.007726954019
15386.718750,0.007977043155
15392.578125,0.007585542345
15398.437500,0.007213887529
15404.296875,0.006941921702
15410.156250,0.007159069855
15416.015625,0.006976375279
15421.875000,0.007517869388
15427.734375,0.007289577572
15433.593750,0.007167020087
15439.453125,0.007148345970
15445.312500,0.007444836305
15451.171875,0.007808388173
15457.031250,0.007508158665
15462.890625,0.007390549713
15468.750000,0.007059463522
15474.609375,0.007200532383
15480.468750,0.007076419474
15486.328125,0.007104433615
15492.187500,0.007325001201
15498.046875,0.007378341611
15503.906250,0.007174810029
15509.765625,0.006960979001
15515.625000,0.006930708910
15521.484375,0.007270841594
15527.343750,0.007233808980
15533.203125,0.007059016642
15539.062500,0.006693905746
15544.921875,0.006520053011
15550.781250,0.007054880020
15556.640625,0.006919449686
15562.500000,0.007076466333
15568.359375,0.007145350986
15574.218750,0.007478894263
15580.078125,0.007268565616
15585.937500,0.007050483527
15591.796875,0.007522686859
15597.656250,0.007571025974
15603.515625,0.007602521236
15609.375000,0.007345815129
15615.234375,0.007021835215
15621.093750,0.006785696886
15626.953125,0.006776461819
15632.812500,0.007359406983
15638.671875,0.007108923534
15644.531250,0.006787055868
15650.390625,0.007188895370
15656.250000,0.006899436884
15662.109375,0.006959380001
15667.968750,0.006848321489
15673.828125,0.007101008507
15679.687500,0.007158222218
15685.546875,0.006887929377
15691.406250,0.006681874162
15697.265625,0.006629990080
15703.125000,0.006808804579
15708.984375,0.007338958056
15714.843750,0.007246541476
15720.703125,0.007003930122
15726.562500,0.007039700499
15732.421875,0.006845180372
15738.281250,0.006859593845
15744.140625,0.007061660265
15750.000000,0.006732382438
15755.859375,0.007190505463
15761.718750,0.006782958128
15767.578125,0.007053531977
15773.437500,0.007045267771
15779.296875,0.007209543855
15785.156250,0.007421061985
15791.015625,0.007367925390
15796.875000,0.007096008583
15802.734375,0.006757906594
15808.593750,0.006666638417
15814.453125,0.007074166079
15820.312500,0.006992263679
15826.171875,0.007258058394
15832.031250,0.006966735345
15837.890625,0.006552426661
15843.750000,0.006701713937
15849.609375,0.007045715666
15855.468750,0.006703406162
15861.328125,0.006634011476
15867.187500,0.006759334308
15873.046875,0.006571250287
15878.906250,0.006914423938
15884.765625,0.006681565104
15890.625000,0.006413738842
15896.484375,0.006386740479
15902.343750,0.006293661552
15908.203125,0.006660687386
15914.062500,0.006730324490
15919.921875,0.006875792673
15925.781250,0.006830541779
15931.640625,0.007135933100
15937.500000,0.007062262972
15943.359375,0.006558620711
15949.218750,0.006941488271
15955.078125,0.006651658711
15960.937500,0.006744872149
15966.796875,0.006499522423
15972.656250,0.006459874938
15978.515625,0.006360329353
15984.375000,0.006502401235
15990.234375,0.006692374956
15996.093750,0.006430310625
16001.953125,0.006122130567
16007.812500,0.006300583327
16013.671875,0.006549610631
16019.531250,0.006472323922
16025.390625,0.006560758175
16031.250000,0.006665367619
16037.109375,0.006494658952
16042.968750,0.006814251875
16048.828125,0.006247108152
16054.687500,0.006386385897
16060.546875,0.006514371385
16066.406250,0.006508759447
16072.265625,0.006613279863
16078.125000,0.006333812170
16083.984375,0.006478139574
16089.843750,0.006717711772
16095.703125,0.006578787764
16101.562500,0.006560233677
16107.421875,0.006288884000
16113.281250,0.006755052818
16119.140625,0.006942951520
16125.000000,0.006667692066
16130.859375,0.006361573408
16136.718750,0.006117131125
16142.578125,0.006353967173
16148.437500,0.006560785542
16154.296875,0.006527665882
16160.156250,0.006734857408
16166.015625,0.007012301843
16171.875000,0.006970725101
16177.734375,0.006682487444
16183.593750,0.006328409245
16189.453125,0.006490899728
16195.312500,0.006372107877
16201.171875,0.006564116573
16207.031250,0.006306289399
16212.890625,0.006495221199
16218.750000,0.006695872407
16224.609375,0.006632750744
16230.468750,0.006304362251
16236.328125,0.006048811700
16242.187500,0.006185516116
16248.046875,0.005656164866
16253.906250,0.005919514790
16259.765625,0.006331256402
16265.625000,0.006654681590
16271.484375,0.006853852261
16277.343750,0.006420844431
16283.203125,0.006187450892
16289.062500,0.006246861603
16294.921875,0.006175531785
16300.781250,0.005945280308
16306.640625,0.005720272441
16312.500000,0.005843831705
16318.359375,0.006251635768
16324.218750,0.006147982322
16330.078125,0.005846073083
16335.937500,0.005961183469
16341.796875,0.006098940408
16347.656250,0.006246595782
16353.515625,0.006332453084
16359.375000,0.006207623951
16365.234375,0.006101999380
16371.093750,0.005835139522
16376.953125,0.005755010174
16382.812500,0.005560842212
16388.671875,0.005873361213
16394.531250,0.005948107926
16400.390625,0.005862626726
16406.250000,0.006026464672
16412.109375,0.005893674671
16417.968750,0.005867040474
16423.828125,0.005807488479
16429.687500,0.005951095839
16435.546875,0.006006713448
16441.406250,0.005927482169
16447.265625,0.006211698179
16453.125000,0.006002569808
16458.984375,0.005869152766
16464.843750,0.005655428946
16470.703125,0.005611195781
16476.562500,0.005475356727
16482.421875,0.005292092450
16488.281250,0.005415145118
16494.140625,0.005393478996
16500.000000,0.005583360528
16505.859375,0.005711881058
16511.718750,0.005816738968
16517.578125,0.005891331453
16523.437500,0.006035073079
16529.296875,0.005998126308
16535.156250,0.006116670403
16541.015625,0.006209690337
16546.875000,0.005966677361
16552.734375,0.006013431622
16558.593750,0.006181242818
16564.453125,0.006178268668
16570.312500,0.006378474140
16576.171875,0.006254232168
16582.031250,0.006142132217
16587.890625,0.005949659085
16593.750000,0.005825550496
16599.609375,0.005739101659
16605.468750,0.005766853323
16611.328125,0.005584739462
16617.187500,0.005528127557
16623.046875,0.005642571620
16628.906250,0.005871042657
16634.765625,0.005934193374
16640.625000,0.006089577490
16646.484375,0.006024628780
16652.343750,0.006122315355
16658.203125,0.006325092792
16664.062500,0.005955538390
16669.921875,0.005985367605
16675.781250,0.005762446894
16681.640625,0.005660265232
16687.500000,0.005846992737
16693.359375,0.006116184917
16699.218750,0.005968527739
16705.078125,0.005379261574
16710.937500,0.005498529014
16716.796875,0.005534654447
16722.656250,0.005834605972
16728.515625,0.006069265219
16734.375000,0.005956587421
16740.234375,0.006064501564
16746.093750,0.006228006128
16751.953125,0.006124107488
16757.812500,0.006001124384
16763.671875,0.005424165022
16769.531250,0.005375501834
16775.390625,0.005453785719
16781.250000,0.005642123134
16787.109375,0.005623308713
16792.968750,0.005320950778
16798.828125,0.005460331216
16804.687500,0.005664457110
16810.546875,0.005597170643
16816.406250,0.005466375229
16822.265625,0.005311093576
16828.125000,0.005528736379
16833.984375,0.005672642025
16839.843750,0.005511833371
16845.703125,0.005480850385
16851.562500,0.005904183252
16857.421875,0.005696722047
16863.281250,0.005688821152
16869.140625,0.005763594710
16875.000000,0.005872943299
16880.859375,0.005857581115
16886.718750,0.005764443609
16892.578125,0.005595991383
16898.437500,0.005560551638
16904.296875,0.005733828904
16910.156250,0.005910210359
16916.015625,0.005998530662
16921.875000,0.005807627367
16927.734375,0.006389146868
16933.593750,0.006608010963
16939.453125,0.006299462314
16945.312500,0.006014882697
16951.171875,0.005770296102
16957.031250,0.005675331505
16962.890625,0.005525331861
16968.750000,0.005496056929
16974.609375,0.005745945286
16980.468750,0.005501460729
16986.328125,0.005729932889
16992.187500,0.005924908123
16998.046875,0.005510744221
17003.906250,0.005324650230
17009.765625,0.005513327830
17015.625000,0.005452690286
17021.484375,0.005785463037
17027.343750,0.005640373288
17033.203125,0.005546357720
17039.062500,0.005575440217
17044.921875,0.005687183274
17050.781250,0.005848623035
17056.640625,0.005868760502
17062.500000,0.005701156072
17068.359375,0.005241883769
17074.218750,0.005530611316
17080.078125,0.005557038648
17085.937500,0.005823648670
17091.796875,0.006036544990
17097.656250,0.005783074231
17103.515625,0.005827095269
17109.375000,0.005807093432
17115.234375,0.005923204311
17121.093750,0.005636599470
17126.953125,0.005468149412
17132.812500,0.005534267296
17138.671875,0.005321038299
17144.531250,0.005484315551
17150.390625,0.005811914427
17156.250000,0.005372247273
17162.109375,0.005265219965
17167.968750,0.005344254295
17173.828125,0.005695806933
17179.687500,0.005485733986
17185.546875,0.005425626859
17191.406250,0.005285786822
17197.265625,0.005659095485
17203.125000,0.005915075710
17208.984375,0.005906300032
17214.843750,0.005897943602
17220.703125,0.005788441239
17226.562500,0.005554856409
17232.421875,0.005415349120
17238.281250,0.005960053131
17244.140625,0.005833199457
17250.000000,0.005592939903
17255.859375,0.005322880321
17261.718750,0.005138645414
17267.578125,0.005102695661
17273.437500,0.004953873533
17279.296875,0.005282058306
17285.156250,0.005227686721
17291.015625,0.005253205871
17296.875000,0.005423448531
17302.734375,0.005371874197
17308.593750,0.005379802058
17314.453125,0.005586611849
17320.312500,0.005412752785
17326.171875,0.005412445329
17332.031250,0.005149013956
17337.890625,0.005133806896
17343.750000,0.005094706627
17349.609375,0.005096612936
17355.468750,0.005390513728
17361.328125,0.005999964116
17367.187500,0.005918589254
17373.046875,0.005725456730
17378.906250,0.005698201191
17384.765625,0.005875034082
17390.625000,0.005573869104
17396.484375,0.005371918920
17402.343750,0.005463633426
17408.203125,0.005031291764
17414.062500,0.004957793541
17419.921875,0.004908761950
17425.781250,0.004993214743
17431.640625,0.004881539350
17437.500000,0.005246911577
17443.359375,0.005097952859
17449.218750,0.005198491255
17455.078125,0.004959912738
17460.937500,0.004873505369
17466.796875,0.004886820732
17472.656250,0.004954749192
17478.515625,0.005126828697
17484.375000,0.005042579930
17490.234375,0.005156556538
17496.093750,0.005105496146
17501.953125,0.005481665996
17507.812500,0.005605454774
17513.671875,0.005497437368
17519.531250,0.005135490328
17525.390625,0.005185972214
17531.250000,0.005245127136
17537.109375,0.005211565682
17542.968750,0.005151454750
17548.828125,0.005274993901
17554.687500,0.005252633464
17560.546875,0.004913714426
17566.406250,0.004880576768
17572.265625,0.004736257965
17578.125000,0.004925939534
17583.984375,0.005056357578
17589.843750,0.005261523580
17595.703125,0.005338361819
17601.562500,0.005086524309
17607.421875,0.004696236201
17613.281250,0.005077423865
17619.140625,0.004679916675
17625.000000,0.004813524707
17630.859375,0.005016024673
17636.718750,0.005172656952
17642.578125,0.005006028419
17648.437500,0.004951977790
17654.296875,0.004914906061
17660.156250,0.004731670215
17666.015625,0.004821228764
17671.875000,0.004955153219
17677.734375,0.004947669944
17683.593750,0.004758561056
17689.453125,0.004871194328
17695.312500,0.004874235035
17701.171875,0.004805560975
17707.031250,0.004842063937
17712.890625,0.004877863200
17718.750000,0.005019769865
17724.609375,0.004856103475
17730.468750,0.004595133651
17736.328125,0.004818971845
17742.187500,0.004874915454
17748.046875,0.004919183230
17753.906250,0.004864723872
17759.765625,0.004849177987
17765.625000,0.004643396341
17771.484375,0.004683755068
17777.343750,0.004598130787
17783.203125,0.004550654585
17789.062500,0.004622163589
17794.921875,0.004706599856
17800.781250,0.004513183062
17806.640625,0.004463997412
17812.500000,0.004512485845
17818.359375,0.004521322253
17824.218750,0.004673624426
17830.078125,0.004595011380
17835.937500,0.004711852818
17841.796875,0.004604139470
17847.656250,0.004720613430
17853.515625,0.004514285034
17859.375000,0.004385325192
17865.234375,0.004534943709
17871.093750,0.004379209879
17876.953125,0.004736788422
17882.812500,0.004740073815
17888.671875,0.004631400920
17894.531250,0.004590402217
17900.390625,0.004666050550
17906.250000,0.004624864037
17912.109375,0.004779705900
17917.968750,0.004839992494
17923.828125,0.004586075044
17929.687500,0.004665950449
17935.546875,0.004487514099
17941.406250,0.004619715029
17947.265625,0.004709787773
17953.125000,0.004480929900
17958.984375,0.004311171689
17964.843750,0.004514574569
17970.703125,0.004758729056
17976.562500,0.004827886556
17982.421875,0.004890968311
17988.281250,0.004734513016
17994.140625,0.004334740041
18000.000000,0.004394347750
18005.859375,0.004437443865
18011.718750,0.004561104851
18017.578125,0.004811513543
18023.437500,0.004862377670
18029.296875,0.004735130918
18035.156250,0.004497429643
18041.015625,0.004609589025
18046.875000,0.004517649990
18052.734375,0.004396842996
18058.593750,0.004500569915
18064.453125,0.004720990321
18070.312500,0.004492439516
18076.171875,0.004272971371
18082.031250,0.004678475173
18087.890625,0.004534569867
18093.750000,0.004470919954
18099.609375,0.004574037351
18105.468750,0.004511235514
18111.328125,0.004492482319
18117.187500,0.004705350827
18123.046875,0.004546202795
18128.906250,0.004484715209
18134.765625,0.004286919557
18140.625000,0.004292200563
18146.484375,0.004460032616
18152.343750,0.004420529615
18158.203125,0.004307321815
18164.062500,0.004092301980
18169.921875,0.004128563343
18175.781250,0.004223861594
18181.640625,0.004308674981
18187.500000,0.004188190215
18193.359375,0.004200856940
18199.218750,0.004171576243
18205.078125,0.004153438229
18210.937500,0.004258142637
18216.796875,0.004263460203
18222.656250,0.004220616499
18228.515625,0.004148368836
18234.375000,0.004341188710
18240.234375,0.004303838436
18246.093750,0.004335406330
18251.953125,0.004199462069
18257.812500,0.004281832452
18263.671875,0.004488778493
18269.531250,0.004272819025
18275.390625,0.004177515087
18281.250000,0.004281856222
18287.109375,0.004245467777
18292.968750,0.004136124023
18298.828125,0.004234486570
18304.687500,0.004223649225
18310.546875,0.004190633470
18316.406250,0.004161098674
18322.265625,0.004441580505
18328.125000,0.004270205994
18333.984375,0.004210365847
18339.843750,0.004424875664
18345.703125,0.004256612505
18351.562500,0.003964361130
18357.421875,0.004095335709
18363.281250,0.004116506199
18369.140625,0.004323061411
18375.000000,0.004241625101
18380.859375,0.003888957231
18386.718750,0.004317731484
18392.578125,0.004369529340
18398.437500,0.004226679749
18404.296875,0.004040119329
18410.156250,0.003905887385
18416.015625,0.004163765010
18421.875000,0.004388520698
18427.734375,0.004265393348
18433.593750,0.004345916625
18439.453125,0.004331734823
18445.312500,0.004219522668
18451.171875,0.003887387247
18457.031250,0.004075415488
18462.890625,0.004269202652
18468.750000,0.004504632153
18474.609375,0.004547467296
18480.468750,0.004647668657
18486.328125,0.004373491282
18492.187500,0.004098186554
18498.046875,0.004368785382
18503.906250,0.004570008370
18509.765625,0.004728245814
18515.625000,0.004335371827
18521.484375,0.004060236872
18527.343750,0.004125007527
18533.203125,0.004028002673
18539.062500,0.004061258094
18544.921875,0.004219066233
18550.781250,0.004394092929
18556.640625,0.004318682174
18562.500000,0.004306580161
18568.359375,0.004096391092
18574.218750,0.004148105937
18580.078125,0.004394189828
18585.937500,0.004156395777
18591.796875,0.004253602107
18597.656250,0.004434808451
18603.515625,0.004202609388
18609.375000,0.004304527646
18615.234375,0.004541542113
18621.093750,0.004466476651
18626.953125,0.004378777284
18632.812500,0.004275302722
18638.671875,0.004192796602
18644.531250,0.004256854107
18650.390625,0.004267828261
18656.250000,0.004510839759
18662.109375,0.004599362648
18667.968750,0.004170504164
18673.828125,0.003920454482
18679.687500,0.004118965613
18685.546875,0.004174492983
18691.406250,0.004129365475
18697.265625,0.004124280846
18703.125000,0.004038554250
18708.984375,0.004063756812
18714.843750,0.004020260792
18720.703125,0.004036498989
18726.562500,0.004040090425
18732.421875,0.004199006909
18738.281250,0.004112153897
18744.140625,0.004163798874
18750.000000,0.004160877110
18755.859375,0.004108370779
18761.718750,0.004040524002
18767.578125,0.004011069268
18773.437500,0.004087325404
18779.296875,0.004255460888
18785.156250,0.004061696963
18791.015625,0.004081315152
18796.875000,0.004177541465
18802.734375,0.004287865656
18808.593750,0.004184213998
18814.453125,0.004236930349
18820.312500,0.004094122922
18826.171875,0.004057267687
18832.031250,0.004020698469
18837.890625,0.003846489113
18843.750000,0.003782078296
18849.609375,0.003980471073
18855.468750,0.003908906972
18861.328125,0.003935228866
18867.187500,0.004064656824
18873.046875,0.004110685502
18878.906250,0.003954602158
18884.765625,0.003939605025
18890.625000,0.004158416785
18896.484375,0.004431512608
18902.343750,0.003866628718
18908.203125,0.003773319335
18914.062500,0.004009928018
18919.921875,0.004093633335
18925.781250,0.003857963075
18931.640625,0.003986571726
18937.500000,0.004160618352
18943.359375,0.004042694892
18949.218750,0.003974071277
18955.078125,0.004087289973
18960.937500,0.003859809205
18966.796875,0.003959607701
18972.656250,0.004396125037
18978.515625,0.004254418898
18984.375000,0.004146321740
18990.234375,0.003837771874
18996.093750,0.003752659692
19001.953125,0.003837441391
19007.812500,0.003927792404
19013.671875,0.003810805858
19019.531250,0.003842900567
19025.390625,0.004024042673
19031.250000,0.004086389949
19037.109375,0.004049765391
19042.968750,0.003867454819
19048.828125,0.003886224631
19054.687500,0.004009426965
19060.546875,0.003785085159
19066.406250,0.003607830110
19072.265625,0.003836388569
19078.125000,0.003951519528
19083.984375,0.004088006918
19089.843750,0.004037256303
19095.703125,0.003823009436
19101.562500,0.003850670126
19107.421875,0.003848916070
19113.281250,0.003899214641
19119.140625,0.003869501369
19125.000000,0.003766604426
19130.859375,0.003745190316
19136.718750,0.003784583134
19142.578125,0.003758378662
19148.437500,0.003659683911
19154.296875,0.003858393562
19160.156250,0.003798932225
19166.015625,0.003731682661
19171.875000,0.003774559690
19177.734375,0.003732003190
19183.593750,0.003947531016
19189.453125,0.003937954053
19195.312500,0.003640928053
19201.171875,0.003814209173
19207.031250,0.003881300637
19212.890625,0.003847117900
19218.750000,0.003544586747
19224.609375,0.003665881210
19230.468750,0.003771016479
19236.328125,0.003686866322
19242.187500,0.003679066341
19248.046875,0.003691833833
19253.906250,0.003556103448
19259.765625,0.003618723334
19265.625000,0.003622331605
19271.484375,0.003554575437
19277.343750,0.003612770940
19283.203125,0.003558980683
19289.062500,0.003547124164
19294.921875,0.003713513767
19300.781250,0.003741888720
19306.640625,0.003679143941
19312.500000,0.003901684281
19318.359375,0.003892039908
19324.218750,0.003904559526
19330.078125,0.003561228760
19335.937500,0.003520505786
19341.796875,0.003845249459
19347.656250,0.003800926708
19353.515625,0.003707224238
19359.375000,0.003541055725
19365.234375,0.003748889610
19371.093750,0.003877720511
19376.953125,0.003709844844
19382.812500,0.003623132929
19388.671875,0.003649595086
19394.531250,0.003461710589
19400.390625,0.003537894627
19406.250000,0.003824934715
19412.109375,0.003767695344
19417.968750,0.003759802091
19423.828125,0.003685341678
19429.687500,0.003640553483
19435.546875,0.003776575003
19441.406250,0.003735928673
19447.265625,0.003653075574
19453.125000,0.003613006086
19458.984375,0.003484340389
19464.843750,0.003594897935
19470.703125,0.003482251407
19476.562500,0.003516439992
19482.421875,0.003833775530
19488.281250,0.003652048682
19494.140625,0.003667344029
19500.000000,0.003595344579
19505.859375,0.003443958353
19511.718750,0.003690034105
19517.578125,0.003562351130
19523.437500,0.003587873437
19529.296875,0.003498499992
19535.156250,0.003656873117
19541.015625,0.003670692404
19546.875000,0.003647790742
19552.734375,0.003424055154
19558.593750,0.003384466510
19564.453125,0.003731773062
19570.312500,0.003606511851
19576.171875,0.003286403349
19582.031250,0.003497816634
19587.890625,0.003465058751
19593.750000,0.003453053630
19599.609375,0.003615120061
19605.468750,0.003842723817
19611.328125,0.003695961712
19617.187500,0.003645402508
19623.046875,0.003640621291
19628.906250,0.003645056266
19634.765625,0.003393965384
19640.625000,0.003316660786
19646.484375,0.003427101970
19652.343750,0.003518330752
19658.203125,0.003372486950
19664.062500,0.003418537297
19669.921875,0.003561377622
19675.781250,0.003716357115
19681.640625,0.003493152683
19687.500000,0.003496055047
19693.359375,0.003495588245
19699.218750,0.003613531233
19705.078125,0.003688161349
19710.937500,0.003840109762
19716.796875,0.003666868778
19722.656250,0.003310814317
19728.515625,0.003403969832
19734.375000,0.003556234039
19740.234375,0.003486756619
19746.093750,0.003588526799
19751.953125,0.003627823269
19757.812500,0.003401353428
19763.671875,0.003517080908
19769.531250,0.003491095806
19775.390625,0.003422275426
19781.250000,0.003614044774
19787.109375,0.003709083336
19792.968750,0.003634990815
19798.828125,0.003567339191
19804.687500,0.003630550484
19810.546875,0.003369764067
19816.406250,0.003455364704
19822.265625,0.003555956935
19828.125000,0.003571211416
19833.984375,0.003558958298
19839.843750,0.003463233567
19845.703125,0.003598991475
19851.562500,0.003783850833
19857.421875,0.003826041064
19863.281250,0.003426330884
19869.140625,0.003439500015
19875.000000,0.003470372448
19880.859375,0.003341133593
19886.718750,0.003503764347
19892.578125,0.003700684128
19898.437500,0.003529919003
19904.296875,0.003486191278
19910.156250,0.003445212558
19916.015625,0.003485238798
19921.875000,0.003485888839
19927.734375,0.003371022474
19933.593750,0.003390658692
19939.453125,0.003399534300
19945.312500,0.003476422528
19951.171875,0.003505795657
19957.031250,0.003376607089
19962.890625,0.003382468243
19968.750000,0.003430105598
19974.609375,0.003439733246
19980.468750,0.003262733664
19986.328125,0.003240044114
19992.187500,0.003400946991
19998.046875,0.003479526024
20003.906250,0.003391490425
20009.765625,0.003527031493
20015.625000,0.003501692158
20021.484375,0.003395356460
20027.343750,0.003498976614
20033.203125,0.003402926961
20039.062500,0.003607191153
20044.921875,0.003461250398
20050.781250,0.003318938154
20056.640625,0.003429148134
20062.500000,0.003617764411
20068.359375,0.003648786407
20074.218750,0.003147933202
20080.078125,0.003309245813
20085.937500,0.003449849318
20091.796875,0.003501640901
20097.656250,0.003494839728
20103.515625,0.003396563493
20109.375000,0.003449252866
20115.234375,0.003515883776
20121.093750,0.003405019494
20126.953125,0.003425455877
20132.812500,0.003413642239
20138.671875,0.003504989643
20144.531250,0.003341676949
20150.390625,0.003367541014
20156.250000,0.003350336307
20162.109375,0.003389988060
20167.968750,0.003442107111
20173.828125,0.003603021602
20179.687500,0.003465442455
20185.546875,0.003450141075
20191.406250,0.003446481664
20197.265625,0.003292232441
20203.125000,0.003388790081
20208.984375,0.003291422307
20214.843750,0.003189973146
20220.703125,0.003417372304
20226.562500,0.003346387697
20232.421875,0.003357514007
20238.281250,0.003924377205
20244.140625,0.003676102831
20250.000000,0.003203980608
20255.859375,0.003384925627
20261.718750,0.003356968985
20267.578125,0.003284647561
20273.437500,0.003408708924
20279.296875,0.003645175970
20285.156250,0.003393245761
20291.015625,0.003666293782
20296.875000,0.003612486791
20302.734375,0.003378548654
20308.593750,0.003469919009
20314.453125,0.003758668203
20320.312500,0.004107024156
20326.171875,0.003184142564
20332.031250,0.003213391378
20337.890625,0.003284504899
20343.750000,0.003213028606
20349.609375,0.003301005812
20355.468750,0.003315530004
20361.328125,0.003275197790
20367.187500,0.003367166013
20373.046875,0.003476764822
20378.906250,0.003580019380
20384.765625,0.003465613416
20390.625000,0.003176212722
20396.484375,0.003293914204
20402.343750,0.003402781750
20408.203125,0.003174244667
20414.062500,0.003242369440
20419.921875,0.003317095775
20425.781250,0.003326636964
20431.640625,0.003180571008
20437.500000,0.003262578143
20443.359375,0.003296014510
20449.218750,0.003305326128
20455.078125,0.003328880934
20460.937500,0.003328180547
20466.796875,0.003359220207
20472.656250,0.003393976824
20478.515625,0.003230169496
20484.375000,0.003238849112
20490.234375,0.003237695256
20496.093750,0.003259855925
20501.953125,0.003036220870
20507.812500,0.003112648771
20513.671875,0.003171275957
20519.531250,0.003310172688
20525.390625,0.003386195090
20531.250000,0.003270842532
20537.109375,0.003426859388
20542.968750,0.003439983483
20548.828125,0.003337121580
20554.687500,0.003274820200
20560.546875,0.003157153523
20566.406250,0.003150446340
20572.265625,0.003144031164
20578.125000,0.003207119600
20583.984375,0.003165368391
20589.843750,0.003085473845
20595.703125,0.003103184292
20601.562500,0.003034779415
20607.421875,0.003046885383
20613.281250,0.003202227744
20619.140625,0.003258048312
20625.000000,0.003242321930
20630.859375,0.003224302510
20636.718750,0.003153555339
20642.578125,0.003148957535
20648.437500,0.003074628130
20654.296875,0.003195999879
20660.156250,0.003148213491
20666.015625,0.003196698151
20671.875000,0.003404332906
20677.734375,0.003164917257
20683.593750,0.003081582657
20689.453125,0.003046060484
20695.312500,0.003073530322
20701.171875,0.003171934774
20707.031250,0.003157007328
20712.890625,0.003219304848
20718.750000,0.003270930486
20724.609375,0.003165214901
20730.468750,0.003053476653
20736.328125,0.003136483751
20742.187500,0.003073375672
20748.046875,0.003259907913
20753.906250,0.003191609931
20759.765625,0.002991302540
20765.625000,0.003092797805
20771.484375,0.003188838441
20777.343750,0.003153836200
20783.203125,0.003220711043
20789.062500,0.003251328211
20794.921875,0.003234814732
20800.781250,0.003173582685
20806.640625,0.003154174527
20812.500000,0.003156715852
20818.359375,0.003178181526
20824.218750,0.003294277238
20830.078125,0.003171728299
20835.937500,0.003096986822
20841.796875,0.003100056849
20847.656250,0.003187062116
20853.515625,0.003268890242
20859.375000,0.003189104954
20865.234375,0.003160003864
20871.093750,0.003177246697
20876.953125,0.003159788922
20882.812500,0.002971809199
20888.671875,0.002958683584
20894.531250,0.002926148377
20900.390625,0.003003930518
20906.250000,0.003261725803
20912.109375,0.003126599049
20917.968750,0.003128480022
20923.828125,0.003187415540
20929.687500,0.003086348944
20935.546875,0.003130246503
20941.406250,0.003164877205
20947.265625,0.002984433823
20953.125000,0.002963470471
20958.984375,0.003130201843
20964.843750,0.002967285051
20970.703125,0.002918468832
20976.562500,0.003004727200
20982.421875,0.002974073185
20988.281250,0.002969764778
20994.140625,0.003062669489
21000.000000,0.003126442173
21005.859375,0.002918176920
21011.718750,0.002859575465
21017.578125,0.002970734488
21023.437500,0.002939165259
21029.296875,0.003018584710
21035.156250,0.003265437615
21041.015625,0.003266890076
21046.875000,0.003090742854
21052.734375,0.002998131612
21058.593750,0.003010373339
21064.453125,0.003080801169
21070.312500,0.003012852257
21076.171875,0.003027647931
21082.031250,0.003059388269
21087.890625,0.003059651649
21093.750000,0.003046825656
21099.609375,0.002966551681
21105.468750,0.003148395382
21111.328125,0.003163763266
21117.187500,0.003119574949
21123.046875,0.003123804236
21128.906250,0.003033300381
21134.765625,0.003245683143
21140.625000,0.003114313578
21146.484375,0.003144297038
21152.343750,0.003040866996
21158.203125,0.002959800614
21164.062500,0.002891129010
21169.921875,0.002833919852
21175.781250,0.003089754584
21181.640625,0.003161830014
21187.500000,0.003184812569
21193.359375,0.003160667452
21199.218750,0.002850224387
21205.078125,0.002874103851
21210.937500,0.003116709924
21216.796875,0.003264898514
21222.656250,0.003129691429
21228.515625,0.003001725350
21234.375000,0.003212511567
21240.234375,0.003056622680
21246.093750,0.003101455368
21251.953125,0.002985679647
21257.812500,0.002920903672
21263.671875,0.002906254038
21269.531250,0.002850381737
21275.390625,0.002930538714
21281.250000,0.003103234455
21287.109375,0.003134357679
21292.968750,0.003006535182
21298.828125,0.002870405744
21304.687500,0.002870949516
21310.546875,0.002877338466
21316.406250,0.002960732698
21322.265625,0.002947107183
21328.125000,0.003067263756
21333.984375,0.003039584566
21339.843750,0.003104156253
21345.703125,0.003093715300
21351.562500,0.003164897727
21357.421875,0.003114849817
21363.281250,0.003029212953
21369.140625,0.003024092284
21375.000000,0.003085963644
21380.859375,0.003021419045
21386.718750,0.002981274432
21392.578125,0.002830248563
21398.437500,0.003037386362
21404.296875,0.003149624598
21410.156250,0.003073688515
21416.015625,0.003260981164
21421.875000,0.003099626900
21427.734375,0.003011148829
21433.593750,0.003104184028
21439.453125,0.003109009426
21445.312500,0.002962729631
21451.171875,0.002797166650
21457.031250,0.002804382054
21462.890625,0.002895905521
21468.750000,0.003088702213
21474.609375,0.002890078056
21480.468750,0.002921943518
21486.328125,0.002976256994
21492.187500,0.003104731655
21498.046875,0.002974764941
21503.906250,0.002917904006
21509.765625,0.003145089675
21515.625000,0.003106396318
21521.484375,0.002927465170
21527.343750,0.003021741328
21533.203125,0.003059021738
21539.062500,0.003122777329
21544.921875,0.002920848257
21550.781250,0.003104945924
21556.640625,0.003041626760
21562.500000,0.003007536768
21568.359375,0.003156816941
21574.218750,0.002941229915
21580.078125,0.002894226408
21585.937500,0.003176675246
21591.796875,0.003186299289
21597.656250,0.003165218301
21603.515625,0.003058375660
21609.375000,0.002920318858
21615.234375,0.003025918557
21621.093750,0.003057429132
21626.953125,0.003062484623
21632.812500,0.003132545900
21638.671875,0.003097313689
21644.531250,0.003133246274
21650.390625,0.003024655229
21656.250000,0.003022348154
21662.109375,0.003026150760
21667.968750,0.002819880938
21673.828125,0.002963131340
21679.687500,0.002811523913
21685.546875,0.002816620796
21691.406250,0.002776431957
21697.265625,0.002942116181
21703.125000,0.002936587147
21708.984375,0.003049222660
21714.843750,0.003103057755
21720.703125,0.002939881554
21726.562500,0.002937688338
21732.421875,0.002943280669
21738.281250,0.003044536522
21744.140625,0.003012371370
21750.000000,0.002975898541
21755.859375,0.003036378280
21761.718750,0.003093079787
21767.578125,0.003019610286
21773.437500,0.002985406751
21779.296875,0.002954279326
21785.156250,0.002801014156
21791.015625,0.002844343168
21796.875000,0.003016524927
21802.734375,0.003123739600
21808.593750,0.003195384488
21814.453125,0.003063620983
21820.312500,0.003018729253
21826.171875,0.002892091650
21832.031250,0.003041540300
21837.890625,0.002978990722
21843.750000,0.002796230561
21849.609375,0.002819508074
21855.468750,0.002820631016
21861.328125,0.002999745964
21867.187500,0.002754914805
21873.046875,0.002780582929
21878.906250,0.002847833664
21884.765625,0.002869412907
21890.625000,0.002910670125
21896.484375,0.002883736475
21902.343750,0.002981444860
21908.203125,0.002938170371
21914.062500,0.002860817139
21919.921875,0.002809276058
21925.781250,0.002971691702
21931.640625,0.002907353698
21937.500000,0.002801578007
21943.359375,0.003053754520
21949.218750,0.003037887499
21955.078125,0.002815807397
21960.937500,0.002760331334
21966.796875,0.002701343330
21972.656250,0.002914119314
21978.515625,0.002862700922
21984.375000,0.002682313488
21990.234375,0.002782743202
21996.093750,0.002870554338
22001.953125,0.002896014898
22007.812500,0.003108295087
22013.671875,0.002957827239
22019.531250,0.002909625573
22025.390625,0.002912627683
22031.250000,0.002971061749
22037.109375,0.002988810762
22042.968750,0.003033599968
22048.828125,0.002985777125
22054.687500,0.002974449526
22060.546875,0.002794539447
22066.406250,0.002782835090
22072.265625,0.002893005146
22078.125000,0.003002770528
22083.984375,0.003138093545
22089.843750,0.003007952221
22095.703125,0.003033542793
22101.562500,0.002999653772
22107.421875,0.003048701693
22113.281250,0.002890208472
22119.140625,0.002992248864
22125.000000,0.002907677628
22130.859375,0.002783981992
22136.718750,0.002981183578
22142.578125,0.003080588845
22148.437500,0.003105610839
22154.296875,0.002982766520
22160.156250,0.002922568937
22166.015625,0.003099349632
22171.875000,0.003021507359
22177.734375,0.002926270145
22183.593750,0.002884007238
22189.453125,0.002943562589
22195.312500,0.002998827957
22201.171875,0.003071184066
22207.031250,0.002990226759
22212.890625,0.003084185518
22218.750000,0.003117041356
22224.609375,0.003007887016
22230.468750,0.003124234076
22236.328125,0.002992471541
22242.187500,0.003121980423
22248.046875,0.003247540075
22253.906250,0.003171567076
22259.765625,0.003038141106
22265.625000,0.002828503843
22271.484375,0.003015474518
22277.343750,0.003079118455
22283.203125,0.003029724511
22289.062500,0.002957621983
22294.921875,0.003156791384
22300.781250,0.003167364690
22306.640625,0.002943166883
22312.500000,0.002817226978
22318.359375,0.002848746924
22324.218750,0.002765791116
22330.078125,0.002927291316
22335.937500,0.002823492862
22341.796875,0.002725038205
22347.656250,0.002806043076
22353.515625,0.002946434408
22359.375000,0.002968972844
22365.234375,0.002832809645
22371.093750,0.003029697514
22376.953125,0.003273198779
22382.812500,0.002948807268
22388.671875,0.002757491337
22394.531250,0.002664217533
22400.390625,0.002846189747
22406.250000,0.002937780136
22412.109375,0.002789887976
22417.968750,0.002871607397
22423.828125,0.002863298084
22429.687500,0.002951678523
22435.546875,0.002922719462
22441.406250,0.002940341161
22447.265625,0.002825393212
22453.125000,0.002823850411
22458.984375,0.002909511993
22464.843750,0.002772383862
22470.703125,0.002688213974
22476.562500,0.002709089127
22482.421875,0.002821739925
22488.281250,0.002891927994
22494.140625,0.002709747091
22500.000000,0.002809969585
22505.859375,0.002791518113
22511.718750,0.002796889491
22517.578125,0.002766123919
22523.437500,0.002840330171
22529.296875,0.002984598100
22535.156250,0.002872884898
22541.015625,0.002808475573
22546.875000,0.002805707333
22552.734375,0.002793434750
22558.593750,0.002845225916
22564.453125,0.002750030072
22570.312500,0.002753988525
22576.171875,0.002892621582
22582.031250,0.002723191421
22587.890625,0.002859119257
22593.750000,0.002955352169
22599.609375,0.002776292075
22605.468750,0.002915092047
22611.328125,0.003037140857
22617.187500,0.003013006730
22623.046875,0.002770825173
22628.906250,0.002746321595
22634.765625,0.002900788892
22640.625000,0.002778215977
22646.484375,0.002673294335
22652.343750,0.002848474558
22658.203125,0.002866427468
22664.062500,0.002994412229
22669.921875,0.002905074506
22675.781250,0.002744681751
22681.640625,0.002878651152
22687.500000,0.002750035322
22693.359375,0.002801208104
22699.218750,0.002671250778
22705.078125,0.002637021356
22710.937500,0.002864295179
22716.796875,0.002895328077
22722.656250,0.002625478678
22728.515625,0.002643888406
22734.375000,0.002593547635
22740.234375,0.002621641908
22746.093750,0.002718023008
22751.953125,0.002690908495
22757.812500,0.002773930556
22763.671875,0.002718773391
22769.531250,0.002753293222
22775.390625,0.002811463231
22781.250000,0.002553718586
22787.109375,0.002564333535
22792.968750,0.002649280618
22798.828125,0.002519611328
22804.687500,0.002604191596
22810.546875,0.002810662529
22816.406250,0.002771254313
22822.265625,0.002829436696
22828.125000,0.002762833377
22833.984375,0.002722827170
22839.843750,0.002659876373
22845.703125,0.002672018554
22851.562500,0.002842505356
22857.421875,0.002714597556
22863.281250,0.002649911919
22869.140625,0.002523361030
22875.000000,0.002668748289
22880.859375,0.002678360636
22886.718750,0.002580526334
22892.578125,0.002696039616
22898.437500,0.002668358838
22904.296875,0.002677714277
22910.156250,0.002603642874
22916.015625,0.002571657636
22921.875000,0.002617669027
22927.734375,0.002764364807
22933.593750,0.002642238585
22939.453125,0.002444178174
22945.312500,0.002502104856
22951.171875,0.002718518738
22957.031250,0.002666794230
22962.890625,0.002616804969
22968.750000,0.002661132862
22974.609375,0.002596656761
22980.468750,0.002724554442
22986.328125,0.002597029055
22992.187500,0.002574611051
22998.046875,0.002533278977
23003.906250,0.002557054890
23009.765625,0.002481692504
23015.625000,0.002489719875
23021.484375,0.002359031950
23027.343750,0.002478278739
23033.203125,0.002571539432
23039.062500,0.002492319052
23044.921875,0.002623497998
23050.781250,0.002662829015
23056.640625,0.002515057294
23062.500000,0.002472644288
23068.359375,0.002428942807
23074.218750,0.002643333274
23080.078125,0.002769452931
23085.937500,0.002723772657
23091.796875,0.002558271114
23097.656250,0.002580384712
23103.515625,0.002656991929
23109.375000,0.002664792219
23115.234375,0.002605553265
23121.093750,0.002443835600
23126.953125,0.002426441268
23132.812500,0.002357325243
23138.671875,0.002512364575
23144.531250,0.002418116764
23150.390625,0.002518380222
23156.250000,0.002570961765
23162.109375,0.002526756710
23167.968750,0.002624841837
23173.828125,0.002676436726
23179.687500,0.002555777057
23185.546875,0.002557639596
23191.406250,0.002487533048
23197.265625,0.002391977106
23203.125000,0.002448544259
23208.984375,0.002693589041
23214.843750,0.002738478453
23220.703125,0.002706000670
23226.562500,0.002614019668
23232.421875,0.002407300348
23238.281250,0.002323231578
23244.140625,0.002553644424
23250.000000,0.002550418365
23255.859375,0.002583896031
23261.718750,0.002427993950
23267.578125,0.002551468699
23273.437500,0.002459531076
23279.296875,0.002416432849
23285.156250,0.002550678194
23291.015625,0.002497267204
23296.875000,0.002553221665
23302.734375,0.002626376521
23308.593750,0.002536066684
23314.453125,0.002528538480
23320.312500,0.002434018751
23326.171875,0.002378372336
23332.031250,0.002386203433
23337.890625,0.002417300372
23343.750000,0.002419348069
23349.609375,0.002449369096
23355.468750,0.002453386887
23361.328125,0.002516617379
23367.187500,0.002548173203
23373.046875,0.002527885464
23378.906250,0.002588581354
23384.765625,0.002628649353
23390.625000,0.002629445989
23396.484375,0.002605159657
23402.343750,0.002714328116
23408.203125,0.002492096641
23414.062500,0.002308497878
23419.921875,0.002318776830
23425.781250,0.002500758895
23431.640625,0.002417332285
23437.500000,0.002405045223
23443.359375,0.002413759244
23449.218750,0.002387144402
23455.078125,0.002411208068
23460.937500,0.002413793210
23466.796875,0.002453553026
23472.656250,0.002446505047
23478.515625,0.002655249502
23484.375000,0.002746392121
23490.234375,0.002509649265
23496.093750,0.002503988605
23501.953125,0.002506337974
23507.812500,0.002380619584
23513.671875,0.002310787846
23519.531250,0.002404208965
23525.390625,0.002364819124
23531.250000,0.002409148705
23537.109375,0.002262966073
23542.968750,0.002307800299
23548.828125,0.002345608425
23554.687500,0.002286436685
23560.546875,0.002349416342
23566.406250,0.002408898094
23572.265625,0.002476694681
23578.125000,0.002484685683
23583.984375,0.002631022025
23589.843750,0.002573830551
23595.703125,0.002508451962
23601.562500,0.002515609082
23607.421875,0.002487913529
23613.281250,0.002599323248
23619.140625,0.002613004283
23625.000000,0.002425368430
23630.859375,0.002463664680
23636.718750,0.002538527596
23642.578125,0.002506316337
23648.437500,0.002498522004
23654.296875,0.002414880062
23660.156250,0.002373822360
23666.015625,0.002363616913
23671.875000,0.002398054461
23677.734375,0.002457400870
23683.593750,0.002567190351
23689.453125,0.002529826033
23695.312500,0.002528512963
23701.171875,0.002462560055
23707.031250,0.002399937012
23712.890625,0.002512743035
23718.750000,0.002648809274
23724.609375,0.002571619112
23730.468750,0.002420959125
23736.328125,0.002425316597
23742.187500,0.002505790181
23748.046875,0.002502767694
23753.906250,0.002458126185
23759.765625,0.002447693131
23765.625000,0.002443913592
23771.484375,0.002507635763
23777.343750,0.002536686907
23783.203125,0.002626188196
23789.062500,0.002661561992
23794.921875,0.002528108302
23800.781250,0.002382195648
23806.640625,0.002338763992
23812.500000,0.002432634382
23818.359375,0.002445609824
23824.218750,0.002463161377
23830.078125,0.002613128036
23835.937500,0.002396258001
23841.796875,0.002409579799
23847.656250,0.002504006487
23853.515625,0.002393217505
23859.375000,0.002469230850
23865.234375,0.002549584289
23871.093750,0.002493400987
23876.953125,0.002448017272
23882.812500,0.002474376012
23888.671875,0.002418350911
23894.531250,0.002385056854
23900.390625,0.002468012532
23906.250000,0.002591080146
23912.109375,0.002677817229
23917.968750,0.002592158129
23923.828125,0.002426945317
23929.687500,0.002456562316
23935.546875,0.002566374651
23941.406250,0.002580379564
23947.265625,0.002551395493
23953.125000,0.002498051158
23958.984375,0.002506886196
23964.843750,0.002416142014
23970.703125,0.002425815856
23976.562500,0.002456094558
23982.421875,0.002371942941
23988.281250,0.002447657647
23994.140625,0.002857783123
