source_file,260630_0018.wav
sample_rate_hz,48000
fft_size,8192
hop_size,4096
analyzed_frames,917
min_frequency_hz,20.000000
max_frequency_hz,
global_dominant_frequency_hz,140.625000
global_dominant_magnitude,23.049727081346

frequency_hz,mean_magnitude
0.000000,17.040261289711
5.859375,12.922388371724
11.718750,7.971473922976
17.578125,10.765289042166
23.437500,16.343074847730
29.296875,15.420487796286
35.156250,16.065354347357
41.015625,20.607634994692
46.875000,15.358689103591
52.734375,12.859622003993
58.593750,13.316849566666
64.453125,14.611314152835
70.312500,13.754013373778
76.171875,12.932876521963
82.031250,11.737401925185
87.890625,11.698922622765
93.750000,12.216666905328
99.609375,14.392194547135
105.468750,16.087128545933
111.328125,16.518910472045
117.187500,20.315450225400
123.046875,22.828750939515
128.906250,21.823051059513
134.765625,22.188588397702
140.625000,23.049727081346
146.484375,22.093994477176
152.343750,22.330655254800
158.203125,22.757814003663
164.062500,21.702529169603
169.921875,20.750250775923
175.781250,20.724570974137
181.640625,18.910545162379
187.500000,16.745711144733
193.359375,15.280507400107
199.218750,14.546053434816
205.078125,12.745502708906
210.937500,10.841864445523
216.796875,9.697822697347
222.656250,8.714476474651
228.515625,7.554680142727
234.375000,6.792958155992
240.234375,6.292794291227
246.093750,5.939002706356
251.953125,5.692195004080
257.812500,5.609229017027
263.671875,5.601588881416
269.531250,5.487541384137
275.390625,5.544214696007
281.250000,5.747938053630
287.109375,5.874093191852
292.968750,5.812241811687
298.828125,6.031517401920
304.687500,5.807825759540
310.546875,5.633327100273
316.406250,5.716315478086
322.265625,5.768768379126
328.125000,5.635971752190
333.984375,5.460493712013
339.843750,5.228789682736
345.703125,5.014727143986
351.562500,4.548925172332
357.421875,4.339634737527
363.281250,4.169770344466
369.140625,3.811655317359
375.000000,3.555921266620
380.859375,3.434850299646
386.718750,3.470020256831
392.578125,3.450397821059
398.437500,3.361868771911
404.296875,3.240963442852
410.156250,3.184040337105
416.015625,3.276507504420
421.875000,3.060250354143
427.734375,3.076611466539
433.593750,3.081461803264
439.453125,2.986335857862
445.312500,2.859102631680
451.171875,2.822520264682
457.031250,2.752949176236
462.890625,2.713842782493
468.750000,2.532651977581
474.609375,2.420091124202
480.468750,2.347913865339
486.328125,2.290515525829
492.187500,2.203637162001
498.046875,2.108838746280
503.906250,2.192799310798
509.765625,2.196597209164
515.625000,2.204281341823
521.484375,2.339933886553
527.343750,2.375106519382
533.203125,2.372332652518
539.062500,2.203419228820
544.921875,2.200082506232
550.781250,2.256383963651
556.640625,2.060138944394
562.500000,2.092608948994
568.359375,2.228124953274
574.218750,2.329610450644
580.078125,2.315380778462
585.937500,2.274610833473
591.796875,2.278137026624
597.656250,2.197031154428
603.515625,2.328987457288
609.375000,2.452948676659
615.234375,2.456501195753
621.093750,2.399949780999
626.953125,2.485901870720
632.812500,2.481116592193
638.671875,2.532359447136
644.531250,2.459759275122
650.390625,2.403044345886
656.250000,2.456247979495
662.109375,2.490257688625
667.968750,2.459866708104
673.828125,2.524471201052
679.687500,2.612449510097
685.546875,2.853569680298
691.406250,2.547027701506
697.265625,2.382885914425
703.125000,2.378501561145
708.984375,2.433089380561
714.843750,2.405332914534
720.703125,2.412998256032
726.562500,2.278285842590
732.421875,2.254671239555
738.281250,2.219957146489
744.140625,2.233764763052
750.000000,2.281251788583
755.859375,2.262693889751
761.718750,2.118248693651
767.578125,2.076739040678
773.437500,2.062687092419
779.296875,2.053709671326
785.156250,2.041023019701
791.015625,2.010102628012
796.875000,1.897486274852
802.734375,1.756036620969
808.593750,1.736543995080
814.453125,1.688224607635
820.312500,1.687687188216
826.171875,1.660659324811
832.031250,1.684292169703
837.890625,1.586773576726
843.750000,1.557633675011
849.609375,1.554396547315
855.468750,1.482975565999
861.328125,1.451540053500
867.187500,1.455618293917
873.046875,1.477337404374
878.906250,1.453260858851
884.765625,1.477106568411
890.625000,1.380503013059
896.484375,1.316482665545
902.343750,1.213582160773
908.203125,1.212994280431
914.062500,1.200694398634
919.921875,1.203779940974
925.781250,1.145160301670
931.640625,1.232091118968
937.500000,1.107203846546
943.359375,1.001744649780
949.218750,0.936252140066
955.078125,0.973814809969
960.937500,0.939164778570
966.796875,0.918217404522
972.656250,0.865613546488
978.515625,0.860949404738
984.375000,0.810326322509
990.234375,0.761141609603
996.093750,0.761414475148
1001.953125,0.771124957410
1007.812500,0.760736503856
1013.671875,0.735451755502
1019.531250,0.722132199478
1025.390625,0.709565019584
1031.250000,0.695575590122
1037.109375,0.653804342597
1042.968750,0.636999425123
1048.828125,0.656001942381
1054.687500,0.698433279091
1060.546875,1.083771577816
1066.406250,0.851955380333
1072.265625,0.593291808432
1078.125000,0.672821679551
1083.984375,0.565638807117
1089.843750,0.527720579347
1095.703125,0.530764717730
1101.562500,0.523733438445
1107.421875,0.500671114598
1113.281250,0.488960723219
1119.140625,0.482490787423
1125.000000,0.500467881248
1130.859375,0.491533854911
1136.718750,0.473059894240
1142.578125,0.473436411875
1148.437500,0.473167752864
1154.296875,0.452864323276
1160.156250,0.452341057437
1166.015625,0.475729035209
1171.875000,0.469523183304
1177.734375,0.479898796508
1183.593750,0.457312905905
1189.453125,0.434877780324
1195.312500,0.434352633926
1201.171875,0.429463846082
1207.031250,0.418290819882
1212.890625,0.431112683555
1218.750000,0.446149472748
1224.609375,0.521011966721
1230.468750,0.480150331426
1236.328125,0.420298985638
1242.187500,0.419223587250
1248.046875,0.412644641876
1253.906250,0.381030516380
1259.765625,0.386348420824
1265.625000,0.388851507350
1271.484375,0.381131051196
1277.343750,0.375193342331
1283.203125,0.361379836026
1289.062500,0.373177531529
1294.921875,0.372918434231
1300.781250,0.362068964370
1306.640625,0.358963940252
1312.500000,0.327524754536
1318.359375,0.341265765723
1324.218750,0.356930256273
1330.078125,0.347188506951
1335.937500,0.339191801121
1341.796875,0.345230118719
1347.656250,0.342977366238
1353.515625,0.335215262604
1359.375000,0.336844955626
1365.234375,0.351588746773
1371.093750,0.375523849605
1376.953125,0.335872723471
1382.812500,0.326324626186
1388.671875,0.319014574664
1394.531250,0.301834877830
1400.390625,0.315297530620
1406.250000,0.302705105170
1412.109375,0.302333254947
1417.968750,0.309027903799
1423.828125,0.296148828808
1429.687500,0.271724226602
1435.546875,0.268090110816
1441.406250,0.265398014235
1447.265625,0.267240363291
1453.125000,0.274146778482
1458.984375,0.274460169945
1464.843750,0.272856617748
1470.703125,0.287494339254
1476.562500,0.269248529512
1482.421875,0.274049821733
1488.281250,0.271584508469
1494.140625,0.271100372666
1500.000000,0.269963410544
1505.859375,0.274483145016
1511.718750,0.266325028928
1517.578125,0.294254628125
1523.437500,0.288898291636
1529.296875,0.253611585973
1535.156250,0.252625118161
1541.015625,0.262224760924
1546.875000,0.270701779520
1552.734375,0.256798263168
1558.593750,0.247772392641
1564.453125,0.267967664533
1570.312500,0.286545012324
1576.171875,0.264876903373
1582.031250,0.249689112565
1587.890625,0.253137784011
1593.750000,0.275903803892
1599.609375,0.257288151154
1605.468750,0.244916214202
1611.328125,0.318840313567
1617.187500,0.447958658935
1623.046875,0.319336742179
1628.906250,0.249102029519
1634.765625,0.245983839886
1640.625000,0.235655849270
1646.484375,0.236213359694
1652.343750,0.232023454924
1658.203125,0.230121871475
1664.062500,0.248956729657
1669.921875,0.254517487039
1675.781250,0.230386733335
1681.640625,0.242963026681
1687.500000,0.250830199418
1693.359375,0.244161940839
1699.218750,0.242734712305
1705.078125,0.231771231869
1710.937500,0.231587459088
1716.796875,0.249182282441
1722.656250,0.237321741066
1728.515625,0.214435919261
1734.375000,0.204766225040
1740.234375,0.204012914641
1746.093750,0.204575499384
1751.953125,0.206080953188
1757.812500,0.209089727324
1763.671875,0.263823335440
1769.531250,0.249107626534
1775.390625,0.212556393966
1781.250000,0.210787316303
1787.109375,0.213913082575
1792.968750,0.204206154738
1798.828125,0.210634284685
1804.687500,0.212736793844
1810.546875,0.218378205682
1816.406250,0.213241458489
1822.265625,0.193978875083
1828.125000,0.191933835809
1833.984375,0.196798221452
1839.843750,0.201626744608
1845.703125,0.195882880014
1851.562500,0.194246191819
1857.421875,0.199247525729
1863.281250,0.206549103217
1869.140625,0.195396935051
1875.000000,0.195463059542
1880.859375,0.189984829598
1886.718750,0.198089830134
1892.578125,0.197624784517
1898.437500,0.204151096870
1904.296875,0.198524164518
1910.156250,0.204226876083
1916.015625,0.214685873024
1921.875000,0.217469878407
1927.734375,0.218313720893
1933.593750,0.213586727124
1939.453125,0.225836074843
1945.312500,0.240299722899
1951.171875,0.255725633209
1957.031250,0.269504302825
1962.890625,0.270441473213
1968.750000,0.246065748565
1974.609375,0.226638257615
1980.468750,0.218376438133
1986.328125,0.223361364398
1992.187500,0.218368331218
1998.046875,0.214615118801
2003.906250,0.212681721417
2009.765625,0.213684639661
2015.625000,0.213891326058
2021.484375,0.211145591047
2027.343750,0.201657441297
2033.203125,0.203314469521
2039.062500,0.198507622067
2044.921875,0.202102056013
2050.781250,0.207660993763
2056.640625,0.226090543049
2062.500000,0.217755797629
2068.359375,0.196019877419
2074.218750,0.192420805852
2080.078125,0.190191246117
2085.937500,0.200829604732
2091.796875,0.209777088649
2097.656250,0.216333149955
2103.515625,0.248526375769
2109.375000,0.268940985230
2115.234375,0.210034828685
2121.093750,0.226346680633
2126.953125,0.224201892152
2132.812500,0.199594506078
2138.671875,0.196553423648
2144.531250,0.193446849647
2150.390625,0.203221424214
2156.250000,0.226295960953
2162.109375,0.197309275237
2167.968750,0.182938931867
2173.828125,0.187003339330
2179.687500,0.188742355051
2185.546875,0.192988368510
2191.406250,0.190860824176
2197.265625,0.194480300065
2203.125000,0.244467577768
2208.984375,0.230879403707
2214.843750,0.188623622294
2220.703125,0.182502960541
2226.562500,0.183590423304
2232.421875,0.176769844024
2238.281250,0.173678925331
2244.140625,0.182864018225
2250.000000,0.250258113760
2255.859375,0.309087207580
2261.718750,0.211999659636
2267.578125,0.177329624618
2273.437500,0.175207827374
2279.296875,0.173180536343
2285.156250,0.172304055247
2291.015625,0.172229140720
2296.875000,0.174106776048
2302.734375,0.186505717663
2308.593750,0.177384332964
2314.453125,0.168430907205
2320.312500,0.182916829824
2326.171875,0.186820862338
2332.031250,0.167321395500
2337.890625,0.169854551761
2343.750000,0.196918405952
2349.609375,0.369377594535
2355.468750,0.348628824121
2361.328125,0.174623007342
2367.187500,0.161956848969
2373.046875,0.164176679885
2378.906250,0.168128406216
2384.765625,0.163363455407
2390.625000,0.155264412729
2396.484375,0.175837269763
2402.343750,0.189611886092
2408.203125,0.184781447621
2414.062500,0.167001105289
2419.921875,0.162979110741
2425.781250,0.168345737288
2431.640625,0.162258102704
2437.500000,0.154347262363
2443.359375,0.157606839694
2449.218750,0.158421066491
2455.078125,0.164994823211
2460.937500,0.179280920680
2466.796875,0.178045087688
2472.656250,0.172286104074
2478.515625,0.169487742995
2484.375000,0.166732754099
2490.234375,0.173364114698
2496.093750,0.177197224471
2501.953125,0.183831612110
2507.812500,0.167617265927
2513.671875,0.167150394382
2519.531250,0.169493274894
2525.390625,0.161655950013
2531.250000,0.167026037497
2537.109375,0.165347940639
2542.968750,0.175964527499
2548.828125,0.192650593305
2554.687500,0.171169006547
2560.546875,0.168241436114
2566.406250,0.164152182132
2572.265625,0.162789431710
2578.125000,0.169988593377
2583.984375,0.167810945530
2589.843750,0.183862201945
2595.703125,0.240011541227
2601.562500,0.213651306017
2607.421875,0.158642498701
2613.281250,0.150852954744
2619.140625,0.157359370784
2625.000000,0.157300644512
2630.859375,0.153684141671
2636.718750,0.156124455024
2642.578125,0.173049565219
2648.437500,0.181616756416
2654.296875,0.189866563837
2660.156250,0.167684983218
2666.015625,0.150493012275
2671.875000,0.152614157677
2677.734375,0.147932860532
2683.593750,0.150476903386
2689.453125,0.185345915606
2695.312500,0.225059224268
2701.171875,0.172662393923
2707.031250,0.145382779940
2712.890625,0.142938937543
2718.750000,0.142284522203
2724.609375,0.144439824369
2730.468750,0.147830273095
2736.328125,0.152314333146
2742.187500,0.165225563100
2748.046875,0.159446786575
2753.906250,0.144890895216
2759.765625,0.142971666503
2765.625000,0.148305227051
2771.484375,0.143992859399
2777.343750,0.144656961010
2783.203125,0.143232698724
2789.062500,0.146422807192
2794.921875,0.151824065855
2800.781250,0.145425093579
2806.640625,0.144929819399
2812.500000,0.148448669085
2818.359375,0.144987019056
2824.218750,0.145557301970
2830.078125,0.148757207564
2835.937500,0.174590610665
2841.796875,0.226038056320
2847.656250,0.175066478637
2853.515625,0.142572192381
2859.375000,0.140248838766
2865.234375,0.138779846489
2871.093750,0.136629752275
2876.953125,0.136335092216
2882.812500,0.154927357996
2888.671875,0.231160662073
2894.531250,0.226985641761
2900.390625,0.147596737425
2906.250000,0.126402328540
2912.109375,0.123345471729
2917.968750,0.125474798461
2923.828125,0.126088682820
2929.687500,0.126537823511
2935.546875,0.148749327157
2941.406250,0.181854873378
2947.265625,0.142201383469
2953.125000,0.125779624923
2958.984375,0.124391136696
2964.843750,0.118836746809
2970.703125,0.120113320366
2976.562500,0.121688675497
2982.421875,0.124583842179
2988.281250,0.126228144490
2994.140625,0.119955318864
3000.000000,0.113889545569
3005.859375,0.114922101722
3011.718750,0.117586812566
3017.578125,0.114682544616
3023.437500,0.108719095878
3029.296875,0.114893209755
3035.156250,0.137383415610
3041.015625,0.137663672627
3046.875000,0.117529100562
3052.734375,0.116510747493
3058.593750,0.114038003029
3064.453125,0.112053285827
3070.312500,0.113561643314
3076.171875,0.119166912350
3082.031250,0.240694699510
3087.890625,0.339683967335
3093.750000,0.192737697361
3099.609375,0.114855544725
3105.468750,0.116296470352
3111.328125,0.127952603329
3117.187500,0.129314152711
3123.046875,0.125675200692
3128.906250,0.259543663282
3134.765625,0.534507207373
3140.625000,0.390545648071
3146.484375,0.148178539919
3152.343750,0.124574786413
3158.203125,0.118542648008
3164.062500,0.116762566221
3169.921875,0.115574151711
3175.781250,0.119249251300
3181.640625,0.153069993280
3187.500000,0.156891138435
3193.359375,0.121354823894
3199.218750,0.108328887372
3205.078125,0.107360367683
3210.937500,0.111527898385
3216.796875,0.118999563737
3222.656250,0.117036746823
3228.515625,0.126786994718
3234.375000,0.136940307909
3240.234375,0.120687258140
3246.093750,0.110899162016
3251.953125,0.110683510585
3257.812500,0.118678690501
3263.671875,0.124297630283
3269.531250,0.116690729425
3275.390625,0.111493942505
3281.250000,0.129756053287
3287.109375,0.124701841436
3292.968750,0.112276556606
3298.828125,0.112901146490
3304.687500,0.112884295670
3310.546875,0.114130853422
3316.406250,0.114050063054
3322.265625,0.117634718328
3328.125000,0.133930770144
3333.984375,0.144271921165
3339.843750,0.116910782262
3345.703125,0.113292731807
3351.562500,0.118386264821
3357.421875,0.118546692109
3363.281250,0.114519410380
3369.140625,0.115189222317
3375.000000,0.145155695103
3380.859375,0.182235028799
3386.718750,0.141634679469
3392.578125,0.128275160429
3398.437500,0.125741428902
3404.296875,0.117147756916
3410.156250,0.122451654386
3416.015625,0.131159425835
3421.875000,0.152251773777
3427.734375,0.224776336555
3433.593750,0.184657748117
3439.453125,0.119660655680
3445.312500,0.119087201016
3451.171875,0.116632478169
3457.031250,0.113892370462
3462.890625,0.109194803265
3468.750000,0.115952033077
3474.609375,0.145988399426
3480.468750,0.155307094245
3486.328125,0.127889550011
3492.187500,0.117997176366
3498.046875,0.123755431420
3503.906250,0.123813105293
3509.765625,0.120190426875
3515.625000,0.120372335682
3521.484375,0.154816662089
3527.343750,0.221081678390
3533.203125,0.172482072838
3539.062500,0.122470731082
3544.921875,0.118176758920
3550.781250,0.118631589000
3556.640625,0.117414353406
3562.500000,0.121832657974
3568.359375,0.147797480755
3574.218750,0.215019320617
3580.078125,0.190816344935
3585.937500,0.128009985875
3591.796875,0.122545880766
3597.656250,0.122541446609
3603.515625,0.122467508411
3609.375000,0.122791449502
3615.234375,0.114937547426
3621.093750,0.138466293588
3626.953125,0.167370313660
3632.812500,0.143669221854
3638.671875,0.124114205333
3644.531250,0.117907873104
3650.390625,0.111800285623
3656.250000,0.120422154567
3662.109375,0.126409102560
3667.968750,0.155770664572
3673.828125,0.220385247236
3679.687500,0.181137227075
3685.546875,0.122712928036
3691.406250,0.116299508799
3697.265625,0.117258172255
3703.125000,0.119867582727
3708.984375,0.122168276113
3714.843750,0.266993564221
3720.703125,0.639770361285
3726.562500,0.579533009950
3732.421875,0.195252696237
3738.281250,0.126736456431
3744.140625,0.118792288791
3750.000000,0.119944627451
3755.859375,0.118085255300
3761.718750,0.122542752598
3767.578125,0.205490971726
3773.437500,0.258275179947
3779.296875,0.163456658890
3785.156250,0.129086836689
3791.015625,0.135771388419
3796.875000,0.134467589026
3802.734375,0.124476798890
3808.593750,0.135335731274
3814.453125,0.149218881196
3820.312500,0.162568484631
3826.171875,0.156030227442
3832.031250,0.132982507963
3837.890625,0.131253822911
3843.750000,0.132694050157
3849.609375,0.132898863675
3855.468750,0.122642607562
3861.328125,0.114522601443
3867.187500,0.147911684311
3873.046875,0.155661375963
3878.906250,0.132133601030
3884.765625,0.124190451533
3890.625000,0.122464818805
3896.484375,0.124757185367
3902.343750,0.121548985947
3908.203125,0.120952910582
3914.062500,0.181541501765
3919.921875,0.236501482818
3925.781250,0.161577888264
3931.640625,0.115676723540
3937.500000,0.116214192039
3943.359375,0.122427188932
3949.218750,0.121392240947
3955.078125,0.110897941654
3960.937500,0.110232759123
3966.796875,0.123747693085
3972.656250,0.133713000960
3978.515625,0.117074162086
3984.375000,0.105194067761
3990.234375,0.099738079340
3996.093750,0.108549607003
4001.953125,0.119180455482
4007.812500,0.123727986002
4013.671875,0.199429828514
4019.531250,0.230818135768
4025.390625,0.144273350466
4031.250000,0.111535902450
4037.109375,0.108157100082
4042.968750,0.107723846301
4048.828125,0.108221883601
4054.687500,0.101326643811
4060.546875,0.110371278944
4066.406250,0.132760088316
4072.265625,0.126042592716
4078.125000,0.110478029340
4083.984375,0.106796080952
4089.843750,0.100618243806
4095.703125,0.093306489186
4101.562500,0.096662804956
4107.421875,0.120315619297
4113.281250,0.171870577755
4119.140625,0.165119144945
4125.000000,0.109675461018
4130.859375,0.093747699405
4136.718750,0.093521614409
4142.578125,0.097472581932
4148.437500,0.097686066707
4154.296875,0.099232320519
4160.156250,0.107036221154
4166.015625,0.115718436187
4171.875000,0.105893513810
4177.734375,0.097672410365
4183.593750,0.095489459380
4189.453125,0.091627940789
4195.312500,0.090406424406
4201.171875,0.091606216855
4207.031250,0.095599791493
4212.890625,0.103396253209
4218.750000,0.098679938951
4224.609375,0.090847386058
4230.468750,0.088673166815
4236.328125,0.088358529189
4242.187500,0.091921433294
4248.046875,0.092505682102
4253.906250,0.094121850256
4259.765625,0.118813005604
4265.625000,0.137480439683
4271.484375,0.101893482248
4277.343750,0.084351239052
4283.203125,0.088046122466
4289.062500,0.086409652631
4294.921875,0.085667636136
4300.781250,0.089545502680
4306.640625,0.111966878465
4312.500000,0.128543201372
4318.359375,0.103130404290
4324.218750,0.087988940547
4330.078125,0.083354644564
4335.937500,0.083832620894
4341.796875,0.084386502353
4347.656250,0.085322147668
4353.515625,0.113818551354
4359.375000,0.155051561639
4365.234375,0.135499026363
4371.093750,0.088716978572
4376.953125,0.077783029765
4382.812500,0.079418086367
4388.671875,0.078669024893
4394.531250,0.081232141891
4400.390625,0.106465489309
4406.250000,0.194538629588
4412.109375,0.214232880842
4417.968750,0.121464176045
4423.828125,0.083345547254
4429.687500,0.082625401911
4435.546875,0.082449073244
4441.406250,0.079297872677
4447.265625,0.079578497420
4453.125000,0.104570621033
4458.984375,0.143102328320
4464.843750,0.118441286742
4470.703125,0.079457089329
4476.562500,0.074443543589
4482.421875,0.072640407780
4488.281250,0.074078689572
4494.140625,0.076895583450
4500.000000,0.082285740395
4505.859375,0.100553288292
4511.718750,0.100837551191
4517.578125,0.085677949844
4523.437500,0.079604726728
4529.296875,0.081298867031
4535.156250,0.076864120268
4541.015625,0.077558525273
4546.875000,0.083535012538
4552.734375,0.109119947068
4558.593750,0.132291585654
4564.453125,0.105908925732
4570.312500,0.077798662394
4576.171875,0.076761877283
4582.031250,0.076493425075
4587.890625,0.074858786721
4593.750000,0.075000272598
4599.609375,0.085658194713
4605.468750,0.119950428227
4611.328125,0.121261152075
4617.187500,0.088456514715
4623.046875,0.081265401078
4628.906250,0.084629818460
4634.765625,0.085009184634
4640.625000,0.081665218548
4646.484375,0.088883743255
4652.343750,0.104590296378
4658.203125,0.115065859444
4664.062500,0.099624967984
4669.921875,0.087480742154
4675.781250,0.079466509195
4681.640625,0.080059607178
4687.500000,0.084933154871
4693.359375,0.084097737998
4699.218750,0.094935212171
4705.078125,0.106162028527
4710.937500,0.095116239052
4716.796875,0.079928978265
4722.656250,0.081189712823
4728.515625,0.084286022729
4734.375000,0.084551745319
4740.234375,0.082544881914
4746.093750,0.101304953025
4751.953125,0.127290708363
4757.812500,0.118354773953
4763.671875,0.083205154520
4769.531250,0.079333381030
4775.390625,0.082126668728
4781.250000,0.080465898809
4787.109375,0.081844726577
4792.968750,0.098821464424
4798.828125,0.173741292795
4804.687500,0.244612063052
4810.546875,0.154405941866
4816.406250,0.075094453957
4822.265625,0.072680209730
4828.125000,0.073551457488
4833.984375,0.074639981067
4839.843750,0.076010381772
4845.703125,0.083343532366
4851.562500,0.100050679385
4857.421875,0.093198037023
4863.281250,0.068851285240
4869.140625,0.066624167069
4875.000000,0.068991896324
4880.859375,0.071021685594
4886.718750,0.069955560552
4892.578125,0.073172938368
4898.437500,0.107028061705
4904.296875,0.124376391707
4910.156250,0.081735444952
4916.015625,0.065881549376
4921.875000,0.065712038651
4927.734375,0.064932007271
4933.593750,0.063910916230
4939.453125,0.064768036208
4945.312500,0.072181567939
4951.171875,0.089484081367
4957.031250,0.076382014564
4962.890625,0.061934451649
4968.750000,0.061994145605
4974.609375,0.061364906306
4980.468750,0.062012899943
4986.328125,0.063003452312
4992.187500,0.093046087747
4998.046875,0.114305977785
5003.906250,0.084179419041
5009.765625,0.062427919851
5015.625000,0.060309628133
5021.484375,0.059471649370
5027.343750,0.060328073395
5033.203125,0.061775081121
5039.062500,0.060330416928
5044.921875,0.062640899979
5050.781250,0.062780355028
5056.640625,0.058828147185
5062.500000,0.057770525209
5068.359375,0.058002632641
5074.218750,0.055715569988
5080.078125,0.057167057483
5085.937500,0.057858178090
5091.796875,0.062838278695
5097.656250,0.065489404575
5103.515625,0.054993296318
5109.375000,0.053001572958
5115.234375,0.055354416135
5121.093750,0.053881741800
5126.953125,0.056120205892
5132.812500,0.059773727894
5138.671875,0.065250008894
5144.531250,0.073074902436
5150.390625,0.068399410706
5156.250000,0.053054069630
5162.109375,0.049525059842
5167.968750,0.049533619547
5173.828125,0.049539014011
5179.687500,0.047945346853
5185.546875,0.048815999338
5191.406250,0.053743257526
5197.265625,0.056735126648
5203.125000,0.049683449662
5208.984375,0.045603035552
5214.843750,0.047468819515
5220.703125,0.046067569656
5226.562500,0.042604191333
5232.421875,0.041955513394
5238.281250,0.048008286275
5244.140625,0.049198566328
5250.000000,0.045199773724
5255.859375,0.043680370803
5261.718750,0.043567777658
5267.578125,0.043660892471
5273.437500,0.042756112472
5279.296875,0.042874253178
5285.156250,0.048938570482
5291.015625,0.056468620443
5296.875000,0.053354142576
5302.734375,0.044439612674
5308.593750,0.042531610829
5314.453125,0.043061059268
5320.312500,0.042349384638
5326.171875,0.043197657857
5332.031250,0.043898998049
5337.890625,0.042881903355
5343.750000,0.047603602341
5349.609375,0.044477917102
5355.468750,0.045152656085
5361.328125,0.050471578553
5367.187500,0.046383813064
5373.046875,0.044262526862
5378.906250,0.043971372652
5384.765625,0.042159160211
5390.625000,0.044966016483
5396.484375,0.045467125980
5402.343750,0.045022291553
5408.203125,0.047612551829
5414.062500,0.048597739245
5419.921875,0.047360393232
5425.781250,0.046130585865
5431.640625,0.048726591374
5437.500000,0.052074463746
5443.359375,0.048853308908
5449.218750,0.045296213907
5455.078125,0.043262136439
5460.937500,0.044150617127
5466.796875,0.043830005231
5472.656250,0.041269552591
5478.515625,0.044722789668
5484.375000,0.049592897230
5490.234375,0.048699965665
5496.093750,0.047023036315
5501.953125,0.044078733171
5507.812500,0.042604137368
5513.671875,0.041282766510
5519.531250,0.041917255261
5525.390625,0.041517636330
5531.250000,0.046282630925
5537.109375,0.050377127198
5542.968750,0.045061176854
5548.828125,0.038823689818
5554.687500,0.038695055553
5560.546875,0.039369312708
5566.406250,0.038795906399
5572.265625,0.037753510812
5578.125000,0.039955519184
5583.984375,0.043526854570
5589.843750,0.044503855435
5595.703125,0.040861166175
5601.562500,0.040219602637
5607.421875,0.039818479458
5613.281250,0.040696017099
5619.140625,0.040242212240
5625.000000,0.040973841887
5630.859375,0.044093287741
5636.718750,0.045854366789
5642.578125,0.043804420657
5648.437500,0.040890292364
5654.296875,0.041456090572
5660.156250,0.041939645132
5666.015625,0.042569057133
5671.875000,0.040962089300
5677.734375,0.044181273709
5683.593750,0.048443847297
5689.453125,0.049302306913
5695.312500,0.046746255135
5701.171875,0.045344690898
5707.031250,0.044498978461
5712.890625,0.042777421079
5718.750000,0.043644653873
5724.609375,0.045399043103
5730.468750,0.047414878320
5736.328125,0.049857867978
5742.187500,0.047663633605
5748.046875,0.047642869597
5753.906250,0.045243541836
5759.765625,0.043393515725
5765.625000,0.044069802282
5771.484375,0.044741916193
5777.343750,0.045715641568
5783.203125,0.048895092223
5789.062500,0.048486554214
5794.921875,0.045497033884
5800.781250,0.047026250680
5806.640625,0.047125294501
5812.500000,0.044794569965
5818.359375,0.042921927923
5824.218750,0.043248867790
5830.078125,0.044413338825
5835.937500,0.046084171258
5841.796875,0.049922057114
5847.656250,0.051646267596
5853.515625,0.049350137513
5859.375000,0.046474750775
5865.234375,0.047315052112
5871.093750,0.048941627182
5876.953125,0.051938141015
5882.812500,0.054141877055
5888.671875,0.051489066278
5894.531250,0.048760634951
5900.390625,0.047205443986
5906.250000,0.047007591737
5912.109375,0.047067777881
5917.968750,0.048116547811
5923.828125,0.051169463385
5929.687500,0.054341018895
5935.546875,0.053001596053
5941.406250,0.049608903132
5947.265625,0.052073331550
5953.125000,0.051268944208
5958.984375,0.048883205748
5964.843750,0.049955704861
5970.703125,0.051402324178
5976.562500,0.051075097976
5982.421875,0.054335606905
5988.281250,0.055674180278
5994.140625,0.054115239950
6000.000000,0.052390466742
6005.859375,0.051187891850
6011.718750,0.052228275685
6017.578125,0.052304878260
6023.437500,0.061083989883
6029.296875,0.073095894085
6035.156250,0.069506992956
6041.015625,0.056518482186
6046.875000,0.053340961964
6052.734375,0.054530171036
6058.593750,0.055090595244
6064.453125,0.056070937128
6070.312500,0.055524459672
6076.171875,0.060668781129
6082.031250,0.065596086217
6087.890625,0.061171658847
6093.750000,0.058082362383
6099.609375,0.057276323337
6105.468750,0.060103458765
6111.328125,0.060193230653
6117.187500,0.061339339614
6123.046875,0.064401701662
6128.906250,0.067169292161
6134.765625,0.067838771923
6140.625000,0.065710791365
6146.484375,0.064071571319
6152.343750,0.060655306437
6158.203125,0.062161849553
6164.062500,0.062568996924
6169.921875,0.064046560103
6175.781250,0.071619536823
6181.640625,0.071657237905
6187.500000,0.063090427169
6193.359375,0.062195769352
6199.218750,0.059481542737
6205.078125,0.060014840951
6210.937500,0.061035941769
6216.796875,0.060912799376
6222.656250,0.067615991969
6228.515625,0.069317060396
6234.375000,0.062392873551
6240.234375,0.059451176020
6246.093750,0.056619237419
6251.953125,0.058185160329
6257.812500,0.057649927982
6263.671875,0.058922054222
6269.531250,0.062453374636
6275.390625,0.065971823490
6281.250000,0.061348172850
6287.109375,0.053459284146
6292.968750,0.053521252719
6298.828125,0.052032992474
6304.687500,0.052961478064
6310.546875,0.054650138317
6316.406250,0.058909618178
6322.265625,0.061880909254
6328.125000,0.059164566809
6333.984375,0.052512278376
6339.843750,0.052400457569
6345.703125,0.053709185875
6351.562500,0.052496204310
6357.421875,0.052111630098
6363.281250,0.055429568955
6369.140625,0.058847298515
6375.000000,0.059227051706
6380.859375,0.054676397602
6386.718750,0.052247677197
6392.578125,0.052164357957
6398.437500,0.051499767470
6404.296875,0.050121393054
6410.156250,0.052634554892
6416.015625,0.057515161890
6421.875000,0.056757189521
6427.734375,0.052796871796
6433.593750,0.045969556362
6439.453125,0.045231336183
6445.312500,0.046195999439
6451.171875,0.046762986941
6457.031250,0.048560765219
6462.890625,0.049755160441
6468.750000,0.050651759228
6474.609375,0.051500464431
6480.468750,0.047748828330
6486.328125,0.047582330983
6492.187500,0.048813692745
6498.046875,0.047998924952
6503.906250,0.045510854427
6509.765625,0.048927674774
6515.625000,0.052208330419
6521.484375,0.052323162179
6527.343750,0.047251401941
6533.203125,0.044835550358
6539.062500,0.045231952036
6544.921875,0.045690182995
6550.781250,0.046796212553
6556.640625,0.046458553394
6562.500000,0.049619731050
6568.359375,0.052869173985
6574.218750,0.051276768489
6580.078125,0.042878738655
6585.937500,0.042668054622
6591.796875,0.042552710054
6597.656250,0.043192353696
6603.515625,0.042097452769
6609.375000,0.043957296487
6615.234375,0.043891658957
6621.093750,0.043801720603
6626.953125,0.040348192363
6632.812500,0.038629976027
6638.671875,0.039463210301
6644.531250,0.038437176146
6650.390625,0.036816654076
6656.250000,0.037222358847
6662.109375,0.038073566792
6667.968750,0.040782110219
6673.828125,0.039092015278
6679.687500,0.035339586472
6685.546875,0.035214130032
6691.406250,0.035040847781
6697.265625,0.033704805765
6703.125000,0.033400117786
6708.984375,0.034401796442
6714.843750,0.035862706544
6720.703125,0.034657066633
6726.562500,0.032420390445
6732.421875,0.032510035211
6738.281250,0.032054349894
6744.140625,0.031908985922
6750.000000,0.032268732882
6755.859375,0.031070788442
6761.718750,0.031087923316
6767.578125,0.030490506363
6773.437500,0.030293150287
6779.296875,0.030064199022
6785.156250,0.030065409998
6791.015625,0.028872900289
6796.875000,0.029714467703
6802.734375,0.029712691011
6808.593750,0.029285545179
6814.453125,0.029131620930
6820.312500,0.028844914734
6826.171875,0.029325631555
6832.031250,0.030775344738
6837.890625,0.031097679441
6843.750000,0.029756664899
6849.609375,0.029643893082
6855.468750,0.029978151074
6861.328125,0.031749423966
6867.187500,0.033355746952
6873.046875,0.031781579390
6878.906250,0.030962185122
6884.765625,0.031070227666
6890.625000,0.030202119989
6896.484375,0.029436593558
6902.343750,0.028623302069
6908.203125,0.026635518345
6914.062500,0.027081959885
6919.921875,0.026190800525
6925.781250,0.026024247626
6931.640625,0.026168260407
6937.500000,0.025670995271
6943.359375,0.025206610556
6949.218750,0.024186293680
6955.078125,0.024320738877
6960.937500,0.025128410989
6966.796875,0.024690445395
6972.656250,0.024277435448
6978.515625,0.024854112334
6984.375000,0.023312967988
6990.234375,0.023145125285
6996.093750,0.022866090236
7001.953125,0.023111649455
7007.812500,0.022542717400
7013.671875,0.021499821917
7019.531250,0.020659728763
7025.390625,0.021075118664
7031.250000,0.022172185420
7037.109375,0.022074588709
7042.968750,0.021786832371
7048.828125,0.022290031418
7054.687500,0.022200761470
7060.546875,0.022425191221
7066.406250,0.021871187978
7072.265625,0.021170862514
7078.125000,0.020696358560
7083.984375,0.020505425639
7089.843750,0.021189048556
7095.703125,0.021130937822
7101.562500,0.020405417070
7107.421875,0.021539045357
7113.281250,0.022507787626
7119.140625,0.020898824948
7125.000000,0.020928774216
7130.859375,0.020771729147
7136.718750,0.020491011255
7142.578125,0.020853556222
7148.437500,0.022019652533
7154.296875,0.023140477398
7160.156250,0.021933043251
7166.015625,0.020595215189
7171.875000,0.021217413524
7177.734375,0.021434230385
7183.593750,0.021602946527
7189.453125,0.020099056387
7195.312500,0.019947470513
7201.171875,0.021412160986
7207.031250,0.023987989811
7212.890625,0.022503148811
7218.750000,0.020573547106
7224.609375,0.021245364023
7230.468750,0.021283762723
7236.328125,0.022116871700
7242.187500,0.022198777172
7248.046875,0.021699618911
7253.906250,0.022902903157
7259.765625,0.023382502364
7265.625000,0.022670739887
7271.484375,0.023131805683
7277.343750,0.023742624419
7283.203125,0.023578787473
7289.062500,0.022215875455
7294.921875,0.023099896697
7300.781250,0.024376643738
7306.640625,0.024420696498
7312.500000,0.023136931841
7318.359375,0.023092547150
7324.218750,0.023411061173
7330.078125,0.025778190742
7335.937500,0.025699583750
7341.796875,0.026126860118
7347.656250,0.025675477992
7353.515625,0.027431041646
7359.375000,0.027680302622
7365.234375,0.027171168000
7371.093750,0.026604095984
7376.953125,0.024909777334
7382.812500,0.024911659167
7388.671875,0.025421130915
7394.531250,0.027307501617
7400.390625,0.026699992226
7406.250000,0.028077544593
7412.109375,0.027343604831
7417.968750,0.027560283300
7423.828125,0.027754230006
7429.687500,0.027360278188
7435.546875,0.028083494341
7441.406250,0.029436390006
7447.265625,0.030523624855
7453.125000,0.030752172655
7458.984375,0.031975667068
7464.843750,0.032938065535
7470.703125,0.034589405722
7476.562500,0.037142001589
7482.421875,0.039240790721
7488.281250,0.040673322546
7494.140625,0.040854183362
7500.000000,0.045871025037
7505.859375,0.052900201136
7511.718750,0.052862265038
7517.578125,0.048471610779
7523.437500,0.045125941555
7529.296875,0.044320930581
7535.156250,0.041195147788
7541.015625,0.038167728320
7546.875000,0.036945248098
7552.734375,0.037624889546
7558.593750,0.035954170190
7564.453125,0.036714825952
7570.312500,0.034124864297
7576.171875,0.033919668345
7582.031250,0.033032993366
7587.890625,0.033858149322
7593.750000,0.033335596869
7599.609375,0.034986882949
7605.468750,0.033051426818
7611.328125,0.030710928784
7617.187500,0.031759638431
7623.046875,0.029947099852
7628.906250,0.029966969782
7634.765625,0.030394123983
7640.625000,0.030365868297
7646.484375,0.031363363723
7652.343750,0.030071822699
7658.203125,0.029744339667
7664.062500,0.030606925320
7669.921875,0.030159426625
7675.781250,0.029163495106
7681.640625,0.029375971000
7687.500000,0.030968891910
7693.359375,0.038346254161
7699.218750,0.045086896410
7705.078125,0.035389657823
7710.937500,0.029254121871
7716.796875,0.029685214139
7722.656250,0.030071553267
7728.515625,0.028404877092
7734.375000,0.028804234407
7740.234375,0.030100318828
7746.093750,0.032755014167
7751.953125,0.031154160609
7757.812500,0.028577349809
7763.671875,0.028835256270
7769.531250,0.029334019017
7775.390625,0.028929962609
7781.250000,0.029685857998
7787.109375,0.033862195200
7792.968750,0.038080213529
7798.828125,0.038828136448
7804.687500,0.031559689243
7810.546875,0.030619720667
7816.406250,0.031054618195
7822.265625,0.030603500390
7828.125000,0.030793670002
7833.984375,0.031963411046
7839.843750,0.034000126257
7845.703125,0.034150702330
7851.562500,0.030443322726
7857.421875,0.028806396026
7863.281250,0.029466676221
7869.140625,0.029181669539
7875.000000,0.029616033196
7880.859375,0.032534563826
7886.718750,0.034519808581
7892.578125,0.034015683607
7898.437500,0.032141361362
7904.296875,0.032216065865
7910.156250,0.032649275582
7916.015625,0.032777659317
7921.875000,0.032525457548
7927.734375,0.033520571723
7933.593750,0.035063689102
7939.453125,0.034562736331
7945.312500,0.034690050100
7951.171875,0.035392039233
7957.031250,0.036303892839
7962.890625,0.036014242654
7968.750000,0.036120256526
7974.609375,0.036209321552
7980.468750,0.036778239103
7986.328125,0.037450850376
7992.187500,0.040695022808
7998.046875,0.039437579093
8003.906250,0.037855533401
8009.765625,0.038009990024
8015.625000,0.036524613824
8021.484375,0.035301823632
8027.343750,0.035364846320
8033.203125,0.035638506905
8039.062500,0.038299289248
8044.921875,0.037075295469
8050.781250,0.035252461586
8056.640625,0.043058346679
8062.500000,0.040842628495
8068.359375,0.035209138632
8074.218750,0.035367747108
8080.078125,0.036976557372
8085.937500,0.038431081889
8091.796875,0.037715448551
8097.656250,0.034846861677
8103.515625,0.035336295828
8109.375000,0.035250427418
8115.234375,0.035343764133
8121.093750,0.033116076060
8126.953125,0.033459384955
8132.812500,0.034437657654
8138.671875,0.034259295349
8144.531250,0.034114909347
8150.390625,0.033348149889
8156.250000,0.032032162287
8162.109375,0.032875819342
8167.968750,0.033356794024
8173.828125,0.032245758419
8179.687500,0.035080827867
8185.546875,0.039094150886
8191.406250,0.035815663606
8197.265625,0.033165624535
8203.125000,0.032388161957
8208.984375,0.032447889655
8214.843750,0.032133117826
8220.703125,0.032340556015
8226.562500,0.033593436926
8232.421875,0.037000729471
8238.281250,0.037436160558
8244.140625,0.033282220869
8250.000000,0.031046502623
8255.859375,0.031022067796
8261.718750,0.030983892243
8267.578125,0.031541714786
8273.437500,0.032569070953
8279.296875,0.033050774823
8285.156250,0.033659650993
8291.015625,0.032369710773
8296.875000,0.031004159245
8302.734375,0.029818706057
8308.593750,0.030747919669
8314.453125,0.030179120934
8320.312500,0.030635257281
8326.171875,0.031167905657
8332.031250,0.031798843592
8337.890625,0.032033863432
8343.750000,0.029954950389
8349.609375,0.028421786624
8355.468750,0.027738289705
8361.328125,0.027123850995
8367.187500,0.028417295389
8373.046875,0.029450033834
8378.906250,0.028212265513
8384.765625,0.027701783716
8390.625000,0.027665281103
8396.484375,0.026668708033
8402.343750,0.027022443136
8408.203125,0.027210252883
8414.062500,0.026549368738
8419.921875,0.026772305465
8425.781250,0.026408049900
8431.640625,0.026269278897
8437.500000,0.027085610766
8443.359375,0.025974200476
8449.218750,0.025212452215
8455.078125,0.025000265626
8460.937500,0.024043348468
8466.796875,0.023613942308
8472.656250,0.024092750053
8478.515625,0.025442277967
8484.375000,0.025702677348
8490.234375,0.023793786584
8496.093750,0.022922249947
8501.953125,0.022079442525
8507.812500,0.022916726655
8513.671875,0.023830100632
8519.531250,0.024070678188
8525.390625,0.024046924399
8531.250000,0.024198025941
8537.109375,0.023272457856
8542.968750,0.023410009340
8548.828125,0.023563553657
8554.687500,0.023444768166
8560.546875,0.022662419691
8566.406250,0.022987214024
8572.265625,0.023433922163
8578.125000,0.023269639527
8583.984375,0.023938394778
8589.843750,0.023533013738
8595.703125,0.023640963026
8601.562500,0.022901683006
8607.421875,0.022101253456
8613.281250,0.021781249102
8619.140625,0.022721816022
8625.000000,0.021989850590
8630.859375,0.022674248759
8636.718750,0.022131790887
8642.578125,0.020836937198
8648.437500,0.021084299381
8654.296875,0.021679346042
8660.156250,0.021474463977
8666.015625,0.021829196087
8671.875000,0.022511164883
8677.734375,0.022626622720
8683.593750,0.022524991002
8689.453125,0.021393909138
8695.312500,0.020357064041
8701.171875,0.020578180714
8707.031250,0.020729306096
8712.890625,0.020669895501
8718.750000,0.021177842182
8724.609375,0.022751708189
8730.468750,0.022305533197
8736.328125,0.020723731205
8742.187500,0.021426455789
8748.046875,0.021360242679
8753.906250,0.020971341575
8759.765625,0.021067781811
8765.625000,0.021104424767
8771.484375,0.021305591726
8777.343750,0.023513366158
8783.203125,0.021871382279
8789.062500,0.020457772466
8794.921875,0.020687864212
8800.781250,0.021061529534
8806.640625,0.021890217470
8812.500000,0.021483507133
8818.359375,0.021439252956
8824.218750,0.021694530729
8830.078125,0.022130852082
8835.937500,0.020809961627
8841.796875,0.019926129610
8847.656250,0.020154322564
8853.515625,0.020930239830
8859.375000,0.021268866420
8865.234375,0.021637366564
8871.093750,0.021726450091
8876.953125,0.022371533028
8882.812500,0.021272501303
8888.671875,0.021130234412
8894.531250,0.021383572826
8900.390625,0.021615061214
8906.250000,0.021495253131
8912.109375,0.024287419824
8917.968750,0.028835008136
8923.828125,0.028410178226
8929.687500,0.023737931632
8935.546875,0.021525719882
8941.406250,0.021592865572
8947.265625,0.022026119312
8953.125000,0.022748256665
8958.984375,0.023029028079
8964.843750,0.025752574429
8970.703125,0.028447017214
8976.562500,0.027768720712
8982.421875,0.024430067877
8988.281250,0.023354282519
8994.140625,0.022269151579
9000.000000,0.023718272337
9005.859375,0.023313654893
9011.718750,0.025120831309
9017.578125,0.026023672922
9023.437500,0.026646408384
9029.296875,0.024809633108
9035.156250,0.024119142067
9041.015625,0.024375514233
9046.875000,0.024146095809
9052.734375,0.023607996962
9058.593750,0.023679974228
9064.453125,0.025491149741
9070.312500,0.027770948351
9076.171875,0.026255520888
9082.031250,0.025092601563
9087.890625,0.025129210232
9093.750000,0.024439428334
9099.609375,0.023757763876
9105.468750,0.024370965231
9111.328125,0.025274940844
9117.187500,0.026587148102
9123.046875,0.027538216130
9128.906250,0.025495939335
9134.765625,0.024306913445
9140.625000,0.024153548280
9146.484375,0.024527705151
9152.343750,0.024819125268
9158.203125,0.026769276822
9164.062500,0.028658344387
9169.921875,0.028567831924
9175.781250,0.026705888944
9181.640625,0.025077167695
9187.500000,0.025320804026
9193.359375,0.024842831230
9199.218750,0.024901693253
9205.078125,0.026078595404
9210.937500,0.027041641544
9216.796875,0.028362225528
9222.656250,0.026680958667
9228.515625,0.024671928787
9234.375000,0.024286376372
9240.234375,0.024831121661
9246.093750,0.026038728535
9251.953125,0.027548539287
9257.812500,0.030261457284
9263.671875,0.033330955067
9269.531250,0.032915478217
9275.390625,0.027685116155
9281.250000,0.027752782896
9287.109375,0.027345292679
9292.968750,0.026713725386
9298.828125,0.028948611676
9304.687500,0.032362952552
9310.546875,0.033837382172
9316.406250,0.035433019843
9322.265625,0.032064999677
9328.125000,0.030248492872
9333.984375,0.029258333606
9339.843750,0.030126574743
9345.703125,0.030832589714
9351.562500,0.031292461106
9357.421875,0.031923026623
9363.281250,0.031650649065
9369.140625,0.031276929774
9375.000000,0.031367644415
9380.859375,0.031769675111
9386.718750,0.031584476285
9392.578125,0.032567289369
9398.437500,0.034139582078
9404.296875,0.036977358504
9410.156250,0.039936050496
9416.015625,0.043669885290
9421.875000,0.038658038339
9427.734375,0.034056950738
9433.593750,0.034713913784
9439.453125,0.034475727051
9445.312500,0.034155076570
9451.171875,0.033938192470
9457.031250,0.034765290842
9462.890625,0.034782210771
9468.750000,0.033539415095
9474.609375,0.032636056916
9480.468750,0.033505101295
9486.328125,0.032313968306
9492.187500,0.032407769439
9498.046875,0.034216703767
9503.906250,0.036695937253
9509.765625,0.037606758903
9515.625000,0.037265882301
9521.484375,0.033583827472
9527.343750,0.033975407221
9533.203125,0.033850784538
9539.062500,0.032939771198
9544.921875,0.034428324207
9550.781250,0.038283346368
9556.640625,0.038923892691
9562.500000,0.040628791685
9568.359375,0.037178600273
9574.218750,0.034210949361
9580.078125,0.033015426718
9585.937500,0.032483168572
9591.796875,0.031760923103
9597.656250,0.036119806894
9603.515625,0.040170841149
9609.375000,0.045051508800
9615.234375,0.042468111963
9621.093750,0.034225422522
9626.953125,0.032083596483
9632.812500,0.030618328046
9638.671875,0.031870178404
9644.531250,0.034283201229
9650.390625,0.036375658937
9656.250000,0.038603041702
9662.109375,0.041052548772
9667.968750,0.034535455885
9673.828125,0.032604314482
9679.687500,0.033722718781
9685.546875,0.032861110021
9691.406250,0.032225782070
9697.265625,0.032917217430
9703.125000,0.034069029925
9708.984375,0.038036446880
9714.843750,0.035494270134
9720.703125,0.032477568511
9726.562500,0.032047424937
9732.421875,0.032987187191
9738.281250,0.033309976703
9744.140625,0.033497188553
9750.000000,0.032221261079
9755.859375,0.036721458586
9761.718750,0.037705852742
9767.578125,0.032535338170
9773.437500,0.031500885135
9779.296875,0.030988106102
9785.156250,0.031642062056
9791.015625,0.032756601108
9796.875000,0.033276038625
9802.734375,0.035884203573
9808.593750,0.037832226144
9814.453125,0.034720819942
9820.312500,0.033413099546
9826.171875,0.033319998642
9832.031250,0.032607038788
9837.890625,0.033687356345
9843.750000,0.035474617649
9849.609375,0.037301922929
9855.468750,0.038415578649
9861.328125,0.036669471302
9867.187500,0.034929865739
9873.046875,0.033845387709
9878.906250,0.032657103114
9884.765625,0.033286323707
9890.625000,0.035926244812
9896.484375,0.039018233805
9902.343750,0.040258764773
9908.203125,0.038303046649
9914.062500,0.034098737621
9919.921875,0.033992929613
9925.781250,0.033894089072
9931.640625,0.033423982674
9937.500000,0.033517807908
9943.359375,0.035121332567
9949.218750,0.036643435941
9955.078125,0.037995538110
9960.937500,0.034789837830
9966.796875,0.033696790854
9972.656250,0.033420708946
9978.515625,0.034281556777
9984.375000,0.033713641141
9990.234375,0.035759330414
9996.093750,0.035702954506
10001.953125,0.035371148204
10007.812500,0.034188885573
10013.671875,0.033471923782
10019.531250,0.033077114653
10025.390625,0.033455586789
10031.250000,0.034952819987
10037.109375,0.034533007879
10042.968750,0.035944755931
10048.828125,0.038363389813
10054.687500,0.040650902938
10060.546875,0.037580007571
10066.406250,0.036210836974
10072.265625,0.037255858047
10078.125000,0.037404031714
10083.984375,0.037344325941
10089.843750,0.039196323533
10095.703125,0.042173840822
10101.562500,0.041545078928
10107.421875,0.038180204587
10113.281250,0.035710141326
10119.140625,0.035462080063
10125.000000,0.035553303802
10130.859375,0.035331534359
10136.718750,0.034693406709
10142.578125,0.036479612062
10148.437500,0.037184896327
10154.296875,0.036597799288
10160.156250,0.036513803485
10166.015625,0.036118609983
10171.875000,0.036205985586
10177.734375,0.035671564668
10183.593750,0.036633193276
10189.453125,0.038425766484
10195.312500,0.041335565551
10201.171875,0.042564395053
10207.031250,0.037936253457
10212.890625,0.037220847818
10218.750000,0.036561469981
10224.609375,0.036305866136
10230.468750,0.037201024041
10236.328125,0.037815458266
10242.187500,0.041541952919
10248.046875,0.042707217863
10253.906250,0.039928849706
10259.765625,0.037604428473
10265.625000,0.037295956525
10271.484375,0.037208551422
10277.343750,0.038832343902
10283.203125,0.042946788706
10289.062500,0.051420919350
10294.921875,0.053930640543
10300.781250,0.050463975924
10306.640625,0.041126091225
10312.500000,0.037905683035
10318.359375,0.037144744113
10324.218750,0.037702132344
10330.078125,0.039997309644
10335.937500,0.043498011105
10341.796875,0.046798877649
10347.656250,0.046886970206
10353.515625,0.041056395911
10359.375000,0.038345597563
10365.234375,0.037733072396
10371.093750,0.037493957649
10376.953125,0.038972105438
10382.812500,0.041074587570
10388.671875,0.043628050503
10394.531250,0.043610350781
10400.390625,0.042973179940
10406.250000,0.041076751105
10412.109375,0.039822586677
10417.968750,0.039617746651
10423.828125,0.041219849140
10429.687500,0.042689615114
10435.546875,0.047655005163
10441.406250,0.052846323092
10447.265625,0.053338142028
10453.125000,0.043892368453
10458.984375,0.039764078683
10464.843750,0.039120436554
10470.703125,0.040281286441
10476.562500,0.040450991386
10482.421875,0.042067565447
10488.281250,0.044829689765
10494.140625,0.045026865549
10500.000000,0.042454077151
10505.859375,0.040512150006
10511.718750,0.040424165933
10517.578125,0.038879170954
10523.437500,0.040048249415
10529.296875,0.044934230451
10535.156250,0.047516305697
10541.015625,0.050592317304
10546.875000,0.048786654013
10552.734375,0.042656801606
10558.593750,0.043491773512
10564.453125,0.042998079551
10570.312500,0.043308292951
10576.171875,0.045931198308
10582.031250,0.052851275613
10587.890625,0.059499306650
10593.750000,0.058454798152
10599.609375,0.046955445249
10605.468750,0.045109516581
10611.328125,0.046409634328
10617.187500,0.044649397675
10623.046875,0.045394874954
10628.906250,0.048409803367
10634.765625,0.049890470906
10640.625000,0.049302516701
10646.484375,0.048591520244
10652.343750,0.046439667314
10658.203125,0.044985450851
10664.062500,0.044583579140
10669.921875,0.045898567670
10675.781250,0.046803894514
10681.640625,0.048401910904
10687.500000,0.048821512862
10693.359375,0.047402609895
10699.218750,0.045805529175
10705.078125,0.044319721675
10710.937500,0.044656694229
10716.796875,0.046527804180
10722.656250,0.047418589721
10728.515625,0.047749590440
10734.375000,0.048388562337
10740.234375,0.048145505786
10746.093750,0.045892624386
10751.953125,0.044270567631
10757.812500,0.045607543298
10763.671875,0.047987369857
10769.531250,0.049225735785
10775.390625,0.049793011304
10781.250000,0.050454537441
10787.109375,0.048677779507
10792.968750,0.046774520337
10798.828125,0.045092088146
10804.687500,0.044370806479
10810.546875,0.045562989134
10816.406250,0.047352545051
10822.265625,0.049585719900
10828.125000,0.050444416301
10833.984375,0.052160710910
10839.843750,0.053110392740
10845.703125,0.048458889802
10851.562500,0.049574117333
10857.421875,0.049255750838
10863.281250,0.048531696320
10869.140625,0.049788634251
10875.000000,0.051478658010
10880.859375,0.055965639371
10886.718750,0.057843829361
10892.578125,0.054292265621
10898.437500,0.050996178357
10904.296875,0.050135249684
10910.156250,0.052091883957
10916.015625,0.053118597016
10921.875000,0.053721145437
10927.734375,0.054495191037
10933.593750,0.056698740892
10939.453125,0.054900567286
10945.312500,0.051080221957
10951.171875,0.049341008754
10957.031250,0.049309850389
10962.890625,0.049841558219
10968.750000,0.052873441458
10974.609375,0.056742590348
10980.468750,0.060732506724
10986.328125,0.061547138158
10992.187500,0.052663838234
10998.046875,0.048423358700
11003.906250,0.048477270288
11009.765625,0.049506375997
11015.625000,0.050327459888
11021.484375,0.052384509047
11027.343750,0.054837148394
11033.203125,0.059996950010
11039.062500,0.053838362844
11044.921875,0.047082822564
11050.781250,0.047113625646
11056.640625,0.047975762419
11062.500000,0.047007536568
11068.359375,0.048160830394
11074.218750,0.052970543670
11080.078125,0.054761555169
11085.937500,0.050015552483
11091.796875,0.046057593403
11097.656250,0.045714940431
11103.515625,0.045664401259
11109.375000,0.047140124113
11115.234375,0.046782160299
11121.093750,0.048233802523
11126.953125,0.050169435638
11132.812500,0.051536178981
11138.671875,0.047775525831
11144.531250,0.046377790051
11150.390625,0.047097971658
11156.250000,0.046193462952
11162.109375,0.047656670943
11167.968750,0.048694728005
11173.828125,0.048798294110
11179.687500,0.050277288806
11185.546875,0.046490772630
11191.406250,0.045699477271
11197.265625,0.045070359804
11203.125000,0.044791649487
11208.984375,0.044654281700
11214.843750,0.045277580067
11220.703125,0.046635740384
11226.562500,0.050996033957
11232.421875,0.051668378228
11238.281250,0.046576560344
11244.140625,0.048210852126
11250.000000,0.048726480989
11255.859375,0.046251247480
11261.718750,0.046006066096
11267.578125,0.049945773902
11273.437500,0.051245859235
11279.296875,0.052007805811
11285.156250,0.049326752655
11291.015625,0.050859198283
11296.875000,0.051012545194
11302.734375,0.049328311823
11308.593750,0.049856918408
11314.453125,0.049267984423
11320.312500,0.051180343769
11326.171875,0.051398737898
11332.031250,0.051015675815
11337.890625,0.048286610141
11343.750000,0.048233454053
11349.609375,0.048923039087
11355.468750,0.048335082831
11361.328125,0.049165619922
11367.187500,0.048527233981
11373.046875,0.048964791210
11378.906250,0.049507261132
11384.765625,0.046835468540
11390.625000,0.047719128110
11396.484375,0.046999092582
11402.343750,0.045544263095
11408.203125,0.046581045979
11414.062500,0.046551467290
11419.921875,0.048625063655
11425.781250,0.053879613542
11431.640625,0.050185366493
11437.500000,0.047368588527
11443.359375,0.045148263784
11449.218750,0.045120172730
11455.078125,0.045904016623
11460.937500,0.046332234102
11466.796875,0.047851863524
11472.656250,0.047571925504
11478.515625,0.048183044108
11484.375000,0.046622147353
11490.234375,0.045823805869
11496.093750,0.045689260756
11501.953125,0.045549991744
11507.812500,0.045730153170
11513.671875,0.046301483997
11519.531250,0.046277315920
11525.390625,0.047870381979
11531.250000,0.045878169396
11537.109375,0.044275889546
11542.968750,0.043981995064
11548.828125,0.045105473406
11554.687500,0.046751254961
11560.546875,0.048212823146
11566.406250,0.048559548522
11572.265625,0.048253818135
11578.125000,0.046776261178
11583.984375,0.042964652093
11589.843750,0.043117728094
11595.703125,0.044052853628
11601.562500,0.043494365393
11607.421875,0.044498079881
11613.281250,0.044357185664
11619.140625,0.045327766176
11625.000000,0.044465150809
11630.859375,0.042806866195
11636.718750,0.042448522634
11642.578125,0.042580495239
11648.437500,0.042888172066
11654.296875,0.044594855329
11660.156250,0.046233829464
11666.015625,0.047974843643
11671.875000,0.048665398692
11677.734375,0.044273146254
11683.593750,0.042149824637
11689.453125,0.042695371359
11695.312500,0.044173201488
11701.171875,0.045351524048
11707.031250,0.048262898996
11712.890625,0.049537815872
11718.750000,0.049240920330
11724.609375,0.045816830401
11730.468750,0.042391954834
11736.328125,0.042723245884
11742.187500,0.042491352461
11748.046875,0.045495345760
11753.906250,0.048721187855
11759.765625,0.048267132623
11765.625000,0.047961321567
11771.484375,0.046955809629
11777.343750,0.041320667208
11783.203125,0.040858830358
11789.062500,0.041846905237
11794.921875,0.041534426482
11800.781250,0.045972252285
11806.640625,0.048293399683
11812.500000,0.047257785128
11818.359375,0.047807447841
11824.218750,0.042646754121
11830.078125,0.039954837329
11835.937500,0.039762839264
11841.796875,0.040039848589
11847.656250,0.038793301803
11853.515625,0.040442325853
11859.375000,0.042363884764
11865.234375,0.042889616221
11871.093750,0.042807707574
11876.953125,0.041409207811
11882.812500,0.040587116162
11888.671875,0.041300034621
11894.531250,0.041649588853
11900.390625,0.040621756317
11906.250000,0.040494275444
11912.109375,0.041113357772
11917.968750,0.042921171842
11923.828125,0.040120327428
11929.687500,0.039578088193
11935.546875,0.038639984760
11941.406250,0.038895076762
11947.265625,0.040068049343
11953.125000,0.041626659071
11958.984375,0.040324008439
11964.843750,0.040232098234
11970.703125,0.040530175737
11976.562500,0.038401769406
11982.421875,0.037555731866
11988.281250,0.037059741296
11994.140625,0.048949814680
12000.000000,0.073670465979
12005.859375,0.051302858121
12011.718750,0.042152133093
12017.578125,0.042355349035
12023.437500,0.038664102454
12029.296875,0.038666004621
12035.156250,0.038189417168
12041.015625,0.038903871335
12046.875000,0.041692064528
12052.734375,0.041442383274
12058.593750,0.041911859185
12064.453125,0.040304301547
12070.312500,0.039829065231
12076.171875,0.038224638651
12082.031250,0.038479063747
12087.890625,0.039686874588
12093.750000,0.041894192119
12099.609375,0.045712688445
12105.468750,0.048271436171
12111.328125,0.048807095248
12117.187500,0.045048078122
12123.046875,0.039648364142
12128.906250,0.039162786353
12134.765625,0.038338328037
12140.625000,0.040945494348
12146.484375,0.041622683256
12152.343750,0.041170205923
12158.203125,0.039761173524
12164.062500,0.038001188479
12169.921875,0.037586790514
12175.781250,0.038234649301
12181.640625,0.037807501518
12187.500000,0.038619754328
12193.359375,0.041314484513
12199.218750,0.041603529001
12205.078125,0.039946395715
12210.937500,0.037854709935
12216.796875,0.034860660011
12222.656250,0.035574198420
12228.515625,0.036194791359
12234.375000,0.036884696441
12240.234375,0.041262298897
12246.093750,0.041779921776
12251.953125,0.040503023761
12257.812500,0.040486548096
12263.671875,0.037417816425
12269.531250,0.034744595140
12275.390625,0.034435867372
12281.250000,0.033742518348
12287.109375,0.035767160578
12292.968750,0.037939355985
12298.828125,0.036928161902
12304.687500,0.036168177835
12310.546875,0.035225202771
12316.406250,0.033639308717
12322.265625,0.032325930538
12328.125000,0.032136866909
12333.984375,0.033603651151
12339.843750,0.037578516986
12345.703125,0.040397697970
12351.562500,0.040470196318
12357.421875,0.038004136943
12363.281250,0.035220580553
12369.140625,0.033828627216
12375.000000,0.034212530177
12380.859375,0.032905872826
12386.718750,0.033617763126
12392.578125,0.034942580068
12398.437500,0.033507236776
12404.296875,0.033935990986
12410.156250,0.033679658967
12416.015625,0.033436301885
12421.875000,0.033053556447
12427.734375,0.033334408458
12433.593750,0.031752171391
12439.453125,0.032246238599
12445.312500,0.033174247355
12451.171875,0.033092054445
12457.031250,0.032995888633
12462.890625,0.032187032324
12468.750000,0.032108131965
12474.609375,0.031854421433
12480.468750,0.033062534451
12486.328125,0.035239519365
12492.187500,0.035548951257
12498.046875,0.035548783247
12503.906250,0.034167182886
12509.765625,0.033497146368
12515.625000,0.032284012373
12521.484375,0.032636443860
12527.343750,0.032033182126
12533.203125,0.032273778678
12539.062500,0.033124544220
12544.921875,0.032470938439
12550.781250,0.032974409849
12556.640625,0.034154916987
12562.500000,0.033088936260
12568.359375,0.033161068988
12574.218750,0.032307343887
12580.078125,0.031747618081
12585.937500,0.033200855732
12591.796875,0.034862513604
12597.656250,0.036131091722
12603.515625,0.036484080532
12609.375000,0.032827121144
12615.234375,0.031058773165
12621.093750,0.031437540613
12626.953125,0.031154904636
12632.812500,0.032334433713
12638.671875,0.034593332131
12644.531250,0.033891269946
12650.390625,0.034154028543
12656.250000,0.032924787024
12662.109375,0.031267190061
12667.968750,0.030495789002
12673.828125,0.029409135848
12679.687500,0.029513377813
12685.546875,0.031546419277
12691.406250,0.032448748925
12697.265625,0.033351191824
12703.125000,0.032549561610
12708.984375,0.031080395755
12714.843750,0.029488439799
12720.703125,0.029836625416
12726.562500,0.030546760538
12732.421875,0.031247295940
12738.281250,0.031503852795
12744.140625,0.029862855490
12750.000000,0.030122009069
12755.859375,0.029349205937
12761.718750,0.027954885058
12767.578125,0.029341663119
12773.437500,0.028653351599
12779.296875,0.029043850888
12785.156250,0.029761821707
12791.015625,0.029622359718
12796.875000,0.028753782065
12802.734375,0.028079540075
12808.593750,0.028046747109
12814.453125,0.027990285849
12820.312500,0.028816786513
12826.171875,0.029188857755
12832.031250,0.028807314058
12837.890625,0.029582336273
12843.750000,0.029518729968
12849.609375,0.029264811035
12855.468750,0.027119859517
12861.328125,0.026449810599
12867.187500,0.026643345199
12873.046875,0.028042104195
12878.906250,0.028891807153
12884.765625,0.029586452942
12890.625000,0.030073185712
12896.484375,0.031187631153
12902.343750,0.029287564342
12908.203125,0.026196880814
12914.062500,0.026181087041
12919.921875,0.026547046464
12925.781250,0.026950354747
12931.640625,0.030151459092
12937.500000,0.032477092301
12943.359375,0.029940183927
12949.218750,0.027893082524
12955.078125,0.026896151533
12960.937500,0.026024318108
12966.796875,0.025295728294
12972.656250,0.025176716866
12978.515625,0.025175004316
12984.375000,0.025682588686
12990.234375,0.026187382562
12996.093750,0.025977243796
13001.953125,0.025068935403
13007.812500,0.024207680534
13013.671875,0.023314011469
13019.531250,0.023634329614
13025.390625,0.024857332136
13031.250000,0.026416139574
13037.109375,0.026542084732
13042.968750,0.025600124763
13048.828125,0.025205118236
13054.687500,0.024186981885
13060.546875,0.023960887021
13066.406250,0.022566936802
13072.265625,0.023397123995
13078.125000,0.024479095871
13083.984375,0.024438290128
13089.843750,0.024140477943
13095.703125,0.023562860440
13101.562500,0.022886152372
13107.421875,0.022778970850
13113.281250,0.022869899885
13119.140625,0.022723113076
13125.000000,0.022879562481
13130.859375,0.023492211775
13136.718750,0.023789874312
13142.578125,0.023714160585
13148.437500,0.022157759707
13154.296875,0.021431839889
13160.156250,0.021368772287
13166.015625,0.021241622714
13171.875000,0.021448771763
13177.734375,0.022535218632
13183.593750,0.022078315207
13189.453125,0.021358916684
13195.312500,0.020702742378
13201.171875,0.019865148783
13207.031250,0.020075387620
13212.890625,0.020420349620
13218.750000,0.020085393129
13224.609375,0.020253310917
13230.468750,0.019686983937
13236.328125,0.018923770657
13242.187500,0.018913038099
13248.046875,0.018695822714
13253.906250,0.018946018857
13259.765625,0.018689453487
13265.625000,0.018577790596
13271.484375,0.019055975434
13277.343750,0.018941056891
13283.203125,0.018637528626
13289.062500,0.018431798344
13294.921875,0.018605506708
13300.781250,0.018134654457
13306.640625,0.018633125900
13312.500000,0.019391205577
13318.359375,0.019923100352
13324.218750,0.019061296409
13330.078125,0.018843843836
13335.937500,0.018804298889
13341.796875,0.019327803345
13347.656250,0.019033675190
13353.515625,0.018192988657
13359.375000,0.018650976976
13365.234375,0.018927565089
13371.093750,0.018567520621
13376.953125,0.018529163579
13382.812500,0.018307902159
13388.671875,0.017859350195
13394.531250,0.018611797408
13400.390625,0.018935063684
13406.250000,0.018499698902
13412.109375,0.018031974050
13417.968750,0.018551508477
13423.828125,0.019199815541
13429.687500,0.018775124149
13435.546875,0.018211687869
13441.406250,0.018146808107
13447.265625,0.018662240470
13453.125000,0.018531583064
13458.984375,0.018715067880
13464.843750,0.018294198579
13470.703125,0.018476246832
13476.562500,0.018621570477
13482.421875,0.018148465082
13488.281250,0.018429514568
13494.140625,0.018521617523
13500.000000,0.018629513540
13505.859375,0.017937764006
13511.718750,0.017762369038
13517.578125,0.017423877430
13523.437500,0.017885580618
13529.296875,0.018387371329
13535.156250,0.018401746329
13541.015625,0.018388615260
13546.875000,0.017646766160
13552.734375,0.017659615017
13558.593750,0.017937022584
13564.453125,0.017286269175
13570.312500,0.017582272897
13576.171875,0.017744476041
13582.031250,0.017676393158
13587.890625,0.017393112822
13593.750000,0.017192949300
13599.609375,0.017646025276
13605.468750,0.017577637229
13611.328125,0.017794514700
13617.187500,0.017832784990
13623.046875,0.017877005349
13628.906250,0.017703911752
13634.765625,0.017398614523
13640.625000,0.017868167910
13646.484375,0.017713307093
13652.343750,0.017389900176
13658.203125,0.017858702924
13664.062500,0.018179933477
13669.921875,0.017739900984
13675.781250,0.017514039771
13681.640625,0.017644102186
13687.500000,0.017473453326
13693.359375,0.017361958865
13699.218750,0.017791865596
13705.078125,0.018047247576
13710.937500,0.018209481643
13716.796875,0.018578884177
13722.656250,0.018753686280
13728.515625,0.018681308114
13734.375000,0.018431896142
13740.234375,0.017326212401
13746.093750,0.017029551338
13751.953125,0.016693478015
13757.812500,0.016930660422
13763.671875,0.017988042048
13769.531250,0.018407572536
13775.390625,0.017652624378
13781.250000,0.018213702874
13787.109375,0.017339729570
13792.968750,0.016294285635
13798.828125,0.017046953769
13804.687500,0.016753200735
13810.546875,0.016840819663
13816.406250,0.016931666650
13822.265625,0.016791163539
13828.125000,0.016856427464
13833.984375,0.017157451888
13839.843750,0.016373747729
13845.703125,0.015876507110
13851.562500,0.016226588348
13857.421875,0.016834761427
13863.281250,0.016419763810
13869.140625,0.016248861178
13875.000000,0.016278022815
13880.859375,0.016304029941
13886.718750,0.016191796029
13892.578125,0.014969039437
13898.437500,0.015563784809
13904.296875,0.016184466874
13910.156250,0.016940586858
13916.015625,0.016896981981
13921.875000,0.016616945715
13927.734375,0.017571995399
13933.593750,0.017209431241
13939.453125,0.016991945251
13945.312500,0.016773681940
13951.171875,0.016413260544
13957.031250,0.016792139825
13962.890625,0.016454300537
13968.750000,0.016408812546
13974.609375,0.016765473031
13980.468750,0.016733959921
13986.328125,0.016349794582
13992.187500,0.015397268786
13998.046875,0.016239311560
14003.906250,0.017617167225
14009.765625,0.017552786355
14015.625000,0.016816487068
14021.484375,0.016715222256
14027.343750,0.017553752842
14033.203125,0.017552895972
14039.062500,0.017037804881
14044.921875,0.016713310906
14050.781250,0.017012622953
14056.640625,0.017075145961
14062.500000,0.016660956049
14068.359375,0.016388766864
14074.218750,0.016388746276
14080.078125,0.017201062182
14085.937500,0.016962156904
14091.796875,0.016917422402
14097.656250,0.016836413968
14103.515625,0.017068164362
14109.375000,0.016496770911
14115.234375,0.017120652742
14121.093750,0.018072239858
14126.953125,0.018073540106
14132.812500,0.017492759702
14138.671875,0.017329318435
14144.531250,0.017696946509
14150.390625,0.017676960700
14156.250000,0.017279290546
14162.109375,0.016967062480
14167.968750,0.017297954098
14173.828125,0.018166985709
14179.687500,0.018022453135
14185.546875,0.017983895430
14191.406250,0.017898944266
14197.265625,0.017168263290
14203.125000,0.016851289925
14208.984375,0.017214743328
14214.843750,0.017416066869
14220.703125,0.017631934527
14226.562500,0.017859452483
14232.421875,0.017466544060
14238.281250,0.016927714746
14244.140625,0.017424219815
14250.000000,0.017866582987
14255.859375,0.017280370158
14261.718750,0.017856911140
14267.578125,0.018492911165
14273.437500,0.017741669988
14279.296875,0.017479519381
14285.156250,0.017242499825
14291.015625,0.017365075678
14296.875000,0.017390602600
14302.734375,0.017281380082
14308.593750,0.017134350957
14314.453125,0.017237223284
14320.312500,0.017811353832
14326.171875,0.018393780535
14332.031250,0.017832980187
14337.890625,0.017921608582
14343.750000,0.018257422647
14349.609375,0.017817425914
14355.468750,0.017321718014
14361.328125,0.016718650520
14367.187500,0.016967152498
14373.046875,0.017740404745
14378.906250,0.017859572033
14384.765625,0.018478360504
14390.625000,0.017785363435
14396.484375,0.017709606074
14402.343750,0.018611700790
14408.203125,0.017507932884
14414.062500,0.017533290844
14419.921875,0.018481022975
14425.781250,0.018038805039
14431.640625,0.018205767533
14437.500000,0.018182623277
14443.359375,0.017999085852
14449.218750,0.018963156077
14455.078125,0.018151100444
14460.937500,0.017271979223
14466.796875,0.017667261761
14472.656250,0.017888544757
14478.515625,0.018280707610
14484.375000,0.018442129561
14490.234375,0.018804816368
14496.093750,0.020067440027
14501.953125,0.020497134994
14507.812500,0.020235373809
14513.671875,0.019424563974
14519.531250,0.019625508487
14525.390625,0.019210969883
14531.250000,0.019617102587
14537.109375,0.018135467485
14542.968750,0.018256062991
14548.828125,0.018882459193
14554.687500,0.019100937410
14560.546875,0.018149904736
14566.406250,0.017507627247
14572.265625,0.017192940431
14578.125000,0.017380940027
14583.984375,0.017217462499
14589.843750,0.016793118984
14595.703125,0.017448303056
14601.562500,0.017246024241
14607.421875,0.017212350165
14613.281250,0.016477864746
14619.140625,0.016448278718
14625.000000,0.015971421918
14630.859375,0.016603536136
14636.718750,0.015965894202
14642.578125,0.017086360397
14648.437500,0.016888466673
14654.296875,0.016642252436
14660.156250,0.016851023126
14666.015625,0.016132826124
14671.875000,0.016716509240
14677.734375,0.016906525598
14683.593750,0.016513504458
14689.453125,0.016661579315
14695.312500,0.016938811458
14701.171875,0.016174130910
14707.031250,0.016264337465
14712.890625,0.016642651864
14718.750000,0.017106575387
14724.609375,0.016215556126
14730.468750,0.015933670028
14736.328125,0.017063125750
14742.187500,0.017029777844
14748.046875,0.015456994745
14753.906250,0.016371324535
14759.765625,0.017124056923
14765.625000,0.017036917733
14771.484375,0.016512426026
14777.343750,0.015329190292
14783.203125,0.016398247634
14789.062500,0.017159858632
14794.921875,0.015492988617
14800.781250,0.016365806989
14806.640625,0.016998630242
14812.500000,0.017081125106
14818.359375,0.017270472521
14824.218750,0.016583237938
14830.078125,0.016504432129
14835.937500,0.017550653832
14841.796875,0.015943668184
14847.656250,0.015989169615
14853.515625,0.015902514986
14859.375000,0.015955086109
14865.234375,0.016551156905
14871.093750,0.016735264930
14876.953125,0.015824403825
14882.812500,0.016066477018
14888.671875,0.016144354161
14894.531250,0.015529989113
14900.390625,0.017206474362
14906.250000,0.017147172022
14912.109375,0.016456633067
14917.968750,0.017549964381
14923.828125,0.017012632621
14929.687500,0.016498019029
14935.546875,0.016589570998
14941.406250,0.017129956544
14947.265625,0.017315004552
14953.125000,0.017233555224
14958.984375,0.016667946806
14964.843750,0.016651358038
14970.703125,0.016716734708
14976.562500,0.016381657098
14982.421875,0.017428431362
14988.281250,0.018299983479
14994.140625,0.017767680048
15000.000000,0.017386846510
15005.859375,0.017976582644
15011.718750,0.016819661692
15017.578125,0.016757406851
15023.437500,0.016409955679
15029.296875,0.015890670523
15035.156250,0.017757380953
15041.015625,0.018047968150
15046.875000,0.016652348271
15052.734375,0.016995400742
15058.593750,0.016392378518
15064.453125,0.016671453562
15070.312500,0.016591170101
15076.171875,0.016391991068
15082.031250,0.017019015604
15087.890625,0.017993843439
15093.750000,0.017860967938
15099.609375,0.017955827725
15105.468750,0.017548065945
15111.328125,0.017270795522
15117.187500,0.017495256959
15123.046875,0.015956570186
15128.906250,0.016376239096
15134.765625,0.017078465839
15140.625000,0.017596483378
15146.484375,0.017562749897
15152.343750,0.017853782637
15158.203125,0.016539032238
15164.062500,0.016877263938
15169.921875,0.016579721043
15175.781250,0.016948150945
15181.640625,0.017385643790
15187.500000,0.017469496876
15193.359375,0.017541746134
15199.218750,0.017925529500
15205.078125,0.017888678526
15210.937500,0.017113496780
15216.796875,0.017538549464
15222.656250,0.017079217434
15228.515625,0.017014102221
15234.375000,0.016646484636
15240.234375,0.017622400671
15246.093750,0.018454338934
15251.953125,0.017780475050
15257.812500,0.017052180794
15263.671875,0.017101840218
15269.531250,0.016683653869
15275.390625,0.016100823053
15281.250000,0.016598343645
15287.109375,0.017984900666
15292.968750,0.017708883841
15298.828125,0.017849470009
15304.687500,0.017221174673
15310.546875,0.017333835899
15316.406250,0.017390797506
15322.265625,0.016303620310
15328.125000,0.017658164192
15333.984375,0.017353250310
15339.843750,0.016076525087
15345.703125,0.016098415457
15351.562500,0.016484690677
15357.421875,0.016425698800
15363.281250,0.015959105279
15369.140625,0.015473452092
15375.000000,0.015707975556
15380.859375,0.016423648088
15386.718750,0.015595538013
15392.578125,0.014956549058
15398.437500,0.015543296299
15404.296875,0.016174788799
15410.156250,0.016028984978
15416.015625,0.015614102327
15421.875000,0.015576493830
15427.734375,0.015568229792
15433.593750,0.015852088381
15439.453125,0.015498165720
15445.312500,0.015502758052
15451.171875,0.016507586109
15457.031250,0.016999818633
15462.890625,0.016892892066
15468.750000,0.015481681111
15474.609375,0.015228910140
15480.468750,0.015883099107
15486.328125,0.015644926223
15492.187500,0.015676999864
15498.046875,0.016129041016
15503.906250,0.016151874560
15509.765625,0.015706643435
15515.625000,0.015660166142
15521.484375,0.016111295776
15527.343750,0.014933750190
15533.203125,0.015435812264
15539.062500,0.016111225493
15544.921875,0.015170941110
15550.781250,0.015083839321
15556.640625,0.014826140632
15562.500000,0.014919679410
15568.359375,0.015740822521
15574.218750,0.014723620998
15580.078125,0.013756178060
15585.937500,0.015182090911
15591.796875,0.015926397892
15597.656250,0.014465929397
15603.515625,0.014243394512
15609.375000,0.014423766141
15615.234375,0.014764681759
15621.093750,0.014191909682
15626.953125,0.013107216784
15632.812500,0.013686266541
15638.671875,0.014415049205
15644.531250,0.014509647607
15650.390625,0.014367337345
15656.250000,0.015063112453
15662.109375,0.014953421586
15667.968750,0.014498603845
15673.828125,0.013986758774
15679.687500,0.013152168286
15685.546875,0.013816835093
15691.406250,0.014221059529
15697.265625,0.013975959669
15703.125000,0.014496001719
15708.984375,0.014512781260
15714.843750,0.013782532789
15720.703125,0.013290377970
15726.562500,0.013844671007
15732.421875,0.013727202921
15738.281250,0.013631958583
15744.140625,0.014022666198
15750.000000,0.013869854500
15755.859375,0.014032729165
15761.718750,0.014088370693
15767.578125,0.013340269022
15773.437500,0.012929599467
15779.296875,0.013373570671
15785.156250,0.013993649491
15791.015625,0.013966940924
15796.875000,0.013134410589
15802.734375,0.013656730230
15808.593750,0.013923780077
15814.453125,0.013216139634
15820.312500,0.012698009668
15826.171875,0.013295910368
15832.031250,0.012876817983
15837.890625,0.012872567439
15843.750000,0.011997258524
15849.609375,0.013047303079
15855.468750,0.013181029753
15861.328125,0.012831239833
15867.187500,0.013251255643
15873.046875,0.013761783926
15878.906250,0.013841378345
15884.765625,0.013170432162
15890.625000,0.012676074104
15896.484375,0.013106527206
15902.343750,0.013311246051
15908.203125,0.012539754511
15914.062500,0.012577357411
15919.921875,0.013411191320
15925.781250,0.013986418244
15931.640625,0.013506911391
15937.500000,0.012686025929
15943.359375,0.012750721917
15949.218750,0.013238768532
15955.078125,0.012840646697
15960.937500,0.012090851038
15966.796875,0.012454191127
15972.656250,0.013258223057
15978.515625,0.013551037539
15984.375000,0.012718075238
15990.234375,0.013044761517
15996.093750,0.012972526805
16001.953125,0.012643680894
16007.812500,0.012070678899
16013.671875,0.011908235402
16019.531250,0.012051845513
16025.390625,0.013044331139
16031.250000,0.013060869984
16037.109375,0.012636011248
16042.968750,0.012368515052
16048.828125,0.011897952047
16054.687500,0.011986305056
16060.546875,0.011525592352
16066.406250,0.011786935993
16072.265625,0.012734137386
16078.125000,0.011900924967
16083.984375,0.011767911316
16089.843750,0.012352345456
16095.703125,0.011448357720
16101.562500,0.011627912359
16107.421875,0.012034953151
16113.281250,0.011982442022
16119.140625,0.013026753268
16125.000000,0.012490895234
16130.859375,0.012053289332
16136.718750,0.012310460841
16142.578125,0.012437582621
16148.437500,0.011746286463
16154.296875,0.012109294838
16160.156250,0.012564917451
16166.015625,0.012281190348
16171.875000,0.012469329981
16177.734375,0.012476625146
16183.593750,0.012095156221
16189.453125,0.012291963289
16195.312500,0.011529317930
16201.171875,0.011328002978
16207.031250,0.011780709709
16212.890625,0.011638338827
16218.750000,0.012088933761
16224.609375,0.012021337291
16230.468750,0.012368691443
16236.328125,0.012077185533
16242.187500,0.012329702606
16248.046875,0.011514088667
16253.906250,0.011245708199
16259.765625,0.011170572449
16265.625000,0.011633080549
16271.484375,0.011978099413
16277.343750,0.012338090055
16283.203125,0.012050795016
16289.062500,0.012293845424
16294.921875,0.011193632077
16300.781250,0.011130069974
16306.640625,0.011871332427
16312.500000,0.011384999157
16318.359375,0.012295725988
16324.218750,0.012335403740
16330.078125,0.012781418308
16335.937500,0.011872249797
16341.796875,0.011793692163
16347.656250,0.011275335884
16353.515625,0.011881146686
16359.375000,0.011501974148
16365.234375,0.011982235377
16371.093750,0.012506459262
16376.953125,0.012047740530
16382.812500,0.011725579262
16388.671875,0.011345744859
16394.531250,0.010702916306
16400.390625,0.010871861662
16406.250000,0.011102382643
16412.109375,0.010757332567
16417.968750,0.010703766576
16423.828125,0.010619112948
16429.687500,0.010581105597
16435.546875,0.010910434666
16441.406250,0.010879200393
16447.265625,0.010473225502
16453.125000,0.011209514402
16458.984375,0.011285439276
16464.843750,0.010924036753
16470.703125,0.010757695602
16476.562500,0.010322158449
16482.421875,0.010526575154
16488.281250,0.011103456580
16494.140625,0.010289121702
16500.000000,0.010185561091
16505.859375,0.010685505976
16511.718750,0.010410000156
16517.578125,0.010455920026
16523.437500,0.010099065547
16529.296875,0.009644212733
16535.156250,0.010410513359
16541.015625,0.010664042862
16546.875000,0.009925430738
16552.734375,0.010499623950
16558.593750,0.010397576686
16564.453125,0.010589305524
16570.312500,0.010531645274
16576.171875,0.010159997798
16582.031250,0.010355991441
16587.890625,0.009989091767
16593.750000,0.010166408112
16599.609375,0.010442827899
16605.468750,0.010599807876
16611.328125,0.010562069992
16617.187500,0.010619777715
16623.046875,0.010510395727
16628.906250,0.009979345481
16634.765625,0.009847742627
16640.625000,0.009628019264
16646.484375,0.010320724353
16652.343750,0.010273114324
16658.203125,0.010447559123
16664.062500,0.010567589884
16669.921875,0.010049807733
16675.781250,0.009991667502
16681.640625,0.009858217237
16687.500000,0.009462593009
16693.359375,0.009566040651
16699.218750,0.009384489006
16705.078125,0.009916209551
16710.937500,0.010222363371
16716.796875,0.009907407361
16722.656250,0.009516747435
16728.515625,0.009499965047
16734.375000,0.009352042638
16740.234375,0.008812619760
16746.093750,0.009486716832
16751.953125,0.009486113476
16757.812500,0.009343719967
16763.671875,0.009513455579
16769.531250,0.009516836914
16775.390625,0.009105952475
16781.250000,0.008982637202
16787.109375,0.008646107224
16792.968750,0.008848540574
16798.828125,0.008943506153
16804.687500,0.008627088891
16810.546875,0.008900201704
16816.406250,0.009287112564
16822.265625,0.008860608382
16828.125000,0.008761072932
16833.984375,0.009012458082
16839.843750,0.008962091002
16845.703125,0.009500446665
16851.562500,0.008909973473
16857.421875,0.009251484060
16863.281250,0.009431288162
16869.140625,0.009958538729
16875.000000,0.009746784323
16880.859375,0.009116566855
16886.718750,0.008757315879
16892.578125,0.009201113799
16898.437500,0.009134640688
16904.296875,0.008715871104
16910.156250,0.008874990941
16916.015625,0.009248990424
16921.875000,0.009691997636
16927.734375,0.009380083370
16933.593750,0.008966572861
16939.453125,0.009532109545
16945.312500,0.010088866174
16951.171875,0.008973179671
16957.031250,0.008956563263
16962.890625,0.009649729947
16968.750000,0.010160697292
16974.609375,0.010108765057
16980.468750,0.010166416118
16986.328125,0.009635176780
16992.187500,0.010241112631
16998.046875,0.009614276795
17003.906250,0.009750944921
17009.765625,0.009759437212
17015.625000,0.010068181420
17021.484375,0.010697564751
17027.343750,0.011069108043
17033.203125,0.010931940463
17039.062500,0.010750107336
17044.921875,0.010450996028
17050.781250,0.010223371605
17056.640625,0.010290234352
17062.500000,0.010481645188
17068.359375,0.010517685023
17074.218750,0.010979133570
17080.078125,0.011285405884
17085.937500,0.011650830460
17091.796875,0.011117182757
17097.656250,0.011419465067
17103.515625,0.011576774901
17109.375000,0.009827265958
17115.234375,0.010288583115
17121.093750,0.010764337284
17126.953125,0.010527133474
17132.812500,0.011065570649
17138.671875,0.011398351566
17144.531250,0.009891255319
17150.390625,0.010550750488
17156.250000,0.010017535681
17162.109375,0.009821879327
17167.968750,0.010701873246
17173.828125,0.010441660425
17179.687500,0.010442043109
17185.546875,0.011067883293
17191.406250,0.010371391697
17197.265625,0.009821014799
17203.125000,0.010310682631
17208.984375,0.010245952700
17214.843750,0.010479114869
17220.703125,0.010580083509
17226.562500,0.010334186135
17232.421875,0.010628776652
17238.281250,0.010996319245
17244.140625,0.010501303160
17250.000000,0.010498694399
17255.859375,0.010302676219
17261.718750,0.010585696254
17267.578125,0.010613593189
17273.437500,0.010710800026
17279.296875,0.010172322246
17285.156250,0.010314253687
17291.015625,0.010214742666
17296.875000,0.010027214481
17302.734375,0.009848157889
17308.593750,0.010170527896
17314.453125,0.010377496114
17320.312500,0.010295501143
17326.171875,0.009568585714
17332.031250,0.009559664329
17337.890625,0.010092415403
17343.750000,0.009995691894
17349.609375,0.009597197998
17355.468750,0.009748038415
17361.328125,0.009932940510
17367.187500,0.010049587887
17373.046875,0.009820104195
17378.906250,0.009646513169
17384.765625,0.010507205968
17390.625000,0.010857433809
17396.484375,0.010605610723
17402.343750,0.009984570279
17408.203125,0.009816064150
17414.062500,0.009546301939
17419.921875,0.009545031006
17425.781250,0.009637465647
17431.640625,0.010085545615
17437.500000,0.010343192839
17443.359375,0.010357346170
17449.218750,0.009649020299
17455.078125,0.009183921650
17460.937500,0.009636258485
17466.796875,0.009351121930
17472.656250,0.009260803382
17478.515625,0.009545108036
17484.375000,0.009982333142
17490.234375,0.010086847288
17496.093750,0.009176275089
17501.953125,0.009098779407
17507.812500,0.008834777710
17513.671875,0.008409210701
17519.531250,0.008809113081
17525.390625,0.008821845678
17531.250000,0.009273660758
17537.109375,0.009709172283
17542.968750,0.009210042225
17548.828125,0.008928668372
17554.687500,0.008421443520
17560.546875,0.008703198542
17566.406250,0.008639681309
17572.265625,0.008895252662
17578.125000,0.009255727579
17583.984375,0.009255843224
17589.843750,0.008955289019
17595.703125,0.008794330172
17601.562500,0.008494999586
17607.421875,0.009010007209
17613.281250,0.008616723287
17619.140625,0.008502972853
17625.000000,0.008912977896
17630.859375,0.008876169396
17636.718750,0.008898649962
17642.578125,0.008963707774
17648.437500,0.008962515020
17654.296875,0.009400554451
17660.156250,0.008929815758
17666.015625,0.008618506685
17671.875000,0.009228134751
17677.734375,0.009410218013
17683.593750,0.008868602863
17689.453125,0.008686950883
17695.312500,0.008930567366
17701.171875,0.009188729868
17707.031250,0.008928371107
17712.890625,0.008092151096
17718.750000,0.008596146320
17724.609375,0.008899861518
17730.468750,0.008459819065
17736.328125,0.008363782924
17742.187500,0.008404038552
17748.046875,0.008192770142
17753.906250,0.008062622056
17759.765625,0.007903774803
17765.625000,0.007680227700
17771.484375,0.007929596703
17777.343750,0.008235013698
17783.203125,0.007569260623
17789.062500,0.007907837273
17794.921875,0.007761705386
17800.781250,0.007954920950
17806.640625,0.007865062730
17812.500000,0.007536526898
17818.359375,0.007325991347
17824.218750,0.007730769610
17830.078125,0.008115152560
17835.937500,0.007894852606
17841.796875,0.007733791894
17847.656250,0.007665007098
17853.515625,0.008069111044
17859.375000,0.007709345766
17865.234375,0.007481314665
17871.093750,0.007264897018
17876.953125,0.007207394840
17882.812500,0.007513281535
17888.671875,0.007557568128
17894.531250,0.007883802088
17900.390625,0.007840925571
17906.250000,0.007593326512
17912.109375,0.007315142042
17917.968750,0.007428197569
17923.828125,0.007755718015
17929.687500,0.007755527774
17935.546875,0.007829450281
17941.406250,0.007552291181
17947.265625,0.007531919579
17953.125000,0.007605620842
17958.984375,0.007799775172
17964.843750,0.007646601312
17970.703125,0.008087470540
17976.562500,0.007848384874
17982.421875,0.008087736122
17988.281250,0.007887471043
17994.140625,0.007930415485
18000.000000,0.008277840823
18005.859375,0.008555168789
18011.718750,0.008399020689
18017.578125,0.008471656086
18023.437500,0.008313738913
18029.296875,0.008280106288
18035.156250,0.007886018427
18041.015625,0.008039367018
18046.875000,0.008400340824
18052.734375,0.008068864656
18058.593750,0.007940281437
18064.453125,0.008285774678
18070.312500,0.008445105306
18076.171875,0.007941372889
18082.031250,0.007930228200
18087.890625,0.007675157342
18093.750000,0.007928895540
18099.609375,0.008046432517
18105.468750,0.007912404416
18111.328125,0.007935778040
18117.187500,0.008689212594
18123.046875,0.007957858903
18128.906250,0.007914389755
18134.765625,0.008140460577
18140.625000,0.007680249238
18146.484375,0.007888218263
18152.343750,0.007940321886
18158.203125,0.007999363358
18164.062500,0.008340076244
18169.921875,0.008230531261
18175.781250,0.007696444396
18181.640625,0.007894489706
18187.500000,0.007457039292
18193.359375,0.007617891767
18199.218750,0.007986951727
18205.078125,0.007838019460
18210.937500,0.007696794075
18216.796875,0.007856736290
18222.656250,0.008259081776
18228.515625,0.008119946501
18234.375000,0.007942910724
18240.234375,0.007953942663
18246.093750,0.008280044286
18251.953125,0.008006331737
18257.812500,0.007689452987
18263.671875,0.007979751777
18269.531250,0.007765480157
18275.390625,0.008007289444
18281.250000,0.008121671834
18287.109375,0.007738752473
18292.968750,0.007927115519
18298.828125,0.007501187512
18304.687500,0.007258912937
18310.546875,0.007634946195
18316.406250,0.007798148200
18322.265625,0.007791964071
18328.125000,0.007774130693
18333.984375,0.007534740550
18339.843750,0.007747637119
18345.703125,0.008142954420
18351.562500,0.007581802856
18357.421875,0.007727907741
18363.281250,0.007883885101
18369.140625,0.008105819116
18375.000000,0.007831603463
18380.859375,0.007596551759
18386.718750,0.007828705539
18392.578125,0.007788685407
18398.437500,0.007652094849
18404.296875,0.007747415411
18410.156250,0.007758975593
18416.015625,0.007740995360
18421.875000,0.007607243093
18427.734375,0.007504394240
18433.593750,0.007452259633
18439.453125,0.007646784874
18445.312500,0.007892637873
18451.171875,0.008030015870
18457.031250,0.007916124719
18462.890625,0.007939306765
18468.750000,0.007939596161
18474.609375,0.007594976694
18480.468750,0.007437540114
18486.328125,0.007048474882
18492.187500,0.007685910433
18498.046875,0.007758306275
18503.906250,0.007638956996
18509.765625,0.007793218137
18515.625000,0.007851923104
18521.484375,0.007616123589
18527.343750,0.007555976986
18533.203125,0.007102489130
18539.062500,0.007356687617
18544.921875,0.007730864893
18550.781250,0.007477090116
18556.640625,0.007545444004
18562.500000,0.007768675595
18568.359375,0.007540822074
18574.218750,0.007078937642
18580.078125,0.007068890280
18585.937500,0.007117306672
18591.796875,0.007427681887
18597.656250,0.007084129291
18603.515625,0.007204345157
18609.375000,0.007375825225
18615.234375,0.007236974793
18621.093750,0.006953803006
18626.953125,0.006776198367
18632.812500,0.006970503211
18638.671875,0.007439803951
18644.531250,0.007160683341
18650.390625,0.006935845336
18656.250000,0.006747201665
18662.109375,0.006807457884
18667.968750,0.006690166777
18673.828125,0.006634317078
18679.687500,0.006613932936
18685.546875,0.007132554667
18691.406250,0.007115752699
18697.265625,0.006772905057
18703.125000,0.006813250007
18708.984375,0.006916437187
18714.843750,0.006832743587
18720.703125,0.007043411671
18726.562500,0.006941564742
18732.421875,0.007125339694
18738.281250,0.006980646470
18744.140625,0.006987796902
18750.000000,0.007082858532
18755.859375,0.006882713326
18761.718750,0.006987708074
18767.578125,0.007152441433
18773.437500,0.007399946985
18779.296875,0.007305949827
18785.156250,0.007252440063
18791.015625,0.007109837396
18796.875000,0.007462198260
18802.734375,0.007164285194
18808.593750,0.007048097745
18814.453125,0.007140814542
18820.312500,0.006890112162
18826.171875,0.007103296926
18832.031250,0.007294134716
18837.890625,0.006926793888
18843.750000,0.006822195618
18849.609375,0.006683603342
18855.468750,0.006608071689
18861.328125,0.006596692698
18867.187500,0.006742634784
18873.046875,0.006462504143
18878.906250,0.006528734068
18884.765625,0.006791480118
18890.625000,0.006511422403
18896.484375,0.006129807100
18902.343750,0.006286100757
18908.203125,0.006420428967
18914.062500,0.006440916989
18919.921875,0.006453231919
18925.781250,0.006392111474
18931.640625,0.006243899444
18937.500000,0.006129643794
18943.359375,0.006128222612
18949.218750,0.006251585001
18955.078125,0.006565873102
18960.937500,0.006480179501
18966.796875,0.006382934614
18972.656250,0.006250906895
18978.515625,0.005941916004
18984.375000,0.006029088615
18990.234375,0.006090191885
18996.093750,0.006339404709
19001.953125,0.006531749449
19007.812500,0.006494427875
19013.671875,0.006170298210
19019.531250,0.006158571193
19025.390625,0.006105975657
19031.250000,0.006298595887
19037.109375,0.006126450150
19042.968750,0.006178313083
19048.828125,0.005850605863
19054.687500,0.005969542384
19060.546875,0.006010132993
19066.406250,0.006145136479
19072.265625,0.006318549690
19078.125000,0.006159411315
19083.984375,0.005975982806
19089.843750,0.005786134589
19095.703125,0.005845647820
19101.562500,0.006487615230
19107.421875,0.006386134879
19113.281250,0.006370315355
19119.140625,0.006501594391
19125.000000,0.006123934836
19130.859375,0.006173958432
19136.718750,0.005952818420
19142.578125,0.005940224974
19148.437500,0.006045822978
19154.296875,0.006210699739
19160.156250,0.006248603962
19166.015625,0.006464471290
19171.875000,0.006335119735
19177.734375,0.006111620833
19183.593750,0.006152592273
19189.453125,0.005921898987
19195.312500,0.005956224917
19201.171875,0.006165248165
19207.031250,0.005874181911
19212.890625,0.005968708309
19218.750000,0.005784923492
19224.609375,0.005589373905
19230.468750,0.005664882311
19236.328125,0.005824632032
19242.187500,0.005915029904
19248.046875,0.005906152868
19253.906250,0.005814626270
19259.765625,0.005589505037
19265.625000,0.005762650042
19271.484375,0.005617790110
19277.343750,0.005571851868
19283.203125,0.005581409251
19289.062500,0.005510139098
19294.921875,0.005679909200
19300.781250,0.005488378435
19306.640625,0.005404611822
19312.500000,0.005547547124
19318.359375,0.005352516754
19324.218750,0.005213732068
19330.078125,0.005309955843
19335.937500,0.005431954384
19341.796875,0.005489414624
19347.656250,0.005285597074
19353.515625,0.005095872844
19359.375000,0.005299059624
19365.234375,0.005392933414
19371.093750,0.005286158849
19376.953125,0.005249788504
19382.812500,0.005302339001
19388.671875,0.005320624893
19394.531250,0.005215765953
19400.390625,0.005132228582
19406.250000,0.005093035342
19412.109375,0.005234378039
19417.968750,0.005335382620
19423.828125,0.005139628167
19429.687500,0.004954889897
19435.546875,0.005305025593
19441.406250,0.005106985677
19447.265625,0.005048334414
19453.125000,0.005082392924
19458.984375,0.005040765446
19464.843750,0.005210804020
19470.703125,0.005307368367
19476.562500,0.004962584736
19482.421875,0.005001438852
19488.281250,0.005013019686
19494.140625,0.005047188629
19500.000000,0.005115300914
19505.859375,0.004866710901
19511.718750,0.004905865566
19517.578125,0.005022551744
19523.437500,0.005106165255
19529.296875,0.004952315621
19535.156250,0.004863481867
19541.015625,0.004805348855
19546.875000,0.004862919369
19552.734375,0.004946364571
19558.593750,0.004901202956
19564.453125,0.005221173914
19570.312500,0.004976657086
19576.171875,0.004856382662
19582.031250,0.004899996422
19587.890625,0.005095963002
19593.750000,0.004949336486
19599.609375,0.004879156788
19605.468750,0.004664075171
19611.328125,0.004749419433
19617.187500,0.004912252234
19623.046875,0.004767413842
19628.906250,0.004810621779
19634.765625,0.004835314156
19640.625000,0.004709532821
19646.484375,0.004657895023
19652.343750,0.004682092107
19658.203125,0.004746699330
19664.062500,0.004875606757
19669.921875,0.004838853213
19675.781250,0.004701968854
19681.640625,0.004799036107
19687.500000,0.004710001713
19693.359375,0.004708824027
19699.218750,0.004696129861
19705.078125,0.004824042324
19710.937500,0.005034877133
19716.796875,0.004998260907
19722.656250,0.004886370369
19728.515625,0.004788678129
19734.375000,0.004763559961
19740.234375,0.004835956064
19746.093750,0.004834338582
19751.953125,0.004856069686
19757.812500,0.004843758851
19763.671875,0.004767253764
19769.531250,0.004841036521
19775.390625,0.004616317308
19781.250000,0.004657619298
19787.109375,0.004639417693
19792.968750,0.004612035062
19798.828125,0.004669989419
19804.687500,0.004779511174
19810.546875,0.004649995526
19816.406250,0.004763064085
19822.265625,0.004660563809
19828.125000,0.004691721500
19833.984375,0.004720367860
19839.843750,0.004720162079
19845.703125,0.004536664914
19851.562500,0.004699187058
19857.421875,0.004695184626
19863.281250,0.004737540698
19869.140625,0.004563906542
19875.000000,0.004523262682
19880.859375,0.004458627037
19886.718750,0.004665750428
19892.578125,0.004769447342
19898.437500,0.004793751406
19904.296875,0.004737118828
19910.156250,0.004784754227
19916.015625,0.004776783094
19921.875000,0.004503090823
19927.734375,0.004454480264
19933.593750,0.004497501091
19939.453125,0.004700717902
19945.312500,0.004802178761
19951.171875,0.004703478995
19957.031250,0.004794143656
19962.890625,0.004836373048
19968.750000,0.004399801368
19974.609375,0.004390467916
19980.468750,0.004420920273
19986.328125,0.004595916894
19992.187500,0.004829983355
19998.046875,0.004873990986
20003.906250,0.004700434209
20009.765625,0.004689994622
20015.625000,0.004699266386
20021.484375,0.004549815767
20027.343750,0.004511411762
20033.203125,0.004535577522
20039.062500,0.004564886676
20044.921875,0.004713372265
20050.781250,0.004632115328
20056.640625,0.004669996137
20062.500000,0.004683073128
20068.359375,0.004710673144
20074.218750,0.004613833712
20080.078125,0.004606457382
20085.937500,0.004532602480
20091.796875,0.004524408623
20097.656250,0.004621556977
20103.515625,0.004650969282
20109.375000,0.004536798111
20115.234375,0.004665906356
20121.093750,0.004583525143
20126.953125,0.004403325400
20132.812500,0.004444119648
20138.671875,0.004728257980
20144.531250,0.004567101471
20150.390625,0.004349174584
20156.250000,0.004515196453
20162.109375,0.004506860767
20167.968750,0.004461363318
20173.828125,0.004357124046
20179.687500,0.004474852805
20185.546875,0.004611470335
20191.406250,0.004676663815
20197.265625,0.004604551781
20203.125000,0.004460171836
20208.984375,0.004752446119
20214.843750,0.004947777302
20220.703125,0.005118556347
20226.562500,0.004751326346
20232.421875,0.004549844901
20238.281250,0.004582750774
20244.140625,0.004708426399
20250.000000,0.004377442920
20255.859375,0.004624186174
20261.718750,0.004564764791
20267.578125,0.004363493385
20273.437500,0.004540907104
20279.296875,0.004562481075
20285.156250,0.004569362120
20291.015625,0.004983910572
20296.875000,0.005672525538
20302.734375,0.004799356031
20308.593750,0.004622431320
20314.453125,0.004653773069
20320.312500,0.004641128138
20326.171875,0.004584104615
20332.031250,0.004487286194
20337.890625,0.004393262513
20343.750000,0.004536258016
20349.609375,0.004502191996
20355.468750,0.004584553672
20361.328125,0.004702931003
20367.187500,0.004562008110
20373.046875,0.004692718759
20378.906250,0.004616631189
20384.765625,0.004460763719
20390.625000,0.004381076988
20396.484375,0.004502928580
20402.343750,0.004405727166
20408.203125,0.004350691472
20414.062500,0.004571717751
20419.921875,0.004623694406
20425.781250,0.004801435119
20431.640625,0.004677447386
20437.500000,0.004285399586
20443.359375,0.004125526335
20449.218750,0.004385818194
20455.078125,0.004527984351
20460.937500,0.004647150557
20466.796875,0.004627435270
20472.656250,0.004563993221
20478.515625,0.004502774642
20484.375000,0.004368659183
20490.234375,0.004438720852
20496.093750,0.004790794101
20501.953125,0.004860450884
20507.812500,0.004544410002
20513.671875,0.004598963336
20519.531250,0.004659826078
20525.390625,0.004480893936
20531.250000,0.004498854525
20537.109375,0.004560324694
20542.968750,0.004616574619
20548.828125,0.004961958046
20554.687500,0.004790386115
20560.546875,0.004819881249
20566.406250,0.004709865536
20572.265625,0.004643744832
20578.125000,0.004508019653
20583.984375,0.004478602263
20589.843750,0.004425947294
20595.703125,0.004767287407
20601.562500,0.005033872267
20607.421875,0.004962110148
20613.281250,0.004768221510
20619.140625,0.004849383683
20625.000000,0.004668854125
20630.859375,0.004776823535
20636.718750,0.004637942336
20642.578125,0.004779553079
20648.437500,0.004912250462
20654.296875,0.005085799697
20660.156250,0.004918443257
20666.015625,0.004831446018
20671.875000,0.004714635908
20677.734375,0.004742504875
20683.593750,0.004562903293
20689.453125,0.004403549204
20695.312500,0.004652585079
20701.171875,0.004733559076
20707.031250,0.004747811113
20712.890625,0.004842036405
20718.750000,0.004789115273
20724.609375,0.004542905041
20730.468750,0.004733917266
20736.328125,0.004585153493
20742.187500,0.004781066242
20748.046875,0.004686707316
20753.906250,0.004547930466
20759.765625,0.004647867302
20765.625000,0.004717646883
20771.484375,0.004573515235
20777.343750,0.004592471819
20783.203125,0.004663667483
20789.062500,0.004823975654
20794.921875,0.004840826297
20800.781250,0.004574160718
20806.640625,0.004587309632
20812.500000,0.004848663702
20818.359375,0.004536437166
20824.218750,0.004436522651
20830.078125,0.004605183011
20835.937500,0.004714879596
20841.796875,0.004705848873
20847.656250,0.004690082736
20853.515625,0.004541934262
20859.375000,0.004646136877
20865.234375,0.004608802485
20871.093750,0.004454543250
20876.953125,0.004329908100
20882.812500,0.004472852291
20888.671875,0.004765112452
20894.531250,0.004704142734
20900.390625,0.004601395300
20906.250000,0.004485744889
20912.109375,0.004625166089
20917.968750,0.004530301786
20923.828125,0.004603596994
20929.687500,0.004513121038
20935.546875,0.004639632116
20941.406250,0.004615859552
20947.265625,0.004470732889
20953.125000,0.004602635897
20958.984375,0.004605820198
20964.843750,0.004532151458
20970.703125,0.004568801001
20976.562500,0.004667045033
20982.421875,0.004557632958
20988.281250,0.004707899041
20994.140625,0.004651247204
21000.000000,0.004459827083
21005.859375,0.004452778165
21011.718750,0.004498915102
21017.578125,0.004380773147
21023.437500,0.004455490559
21029.296875,0.004310371071
21035.156250,0.004374825320
21041.015625,0.004569071849
21046.875000,0.004533984670
21052.734375,0.004425431679
21058.593750,0.004416189870
21064.453125,0.004299459100
21070.312500,0.004263848154
21076.171875,0.004209947177
21082.031250,0.004181010003
21087.890625,0.004238065300
21093.750000,0.004387230569
21099.609375,0.004435390004
21105.468750,0.004318060449
21111.328125,0.004369407581
21117.187500,0.004381188098
21123.046875,0.004367545104
21128.906250,0.004221115241
21134.765625,0.004183301346
21140.625000,0.004203887839
21146.484375,0.004501461494
21152.343750,0.004244517856
21158.203125,0.004139746308
21164.062500,0.004307191996
21169.921875,0.004394716519
21175.781250,0.004309347156
21181.640625,0.004237045571
21187.500000,0.004250125150
21193.359375,0.004205823239
21199.218750,0.004241708490
21205.078125,0.004249667853
21210.937500,0.004323122010
21216.796875,0.004372092329
21222.656250,0.004434563495
21228.515625,0.004292679112
21234.375000,0.004189116448
21240.234375,0.004184561768
21246.093750,0.004260550476
21251.953125,0.004249653408
21257.812500,0.004330515095
21263.671875,0.004336505550
21269.531250,0.004319280455
21275.390625,0.004047743632
21281.250000,0.004026994279
21287.109375,0.004134304452
21292.968750,0.004248832448
21298.828125,0.004229651882
21304.687500,0.004154526266
21310.546875,0.004208316586
21316.406250,0.004117913204
21322.265625,0.004121862788
21328.125000,0.004089648672
21333.984375,0.004073202002
21339.843750,0.004130266859
21345.703125,0.004153411611
21351.562500,0.003857591367
21357.421875,0.003849239891
21363.281250,0.003813198974
21369.140625,0.004134296158
21375.000000,0.004057677314
21380.859375,0.004144833686
21386.718750,0.004097913953
21392.578125,0.004001215462
21398.437500,0.003861969935
21404.296875,0.003877467733
21410.156250,0.003943035310
21416.015625,0.003910388604
21421.875000,0.004007480065
21427.734375,0.003919234253
21433.593750,0.003861766557
21439.453125,0.003856610610
21445.312500,0.003975347577
21451.171875,0.003895907584
21457.031250,0.003949119371
21462.890625,0.003895051820
21468.750000,0.003846901965
21474.609375,0.003767083675
21480.468750,0.003874166132
21486.328125,0.003879385449
21492.187500,0.003947605822
21498.046875,0.003907477270
21503.906250,0.003928851349
21509.765625,0.004074106065
21515.625000,0.003990068218
21521.484375,0.003956989362
21527.343750,0.003877970086
21533.203125,0.003894333343
21539.062500,0.003870711219
21544.921875,0.003761837967
21550.781250,0.003890633095
21556.640625,0.003991244085
21562.500000,0.003981032364
21568.359375,0.004035014172
21574.218750,0.004054796055
21580.078125,0.004092669330
21585.937500,0.004037136114
21591.796875,0.003822967403
21597.656250,0.003942441822
21603.515625,0.004078442294
21609.375000,0.004002449571
21615.234375,0.004176532112
21621.093750,0.004019990844
21626.953125,0.004062948638
21632.812500,0.004029576645
21638.671875,0.004028413262
21644.531250,0.003973114673
21650.390625,0.004013860656
21656.250000,0.004077376512
21662.109375,0.004099566157
21667.968750,0.004098452307
21673.828125,0.004077739589
21679.687500,0.004121856761
21685.546875,0.003969329818
21691.406250,0.003943276940
21697.265625,0.004052468234
21703.125000,0.004100154638
21708.984375,0.004139670345
21714.843750,0.004096888183
21720.703125,0.003976775287
21726.562500,0.003857673954
21732.421875,0.003954503355
21738.281250,0.004164096205
21744.140625,0.004194284299
21750.000000,0.004174180621
21755.859375,0.004192665631
21761.718750,0.004124930701
21767.578125,0.004078439630
21773.437500,0.004252363185
21779.296875,0.003998864328
21785.156250,0.004126966270
21791.015625,0.004169951778
21796.875000,0.004094313145
21802.734375,0.004182240067
21808.593750,0.004044817762
21814.453125,0.004134098179
21820.312500,0.004239168711
21826.171875,0.004098555132
21832.031250,0.004084996691
21837.890625,0.004133132519
21843.750000,0.004028771370
21849.609375,0.004047958817
21855.468750,0.004158829077
21861.328125,0.004111777682
21867.187500,0.004155268368
21873.046875,0.004084527120
21878.906250,0.004005274094
21884.765625,0.004135213646
21890.625000,0.004116712392
21896.484375,0.004065693553
21902.343750,0.004012029749
21908.203125,0.003837279021
21914.062500,0.003984278585
21919.921875,0.003971602863
21925.781250,0.003940795032
21931.640625,0.004117317485
21937.500000,0.004244903496
21943.359375,0.004166006018
21949.218750,0.004078953335
21955.078125,0.003941735418
21960.937500,0.003949425999
21966.796875,0.003956060055
21972.656250,0.003962895509
21978.515625,0.003882846686
21984.375000,0.004157445782
21990.234375,0.004183882589
21996.093750,0.004185392077
22001.953125,0.004091794834
22007.812500,0.004078478852
22013.671875,0.004019631685
22019.531250,0.004023388763
22025.390625,0.004004975549
22031.250000,0.004093696239
22037.109375,0.004131496859
22042.968750,0.003989950034
22048.828125,0.004133215505
22054.687500,0.004107154390
22060.546875,0.004234614875
22066.406250,0.004063651855
22072.265625,0.004033948395
22078.125000,0.004261793770
22083.984375,0.004365596826
22089.843750,0.004127091143
22095.703125,0.004038517773
22101.562500,0.004074190212
22107.421875,0.004154619831
22113.281250,0.004135589461
22119.140625,0.003920428102
22125.000000,0.004128930333
22130.859375,0.004262123642
22136.718750,0.004235719815
22142.578125,0.004003392688
22148.437500,0.004037920337
22154.296875,0.003979490877
22160.156250,0.004136714400
22166.015625,0.004017461366
22171.875000,0.004007358972
22177.734375,0.004138735658
22183.593750,0.004212549858
22189.453125,0.004235510455
22195.312500,0.004242595040
22201.171875,0.004152581611
22207.031250,0.004122379015
22212.890625,0.004042881009
22218.750000,0.003832721871
22224.609375,0.003881084884
22230.468750,0.004205701245
22236.328125,0.004185372180
22242.187500,0.004101420538
22248.046875,0.004196089513
22253.906250,0.004270212484
22259.765625,0.004127386433
22265.625000,0.004130270161
22271.484375,0.004102366200
22277.343750,0.004283335804
22283.203125,0.004426515812
22289.062500,0.004284975169
22294.921875,0.004183334083
22300.781250,0.004391174581
22306.640625,0.004313274257
22312.500000,0.004477456875
22318.359375,0.004200473584
22324.218750,0.004128059788
22330.078125,0.004398313969
22335.937500,0.004313096445
22341.796875,0.004243017989
22347.656250,0.004404442989
22353.515625,0.004398614992
22359.375000,0.004408820522
22365.234375,0.004252641229
22371.093750,0.004362535767
22376.953125,0.004439521738
22382.812500,0.004414469088
22388.671875,0.004423353588
22394.531250,0.004213250716
22400.390625,0.004269279145
22406.250000,0.004382753785
22412.109375,0.004463026765
22417.968750,0.004410335451
22423.828125,0.004329683110
22429.687500,0.004253998438
22435.546875,0.004344121722
22441.406250,0.004294291127
22447.265625,0.004221390150
22453.125000,0.004532428193
22458.984375,0.004469334005
22464.843750,0.004251231089
22470.703125,0.004431073959
22476.562500,0.004491308792
22482.421875,0.004527246335
22488.281250,0.004448477903
22494.140625,0.004340196670
22500.000000,0.004485097798
22505.859375,0.004622948811
22511.718750,0.004348922828
22517.578125,0.004165051040
22523.437500,0.004329691286
22529.296875,0.004466697001
22535.156250,0.004550125572
22541.015625,0.004473121603
22546.875000,0.004348886504
22552.734375,0.004300668976
22558.593750,0.004297069799
22564.453125,0.004208699833
22570.312500,0.004287431093
22576.171875,0.004333542106
22582.031250,0.004519888844
22587.890625,0.004469741758
22593.750000,0.004427146773
22599.609375,0.004322962187
22605.468750,0.004384183632
22611.328125,0.004415587616
22617.187500,0.004246885062
22623.046875,0.004275023722
22628.906250,0.004265019337
22634.765625,0.004384769016
22640.625000,0.004231823605
22646.484375,0.004267924646
22652.343750,0.004182402716
22658.203125,0.004277018620
22664.062500,0.004422867319
22669.921875,0.004484958293
22675.781250,0.004295985614
22681.640625,0.004133429036
22687.500000,0.004024281291
22693.359375,0.003981647602
22699.218750,0.004210141486
22705.078125,0.004221755044
22710.937500,0.004203631427
22716.796875,0.004164300380
22722.656250,0.004272349140
22728.515625,0.004098943344
22734.375000,0.003844350368
22740.234375,0.003997482061
22746.093750,0.004221055012
22751.953125,0.003984212220
22757.812500,0.004162291829
22763.671875,0.004163319571
22769.531250,0.004284616577
22775.390625,0.004158656000
22781.250000,0.003962859627
22787.109375,0.003833526663
22792.968750,0.004054077638
22798.828125,0.004199170466
22804.687500,0.004122557249
22810.546875,0.004105607534
22816.406250,0.004074115489
22822.265625,0.004144637523
22828.125000,0.003913724125
22833.984375,0.003922100115
22839.843750,0.003938544250
22845.703125,0.003984983040
22851.562500,0.004116279302
22857.421875,0.004421251074
22863.281250,0.004042130426
22869.140625,0.003945674673
22875.000000,0.003864786022
22880.859375,0.003812147104
22886.718750,0.003903281396
22892.578125,0.003902901568
22898.437500,0.004149541040
22904.296875,0.004407174914
22910.156250,0.004228068542
22916.015625,0.004046913288
22921.875000,0.004059966245
22927.734375,0.004109825912
22933.593750,0.003847632572
22939.453125,0.004024355044
22945.312500,0.004024613360
22951.171875,0.004134799941
22957.031250,0.004236724097
22962.890625,0.004175262294
22968.750000,0.004137512764
22974.609375,0.004269142237
22980.468750,0.004242038451
22986.328125,0.004222927504
22992.187500,0.004080925305
22998.046875,0.004167295218
23003.906250,0.004255351402
23009.765625,0.004151137206
23015.625000,0.004104353705
23021.484375,0.004278157252
23027.343750,0.004387951439
23033.203125,0.004117024544
23039.062500,0.004166809787
23044.921875,0.004123540805
23050.781250,0.004291250027
23056.640625,0.004300950488
23062.500000,0.004208695427
23068.359375,0.004180017698
23074.218750,0.004185554887
23080.078125,0.004258092890
23085.937500,0.004244634003
23091.796875,0.004125621968
23097.656250,0.004002504875
23103.515625,0.004195132152
23109.375000,0.004135635026
23115.234375,0.004162711768
23121.093750,0.004076801777
23126.953125,0.004130548981
23132.812500,0.004269716062
23138.671875,0.004107732007
23144.531250,0.004247431154
23150.390625,0.004408574252
23156.250000,0.004190351176
23162.109375,0.004046821231
23167.968750,0.003946078776
23173.828125,0.004099081537
23179.687500,0.004346961883
23185.546875,0.004390732805
23191.406250,0.004170089539
23197.265625,0.004437485138
23203.125000,0.004418299560
23208.984375,0.004126572865
23214.843750,0.003974448043
23220.703125,0.004208661007
23226.562500,0.004379312892
23232.421875,0.004360415686
23238.281250,0.004243622128
23244.140625,0.004196679201
23250.000000,0.004267452609
23255.859375,0.004128017047
23261.718750,0.003959099672
23267.578125,0.003902605568
23273.437500,0.003990206675
23279.296875,0.004279837969
23285.156250,0.004340334280
23291.015625,0.004101092912
23296.875000,0.004065257302
23302.734375,0.003780407731
23308.593750,0.003945717877
23314.453125,0.004071440761
23320.312500,0.004045045092
23326.171875,0.004006161308
23332.031250,0.004422287435
23337.890625,0.004494922527
23343.750000,0.004057817637
23349.609375,0.003955066408
23355.468750,0.003943072889
23361.328125,0.003858219752
23367.187500,0.003954603883
23373.046875,0.004005649088
23378.906250,0.004211513260
23384.765625,0.004443228511
23390.625000,0.004303500895
23396.484375,0.004029172293
23402.343750,0.003786846879
23408.203125,0.003813556483
23414.062500,0.003815553906
23419.921875,0.003905091283
23425.781250,0.003830396285
23431.640625,0.004152974242
23437.500000,0.004265667708
23443.359375,0.003974706390
23449.218750,0.003851711984
23455.078125,0.003670341952
23460.937500,0.003571312505
23466.796875,0.003699139476
23472.656250,0.003684687100
23478.515625,0.003844865163
23484.375000,0.003920474691
23490.234375,0.003923426279
23496.093750,0.003741308754
23501.953125,0.003521040916
23507.812500,0.003551608137
23513.671875,0.003558569077
23519.531250,0.003592002981
23525.390625,0.003612094121
23531.250000,0.003896213168
23537.109375,0.003939916888
23542.968750,0.003922680377
23548.828125,0.003744222877
23554.687500,0.003583448926
23560.546875,0.003594497475
23566.406250,0.003444886002
23572.265625,0.003617207423
23578.125000,0.003896069535
23583.984375,0.003791213837
23589.843750,0.003600407280
23595.703125,0.003793827302
23601.562500,0.003665713462
23607.421875,0.003743355099
23613.281250,0.003622256660
23619.140625,0.003543321713
23625.000000,0.003638777649
23630.859375,0.003902908819
23636.718750,0.003671238926
23642.578125,0.003556854335
23648.437500,0.003642618712
23654.296875,0.003813230723
23660.156250,0.003762946332
23666.015625,0.003640510754
23671.875000,0.003579884898
23677.734375,0.003649589674
23683.593750,0.003596739182
23689.453125,0.003796163043
23695.312500,0.003943140887
23701.171875,0.003843319093
23707.031250,0.003879780244
23712.890625,0.003575511574
23718.750000,0.003542049911
23724.609375,0.003702570967
23730.468750,0.003492352388
23736.328125,0.003539349206
23742.187500,0.003698831432
23748.046875,0.003770304995
23753.906250,0.003792470184
23759.765625,0.003610467850
23765.625000,0.003482421935
23771.484375,0.003784267540
23777.343750,0.003619263190
23783.203125,0.003394712896
23789.062500,0.003650072600
23794.921875,0.003800735434
23800.781250,0.003494993123
23806.640625,0.003434117051
23812.500000,0.003541702211
23818.359375,0.003520441885
23824.218750,0.003483827493
23830.078125,0.003496016135
23835.937500,0.003514688782
23841.796875,0.003583837143
23847.656250,0.003474123676
23853.515625,0.003474904741
23859.375000,0.003679228064
23865.234375,0.003636754405
23871.093750,0.003631337434
23876.953125,0.003435559473
23882.812500,0.003488188296
23888.671875,0.003489394677
23894.531250,0.003532887372
23900.390625,0.003532150930
23906.250000,0.003678259699
23912.109375,0.003827119389
23917.968750,0.003712884190
23923.828125,0.003473674318
23929.687500,0.003383593419
23935.546875,0.003567520605
23941.406250,0.003586220054
23947.265625,0.003772554946
23953.125000,0.003829677676
23958.984375,0.003690996691
23964.843750,0.003832249686
23970.703125,0.003710282328
23976.562500,0.003502119901
23982.421875,0.003698031573
23988.281250,0.003667348783
23994.140625,0.004493028093
