source_file,260630_0017.wav
sample_rate_hz,48000
fft_size,8192
dominant_frequency_hz,41.015625

frequency_hz,magnitude
0.000000,1.277800301979
5.859375,9.500525124614
11.718750,14.167303418984
17.578125,13.870856291538
23.437500,7.035116773886
29.296875,23.547105806071
35.156250,44.319909109772
41.015625,46.315510269609
46.875000,7.782773793897
52.734375,10.680446299650
58.593750,3.584020090846
64.453125,3.883791357435
70.312500,0.880804466381
76.171875,2.551282081116
82.031250,1.982435655069
87.890625,2.237931953953
93.750000,2.302496376149
99.609375,1.576898888414
105.468750,1.376884715719
111.328125,2.728963937482
117.187500,1.568137110119
123.046875,2.887572285606
128.906250,2.974956396160
134.765625,1.680392803621
140.625000,2.932758045858
146.484375,3.409595600609
152.343750,2.749350020478
158.203125,1.366632808377
164.062500,1.418169614401
169.921875,1.550222276524
175.781250,1.012543439350
181.640625,0.658257204695
187.500000,0.746953843532
193.359375,0.245430024234
199.218750,0.726473012713
205.078125,0.500828335716
210.937500,0.437733472112
216.796875,0.313031169444
222.656250,0.400835089314
228.515625,0.109825069814
234.375000,0.134887487609
240.234375,0.194025965796
246.093750,0.310943092248
251.953125,0.556557674891
257.812500,0.476997314758
263.671875,0.457726836576
269.531250,0.406573325892
275.390625,1.001662007498
281.250000,1.405348057473
287.109375,0.796912661240
292.968750,0.316947578151
298.828125,0.211808447372
304.687500,0.695745062795
310.546875,0.792177385041
316.406250,0.710119033168
322.265625,0.872135065065
328.125000,0.612388441636
333.984375,0.972705086354
339.843750,1.195468973603
345.703125,0.473654793943
351.562500,0.290084376817
357.421875,0.781507642198
363.281250,0.903350426959
369.140625,0.508968803024
375.000000,0.228834591712
380.859375,0.050348561167
386.718750,0.792393308330
392.578125,2.003918820157
398.437500,1.189061926822
404.296875,0.660617701360
410.156250,1.179591160020
416.015625,0.750551477218
421.875000,1.003718249772
427.734375,1.233420886043
433.593750,1.531991251044
439.453125,0.773399689837
445.312500,0.314785920579
451.171875,0.505045230796
457.031250,0.336336644197
462.890625,0.710105890361
468.750000,0.314752919705
474.609375,0.601130065654
480.468750,0.827159232664
486.328125,2.226343494186
492.187500,2.662377643891
498.046875,1.899726748211
503.906250,2.373460865415
509.765625,2.097760170180
515.625000,3.616321645370
521.484375,5.023234886904
527.343750,2.721831881715
533.203125,2.042236592704
539.062500,2.557238475899
544.921875,1.389230162696
550.781250,1.590311847524
556.640625,2.173648887974
562.500000,2.212448194196
568.359375,2.325616465228
574.218750,1.900418136744
580.078125,2.331206578792
585.937500,1.402715448094
591.796875,2.376392068770
597.656250,2.657010252312
603.515625,2.125083308708
609.375000,2.177458237562
615.234375,1.629550464415
621.093750,0.800950527362
626.953125,0.755736136504
632.812500,0.850146529085
638.671875,0.758294570897
644.531250,0.457569899396
650.390625,1.183679608271
656.250000,0.960345788749
662.109375,0.309499161884
667.968750,0.119099330900
673.828125,0.780656351262
679.687500,0.971363710261
685.546875,0.499742846604
691.406250,0.289326419168
697.265625,0.218049549651
703.125000,0.343186229989
708.984375,0.625828431070
714.843750,0.995742478876
720.703125,1.306509624215
726.562500,0.470847030185
732.421875,0.331898484178
738.281250,0.897078409854
744.140625,1.005381846599
750.000000,0.872002448071
755.859375,0.479634911685
761.718750,0.407363145888
767.578125,0.216806406256
773.437500,0.811186228463
779.296875,0.667542726201
785.156250,0.318596438411
791.015625,0.233180866165
796.875000,0.672587859112
802.734375,0.698151834332
808.593750,0.805902414428
814.453125,1.221848048192
820.312500,1.198412856649
826.171875,0.909243724919
832.031250,0.882228241951
837.890625,0.849352655214
843.750000,0.723183712830
849.609375,0.975976318412
855.468750,0.779486234549
861.328125,0.842907251521
867.187500,1.477292012466
873.046875,1.802224863714
878.906250,1.268462945215
884.765625,0.504100534438
890.625000,0.885544937120
896.484375,0.891079939288
902.343750,0.485714177732
908.203125,0.637488682038
914.062500,0.307470689179
919.921875,0.244551873755
925.781250,0.173170454092
931.640625,0.151975487832
937.500000,0.090510137642
943.359375,0.288292800153
949.218750,0.534701829057
955.078125,0.194947418018
960.937500,0.736065809852
966.796875,0.628036666724
972.656250,0.517549166595
978.515625,0.295743200309
984.375000,0.506621906022
990.234375,0.564216891212
996.093750,0.550099044678
1001.953125,0.538109588696
1007.812500,0.614589282431
1013.671875,0.379247687563
1019.531250,0.377898127589
1025.390625,0.087190625075
1031.250000,0.383391566723
1037.109375,0.604134598998
1042.968750,0.454306726162
1048.828125,0.224949395060
1054.687500,0.411692068999
1060.546875,1.075876689471
1066.406250,0.892655668060
1072.265625,0.092358321575
1078.125000,0.560659231242
1083.984375,0.627213008676
1089.843750,0.335084783268
1095.703125,0.264051668810
1101.562500,0.554864468363
1107.421875,0.534114770926
1113.281250,0.098882031376
1119.140625,0.073456430261
1125.000000,0.632482163404
1130.859375,0.781564198485
1136.718750,0.313389222896
1142.578125,0.286638526565
1148.437500,0.100886651506
1154.296875,0.220530722991
1160.156250,0.520175494062
1166.015625,0.348224097232
1171.875000,0.330218454532
1177.734375,0.174506344707
1183.593750,0.545867671714
1189.453125,0.442927171866
1195.312500,0.215141844020
1201.171875,0.447497606821
1207.031250,0.387278881660
1212.890625,0.516073174224
1218.750000,0.474087439511
1224.609375,0.477059415855
1230.468750,0.593042836742
1236.328125,0.472903132960
1242.187500,0.071518170624
1248.046875,0.341318648825
1253.906250,0.201709577290
1259.765625,0.176720674982
1265.625000,0.171415181584
1271.484375,0.820426270977
1277.343750,1.429877192882
1283.203125,1.266025492241
1289.062500,0.396191261003
1294.921875,0.390749002149
1300.781250,0.136036019829
1306.640625,0.168734486606
1312.500000,0.243942629403
1318.359375,0.256660112460
1324.218750,0.014683536088
1330.078125,0.189506020271
1335.937500,0.236499608283
1341.796875,0.244703672492
1347.656250,0.211242022839
1353.515625,0.215256907827
1359.375000,0.197264081222
1365.234375,0.155862265892
1371.093750,0.199469290893
1376.953125,0.086274621335
1382.812500,0.175627850402
1388.671875,0.173101687791
1394.531250,0.061202006417
1400.390625,0.039927772678
1406.250000,0.118116940405
1412.109375,0.198174543942
1417.968750,0.126800581524
1423.828125,0.220299021061
1429.687500,0.212343201694
1435.546875,0.168149482774
1441.406250,0.163600123363
1447.265625,0.046297447098
1453.125000,0.076445000509
1458.984375,0.108353199621
1464.843750,0.080608664758
1470.703125,0.216301462769
1476.562500,0.112356298746
1482.421875,0.202003166681
1488.281250,0.356226768514
1494.140625,0.421465520394
1500.000000,0.320326587440
1505.859375,0.200090766283
1511.718750,0.104507138515
1517.578125,0.136741466036
1523.437500,0.111592364502
1529.296875,0.298130923745
1535.156250,0.336337474473
1541.015625,0.291730332189
1546.875000,0.371250638085
1552.734375,0.449463914122
1558.593750,0.466700126450
1564.453125,0.303805987345
1570.312500,0.373727664885
1576.171875,0.515227879522
1582.031250,0.296256981891
1587.890625,0.229032023722
1593.750000,0.086452168620
1599.609375,0.371332769246
1605.468750,0.454109667123
1611.328125,0.351433265164
1617.187500,0.208939072772
1623.046875,0.335970462172
1628.906250,0.451770868805
1634.765625,0.300372768311
1640.625000,0.113984772322
1646.484375,0.193945842120
1652.343750,0.352491768356
1658.203125,0.320509969573
1664.062500,0.123187730726
1669.921875,0.371445791659
1675.781250,0.458489747065
1681.640625,0.425591361251
1687.500000,0.234659717103
1693.359375,0.341466681514
1699.218750,0.499830502271
1705.078125,0.398595172613
1710.937500,0.198182010983
1716.796875,0.290254658263
1722.656250,0.316265591054
1728.515625,0.260444132987
1734.375000,0.358680712767
1740.234375,0.367363351441
1746.093750,0.153810812574
1751.953125,0.207270955541
1757.812500,0.073000289246
1763.671875,0.191665112047
1769.531250,0.150728704008
1775.390625,0.187640572783
1781.250000,0.273091163450
1787.109375,0.474773007655
1792.968750,0.527827113295
1798.828125,0.312900485469
1804.687500,0.351790474370
1810.546875,0.292702648932
1816.406250,0.481339461450
1822.265625,0.345082873217
1828.125000,0.494217285419
1833.984375,0.455272384143
1839.843750,0.397189927126
1845.703125,0.689986870437
1851.562500,0.477003026857
1857.421875,0.012419867434
1863.281250,0.069806965892
1869.140625,0.306583400151
1875.000000,0.278260450702
1880.859375,0.289722290424
1886.718750,0.252600380350
1892.578125,0.219804558455
1898.437500,0.098403263506
1904.296875,0.257966984641
1910.156250,0.250189184852
1916.015625,0.117788710618
1921.875000,0.185451577448
1927.734375,0.244159471875
1933.593750,0.313496287448
1939.453125,0.366979385622
1945.312500,0.259637670380
1951.171875,0.134129364454
1957.031250,0.147536566683
1962.890625,0.124235974015
1968.750000,0.277749752475
1974.609375,0.263215012379
1980.468750,0.118954346260
1986.328125,0.225120224705
1992.187500,0.239099134241
1998.046875,0.181349623864
2003.906250,0.199855328762
2009.765625,0.218264378732
2015.625000,0.325713595152
2021.484375,0.312087651191
2027.343750,0.348896575649
2033.203125,0.308775117214
2039.062500,0.179710989307
2044.921875,0.103439181269
2050.781250,0.283583177195
2056.640625,0.402763656461
2062.500000,0.170775653861
2068.359375,0.146036100709
2074.218750,0.064930098269
2080.078125,0.073954198804
2085.937500,0.073594140576
2091.796875,0.174872997483
2097.656250,0.211392109015
2103.515625,0.211246969820
2109.375000,0.161909170693
2115.234375,0.126425427339
2121.093750,0.109348416632
2126.953125,0.045182384434
2132.812500,0.061911044085
2138.671875,0.289201938577
2144.531250,0.239328647554
2150.390625,0.024005118814
2156.250000,0.023772669412
2162.109375,0.295217336195
2167.968750,0.358793032372
2173.828125,0.114714519710
2179.687500,0.209842060110
2185.546875,0.191946172030
2191.406250,0.153074158798
2197.265625,0.122953097935
2203.125000,0.130428658007
2208.984375,0.032576945657
2214.843750,0.195055598633
2220.703125,0.149063046741
2226.562500,0.148212277260
2232.421875,0.180406500722
2238.281250,0.122209426359
2244.140625,0.070697245754
2250.000000,0.092407873275
2255.859375,0.027892778102
2261.718750,0.102412282886
2267.578125,0.082112479817
2273.437500,0.263208964827
2279.296875,0.192514077655
2285.156250,0.205260327160
2291.015625,0.190680061890
2296.875000,0.005821852961
2302.734375,0.106996467947
2308.593750,0.034138874965
2314.453125,0.213367103256
2320.312500,0.092904319402
2326.171875,0.032089425818
2332.031250,0.048350389750
2337.890625,0.128074433628
2343.750000,0.029754619038
2349.609375,0.057231589313
2355.468750,0.130110376351
2361.328125,0.236303471400
2367.187500,0.226069112907
2373.046875,0.141457241154
2378.906250,0.098095154040
2384.765625,0.209450409844
2390.625000,0.148873047204
2396.484375,0.045726119441
2402.343750,0.034177105341
2408.203125,0.096430957693
2414.062500,0.161628753769
2419.921875,0.152455908976
2425.781250,0.021177561799
2431.640625,0.021811922666
2437.500000,0.112854109527
2443.359375,0.178571760920
2449.218750,0.129286203489
2455.078125,0.249379224891
2460.937500,0.187139273391
2466.796875,0.216813183794
2472.656250,0.246739899307
2478.515625,0.116107528285
2484.375000,0.124135232100
2490.234375,0.245718928065
2496.093750,0.212084191364
2501.953125,0.040723847214
2507.812500,0.025401274603
2513.671875,0.101015994326
2519.531250,0.198751864849
2525.390625,0.307145798597
2531.250000,0.177074414787
2537.109375,0.097488609586
2542.968750,0.103987255391
2548.828125,0.087848806568
2554.687500,0.056919830018
2560.546875,0.080154082550
2566.406250,0.175892827140
2572.265625,0.135088923469
2578.125000,0.088962591316
2583.984375,0.102635534362
2589.843750,0.220317524657
2595.703125,0.095463383788
2601.562500,0.166001026382
2607.421875,0.167253627922
2613.281250,0.125041051921
2619.140625,0.182830318127
2625.000000,0.189413543173
2630.859375,0.178696016893
2636.718750,0.157876416217
2642.578125,0.105588909067
2648.437500,0.069388555721
2654.296875,0.026692827835
2660.156250,0.110760802630
2666.015625,0.145826594758
2671.875000,0.132393509502
2677.734375,0.139173681330
2683.593750,0.061444194148
2689.453125,0.056771143340
2695.312500,0.144169553324
2701.171875,0.113048059515
2707.031250,0.042709094860
2712.890625,0.044854036759
2718.750000,0.100074522559
2724.609375,0.158587873790
2730.468750,0.165607790574
2736.328125,0.061219459984
2742.187500,0.071145970890
2748.046875,0.144208278699
2753.906250,0.197426425320
2759.765625,0.175124658254
2765.625000,0.084037611303
2771.484375,0.046499871648
2777.343750,0.049423746758
2783.203125,0.053566933095
2789.062500,0.015507737347
2794.921875,0.080155444907
2800.781250,0.094552365447
2806.640625,0.022684380290
2812.500000,0.091188299434
2818.359375,0.146299485950
2824.218750,0.156253319522
2830.078125,0.127682466877
2835.937500,0.067701144569
2841.796875,0.024329856669
2847.656250,0.025805458747
2853.515625,0.092098313202
2859.375000,0.078716515858
2865.234375,0.129219587705
2871.093750,0.147051956842
2876.953125,0.048835842213
2882.812500,0.081098598336
2888.671875,0.069626209011
2894.531250,0.018813959111
2900.390625,0.063979988434
2906.250000,0.131065569285
2912.109375,0.114167395387
2917.968750,0.035810387370
2923.828125,0.138277146652
2929.687500,0.201185898920
2935.546875,0.100955180995
2941.406250,0.007569581274
2947.265625,0.065900131728
2953.125000,0.143368416972
2958.984375,0.099282753685
2964.843750,0.032963556300
2970.703125,0.039666707128
2976.562500,0.079490163700
2982.421875,0.123180534128
2988.281250,0.101739144496
2994.140625,0.028718838314
3000.000000,0.139011629476
3005.859375,0.203619971479
3011.718750,0.151586284419
3017.578125,0.073685748028
3023.437500,0.032222867181
3029.296875,0.100477364457
3035.156250,0.096807778072
3041.015625,0.097947759999
3046.875000,0.037947977212
3052.734375,0.067738778474
3058.593750,0.026878479558
3064.453125,0.023703213967
3070.312500,0.020031079123
3076.171875,0.041956053515
3082.031250,0.082259454112
3087.890625,0.066085473740
3093.750000,0.040022425926
3099.609375,0.029840736764
3105.468750,0.119613812542
3111.328125,0.149393170261
3117.187500,0.080790871131
3123.046875,0.128858061408
3128.906250,0.112938087351
3134.765625,0.055500438537
3140.625000,0.053309074820
3146.484375,0.039603289917
3152.343750,0.030680274167
3158.203125,0.055027701133
3164.062500,0.047588999741
3169.921875,0.089052126137
3175.781250,0.049807409379
3181.640625,0.136489490845
3187.500000,0.121203509541
3193.359375,0.076860090775
3199.218750,0.037616884962
3205.078125,0.011330685636
3210.937500,0.027115628633
3216.796875,0.075319141342
3222.656250,0.060901130191
3228.515625,0.073697874137
3234.375000,0.049104329780
3240.234375,0.038945772261
3246.093750,0.065590676586
3251.953125,0.033232468634
3257.812500,0.074208082023
3263.671875,0.084411367138
3269.531250,0.075646639021
3275.390625,0.042264167315
3281.250000,0.034117676944
3287.109375,0.020693031596
3292.968750,0.046986561265
3298.828125,0.046021389361
3304.687500,0.046398786715
3310.546875,0.025953367197
3316.406250,0.092304490728
3322.265625,0.066838998278
3328.125000,0.063226442756
3333.984375,0.054959562979
3339.843750,0.057521005941
3345.703125,0.019219287787
3351.562500,0.034908110120
3357.421875,0.025520935133
3363.281250,0.034218151703
3369.140625,0.076976031837
3375.000000,0.081938225940
3380.859375,0.053530782674
3386.718750,0.048052506934
3392.578125,0.022120335584
3398.437500,0.013079976466
3404.296875,0.037147838594
3410.156250,0.040463067735
3416.015625,0.015791967848
3421.875000,0.069720387109
3427.734375,0.074618944640
3433.593750,0.056645253640
3439.453125,0.032867562504
3445.312500,0.019373843825
3451.171875,0.050583309228
3457.031250,0.060892120414
3462.890625,0.036876890356
3468.750000,0.081664440638
3474.609375,0.125231381585
3480.468750,0.124195305466
3486.328125,0.072580853129
3492.187500,0.061769610040
3498.046875,0.029503739010
3503.906250,0.055260063827
3509.765625,0.132816478692
3515.625000,0.071511794589
3521.484375,0.024436217758
3527.343750,0.077092496279
3533.203125,0.039137579704
3539.062500,0.030050993417
3544.921875,0.061613831515
3550.781250,0.067929578825
3556.640625,0.055869869890
3562.500000,0.015042992477
3568.359375,0.077364895727
3574.218750,0.117418210484
3580.078125,0.102561721620
3585.937500,0.059613350219
3591.796875,0.075321145571
3597.656250,0.005680733397
3603.515625,0.099789094085
3609.375000,0.129048628576
3615.234375,0.076952887970
3621.093750,0.102214576014
3626.953125,0.046149967082
3632.812500,0.023693400445
3638.671875,0.068327856120
3644.531250,0.087203646462
3650.390625,0.090254875688
3656.250000,0.044762286085
3662.109375,0.053390722196
3667.968750,0.086200990108
3673.828125,0.126966039798
3679.687500,0.138073237042
3685.546875,0.111619461886
3691.406250,0.111875591162
3697.265625,0.062549640472
3703.125000,0.047686332110
3708.984375,0.077885265513
3714.843750,0.017823885456
3720.703125,0.128536947256
3726.562500,0.099196563597
3732.421875,0.079189019489
3738.281250,0.063369163234
3744.140625,0.017747129106
3750.000000,0.050900497891
3755.859375,0.026336284552
3761.718750,0.050363486587
3767.578125,0.081126038147
3773.437500,0.071002975952
3779.296875,0.090170350221
3785.156250,0.031600935443
3791.015625,0.127671486008
3796.875000,0.101918505792
3802.734375,0.011618119644
3808.593750,0.090366511609
3814.453125,0.067862030713
3820.312500,0.035039191252
3826.171875,0.098078867117
3832.031250,0.140590999642
3837.890625,0.040438557585
3843.750000,0.175599091861
3849.609375,0.166668112619
3855.468750,0.078364881961
3861.328125,0.084814899953
3867.187500,0.095503325262
3873.046875,0.070055112660
3878.906250,0.040304193059
3884.765625,0.079512323674
3890.625000,0.108574507959
3896.484375,0.041263153467
3902.343750,0.032689081842
3908.203125,0.025190548196
3914.062500,0.058228478542
3919.921875,0.086261400826
3925.781250,0.028567674241
3931.640625,0.024806213381
3937.500000,0.051813165784
3943.359375,0.026822510624
3949.218750,0.136700647295
3955.078125,0.182102827227
3960.937500,0.135398542577
3966.796875,0.051417838111
3972.656250,0.030960907153
3978.515625,0.034328203488
3984.375000,0.095717112872
3990.234375,0.084029962591
3996.093750,0.038692598023
4001.953125,0.072366400560
4007.812500,0.108742979595
4013.671875,0.067411992245
4019.531250,0.054961559355
4025.390625,0.122259799406
4031.250000,0.117786104219
4037.109375,0.062754944100
4042.968750,0.054798307294
4048.828125,0.087052973343
4054.687500,0.106034331297
4060.546875,0.071468810715
4066.406250,0.036441095359
4072.265625,0.068741470680
4078.125000,0.099606615864
4083.984375,0.122187900674
4089.843750,0.080657973092
4095.703125,0.044667697539
4101.562500,0.029901369783
4107.421875,0.051462823216
4113.281250,0.054118024194
4119.140625,0.061700462597
4125.000000,0.057841133611
4130.859375,0.084311053932
4136.718750,0.034676927043
4142.578125,0.016481152325
4148.437500,0.026573642517
4154.296875,0.078331185883
4160.156250,0.121511080236
4166.015625,0.133537173035
4171.875000,0.101043780910
4177.734375,0.070689824561
4183.593750,0.054706489081
4189.453125,0.049847170212
4195.312500,0.054765842301
4201.171875,0.097218934021
4207.031250,0.114670931157
4212.890625,0.122644930506
4218.750000,0.104375854254
4224.609375,0.053515028192
4230.468750,0.057366192884
4236.328125,0.092425904543
4242.187500,0.081107552085
4248.046875,0.063159489503
4253.906250,0.049198231163
4259.765625,0.036115253317
4265.625000,0.013706576220
4271.484375,0.041766466626
4277.343750,0.088259870586
4283.203125,0.064040987745
4289.062500,0.088322831208
4294.921875,0.087203040914
4300.781250,0.035734125847
4306.640625,0.040638490618
4312.500000,0.083683067279
4318.359375,0.077235913539
4324.218750,0.017750049457
4330.078125,0.098476288913
4335.937500,0.078959495687
4341.796875,0.035228237637
4347.656250,0.037672009133
4353.515625,0.070622167807
4359.375000,0.057751220794
4365.234375,0.068156486596
4371.093750,0.054687701937
4376.953125,0.042645555061
4382.812500,0.094665448323
4388.671875,0.098651143763
4394.531250,0.059107769632
4400.390625,0.003240406598
4406.250000,0.049695710679
4412.109375,0.030404061887
4417.968750,0.042425787507
4423.828125,0.049616030579
4429.687500,0.038944447839
4435.546875,0.028969632149
4441.406250,0.040533480103
4447.265625,0.084442246872
4453.125000,0.079613514602
4458.984375,0.053525110606
4464.843750,0.054816907616
4470.703125,0.019926514954
4476.562500,0.022311838264
4482.421875,0.026020485175
4488.281250,0.013806506240
4494.140625,0.037650821894
4500.000000,0.050875877346
4505.859375,0.058269140008
4511.718750,0.040566959658
4517.578125,0.028381509139
4523.437500,0.049416544311
4529.296875,0.078634793872
4535.156250,0.122409579259
4541.015625,0.100976259573
4546.875000,0.026896761722
4552.734375,0.063547678624
4558.593750,0.061887420176
4564.453125,0.037354134862
4570.312500,0.023627175363
4576.171875,0.023771176459
4582.031250,0.033343447251
4587.890625,0.029460736745
4593.750000,0.037435937862
4599.609375,0.080239644549
4605.468750,0.081263915154
4611.328125,0.066208511035
4617.187500,0.078603875599
4623.046875,0.116019833623
4628.906250,0.073716367588
4634.765625,0.015752116995
4640.625000,0.064644370327
4646.484375,0.020184474714
4652.343750,0.048428222143
4658.203125,0.042243669787
4664.062500,0.027716025139
4669.921875,0.006888008989
4675.781250,0.055396368765
4681.640625,0.020660845119
4687.500000,0.022094038611
4693.359375,0.083340540227
4699.218750,0.099877733997
4705.078125,0.105438206877
4710.937500,0.106287193245
4716.796875,0.080917061144
4722.656250,0.044516175240
4728.515625,0.010887418881
4734.375000,0.055224272579
4740.234375,0.049371184318
4746.093750,0.009859602747
4751.953125,0.065143751610
4757.812500,0.110068195086
4763.671875,0.070827964871
4769.531250,0.040368387425
4775.390625,0.034787130017
4781.250000,0.037733405685
4787.109375,0.019574069171
4792.968750,0.010232407744
4798.828125,0.043310822226
4804.687500,0.020436722958
4810.546875,0.015666308968
4816.406250,0.003352910215
4822.265625,0.029170902651
4828.125000,0.005658760631
4833.984375,0.053243501411
4839.843750,0.036089570866
4845.703125,0.013617425372
4851.562500,0.009504001510
4857.421875,0.021459044132
4863.281250,0.031744503490
4869.140625,0.019848482943
4875.000000,0.058399096761
4880.859375,0.051221566107
4886.718750,0.038575769179
4892.578125,0.019441739969
4898.437500,0.053234169241
4904.296875,0.005793409295
4910.156250,0.046467203506
4916.015625,0.020560709307
4921.875000,0.050209646290
4927.734375,0.040382960637
4933.593750,0.018954250410
4939.453125,0.025303613656
4945.312500,0.005648456623
4951.171875,0.020055957502
4957.031250,0.048149822166
4962.890625,0.036868793981
4968.750000,0.004625668555
4974.609375,0.018101360718
4980.468750,0.023855355395
4986.328125,0.023390678688
4992.187500,0.017216756128
4998.046875,0.016988825352
5003.906250,0.011145135667
5009.765625,0.042812173728
5015.625000,0.028583456107
5021.484375,0.033666785874
5027.343750,0.032015933415
5033.203125,0.015749471213
5039.062500,0.007604003312
5044.921875,0.024879508142
5050.781250,0.033977908739
5056.640625,0.018192492714
5062.500000,0.011803698488
5068.359375,0.024928143345
5074.218750,0.026694149078
5080.078125,0.027080678999
5085.937500,0.019887427555
5091.796875,0.034843675712
5097.656250,0.030720010044
5103.515625,0.010004430637
5109.375000,0.012242619006
5115.234375,0.023610936466
5121.093750,0.017926089475
5126.953125,0.003466313585
5132.812500,0.017206361209
5138.671875,0.028485145819
5144.531250,0.028711676481
5150.390625,0.012861890617
5156.250000,0.020376272404
5162.109375,0.035232526628
5167.968750,0.021651562884
5173.828125,0.026079074457
5179.687500,0.045921130461
5185.546875,0.043553435910
5191.406250,0.027362771176
5197.265625,0.030884811732
5203.125000,0.032754534768
5208.984375,0.013553992459
5214.843750,0.024663316566
5220.703125,0.024189729102
5226.562500,0.003012718549
5232.421875,0.023178252495
5238.281250,0.040216545164
5244.140625,0.058970033739
5250.000000,0.046015174522
5255.859375,0.019455467494
5261.718750,0.023172347994
5267.578125,0.013338363868
5273.437500,0.015515655968
5279.296875,0.005881389499
5285.156250,0.025436288619
5291.015625,0.041781136259
5296.875000,0.030329983206
5302.734375,0.005343890440
5308.593750,0.003742841935
5314.453125,0.028637744158
5320.312500,0.038212279681
5326.171875,0.019419213428
5332.031250,0.019226963785
5337.890625,0.036580628339
5343.750000,0.032098718939
5349.609375,0.020512727134
5355.468750,0.018348198928
5361.328125,0.013431686586
5367.187500,0.033035548691
5373.046875,0.045200069599
5378.906250,0.031420438928
5384.765625,0.015687700303
5390.625000,0.021806095023
5396.484375,0.009483179855
5402.343750,0.023159403417
5408.203125,0.014666974263
5414.062500,0.026425729428
5419.921875,0.045315311662
5425.781250,0.028561084400
5431.640625,0.018215276302
5437.500000,0.019375723303
5443.359375,0.033750456353
5449.218750,0.014116991723
5455.078125,0.020951380345
5460.937500,0.035562913266
5466.796875,0.026663431888
5472.656250,0.021805510645
5478.515625,0.058052389265
5484.375000,0.036231432068
5490.234375,0.026230853542
5496.093750,0.041406054432
5501.953125,0.016492055781
5507.812500,0.023338804093
5513.671875,0.021067455227
5519.531250,0.027952540862
5525.390625,0.020841007588
5531.250000,0.008983045728
5537.109375,0.051167545747
5542.968750,0.045342947703
5548.828125,0.008935772526
5554.687500,0.023924058827
5560.546875,0.002999318005
5566.406250,0.019528623938
5572.265625,0.021688529322
5578.125000,0.016987898928
5583.984375,0.015058228814
5589.843750,0.013789669820
5595.703125,0.002769702696
5601.562500,0.020917484717
5607.421875,0.026799233743
5613.281250,0.033202004967
5619.140625,0.036506493706
5625.000000,0.024080688530
5630.859375,0.011866967984
5636.718750,0.014123034239
5642.578125,0.009800510666
5648.437500,0.024369860069
5654.296875,0.012206811172
5660.156250,0.023388700786
5666.015625,0.020363669247
5671.875000,0.031521624196
5677.734375,0.067189025346
5683.593750,0.049150324484
5689.453125,0.012052134640
5695.312500,0.030541200587
5701.171875,0.004442799051
5707.031250,0.022235087630
5712.890625,0.020521676893
5718.750000,0.048711465584
5724.609375,0.059621423558
5730.468750,0.031474437564
5736.328125,0.016702422858
5742.187500,0.012074458488
5748.046875,0.021272933119
5753.906250,0.015683912701
5759.765625,0.010510409313
5765.625000,0.034878560503
5771.484375,0.017587551148
5777.343750,0.045284045819
5783.203125,0.044417651271
5789.062500,0.052126658705
5794.921875,0.021008294499
5800.781250,0.046895965093
5806.640625,0.047742954974
5812.500000,0.045461646612
5818.359375,0.050010935159
5824.218750,0.023864534653
5830.078125,0.034211602365
5835.937500,0.031325808059
5841.796875,0.038063422968
5847.656250,0.039315039693
5853.515625,0.028964836996
5859.375000,0.016411343366
5865.234375,0.004231360252
5871.093750,0.013690743179
5876.953125,0.036372745838
5882.812500,0.035647012447
5888.671875,0.015236032578
5894.531250,0.016347140051
5900.390625,0.025786731575
5906.250000,0.010811253832
5912.109375,0.029788556716
5917.968750,0.017749429268
5923.828125,0.031455714256
5929.687500,0.027097929124
5935.546875,0.044226714841
5941.406250,0.030375401669
5947.265625,0.033334693156
5953.125000,0.016778954411
5958.984375,0.015868639258
5964.843750,0.043541091993
5970.703125,0.044325531520
5976.562500,0.027713622772
5982.421875,0.027252198561
5988.281250,0.040129477411
5994.140625,0.049206177138
6000.000000,0.033180491127
6005.859375,0.015385250893
6011.718750,0.034154687340
6017.578125,0.037621406502
6023.437500,0.031592672672
6029.296875,0.030822756451
6035.156250,0.030741307915
6041.015625,0.043813911845
6046.875000,0.036854238044
6052.734375,0.014904401424
6058.593750,0.009005798083
6064.453125,0.031464088058
6070.312500,0.048456440960
6076.171875,0.024937309314
6082.031250,0.039338803700
6087.890625,0.009101386850
6093.750000,0.020617796811
6099.609375,0.008959503757
6105.468750,0.019836137316
6111.328125,0.024576883648
6117.187500,0.018473166392
6123.046875,0.014596359275
6128.906250,0.016209928084
6134.765625,0.026271471203
6140.625000,0.046845516429
6146.484375,0.055643523916
6152.343750,0.032590904607
6158.203125,0.021706398547
6164.062500,0.044301360338
6169.921875,0.029461582996
6175.781250,0.032831990353
6181.640625,0.031707548333
6187.500000,0.033178742623
6193.359375,0.034587948778
6199.218750,0.024566427308
6205.078125,0.016017186672
6210.937500,0.015802951998
6216.796875,0.026544599181
6222.656250,0.035673685836
6228.515625,0.005925600584
6234.375000,0.017837750512
6240.234375,0.014209495729
6246.093750,0.013228389190
6251.953125,0.034803331986
6257.812500,0.019983811632
6263.671875,0.003831196024
6269.531250,0.010795954106
6275.390625,0.013534350123
6281.250000,0.021692762866
6287.109375,0.022930957730
6292.968750,0.022493862100
6298.828125,0.020573612706
6304.687500,0.027605274601
6310.546875,0.042357719983
6316.406250,0.037480761459
6322.265625,0.012565440396
6328.125000,0.033642440170
6333.984375,0.040849258570
6339.843750,0.040310660411
6345.703125,0.025272494943
6351.562500,0.025969352696
6357.421875,0.034804884204
6363.281250,0.041354229474
6369.140625,0.018042613107
6375.000000,0.016700213466
6380.859375,0.023060404074
6386.718750,0.021844643470
6392.578125,0.043491294941
6398.437500,0.046007979985
6404.296875,0.032900437333
6410.156250,0.009867306835
6416.015625,0.024135153133
6421.875000,0.025014508639
6427.734375,0.025703405897
6433.593750,0.022949368966
6439.453125,0.027703934890
6445.312500,0.025861146092
6451.171875,0.019768199611
6457.031250,0.013270426255
6462.890625,0.034521821959
6468.750000,0.026440969126
6474.609375,0.016003861182
6480.468750,0.005571710157
6486.328125,0.006345428380
6492.187500,0.019696224130
6498.046875,0.037867571439
6503.906250,0.032346821074
6509.765625,0.032123469352
6515.625000,0.028539273997
6521.484375,0.008993603554
6527.343750,0.028911921982
6533.203125,0.029526325395
6539.062500,0.029624037947
6544.921875,0.012539162097
6550.781250,0.016196127792
6556.640625,0.029975293671
6562.500000,0.034607894448
6568.359375,0.023196832093
6574.218750,0.010713490477
6580.078125,0.009486730640
6585.937500,0.003907058413
6591.796875,0.023296120508
6597.656250,0.023143374031
6603.515625,0.021429631010
6609.375000,0.001815590322
6615.234375,0.011778962994
6621.093750,0.008569634773
6626.953125,0.023641788265
6632.812500,0.010609433533
6638.671875,0.010437544530
6644.531250,0.015401449971
6650.390625,0.010587484802
6656.250000,0.009821449698
6662.109375,0.011374205653
6667.968750,0.008491407966
6673.828125,0.021729433294
6679.687500,0.010547878224
6685.546875,0.030096810272
6691.406250,0.019538674630
6697.265625,0.016523387570
6703.125000,0.003297560045
6708.984375,0.024690405125
6714.843750,0.026010743974
6720.703125,0.025697175772
6726.562500,0.026245556161
6732.421875,0.025243466757
6738.281250,0.009532088443
6744.140625,0.009208780600
6750.000000,0.006487347206
6755.859375,0.006786588447
6761.718750,0.010259452454
6767.578125,0.024508056436
6773.437500,0.020271258529
6779.296875,0.011128518304
6785.156250,0.003878164112
6791.015625,0.008479148858
6796.875000,0.009520606707
6802.734375,0.013885366335
6808.593750,0.012850930023
6814.453125,0.000220227799
6820.312500,0.016760025922
6826.171875,0.018320488467
6832.031250,0.010027828562
6837.890625,0.009288547066
6843.750000,0.008285603287
6849.609375,0.006203492016
6855.468750,0.009715258196
6861.328125,0.002850140824
6867.187500,0.017124297408
6873.046875,0.021579351835
6878.906250,0.017907040103
6884.765625,0.010417719358
6890.625000,0.010656013408
6896.484375,0.016673430522
6902.343750,0.013360089592
6908.203125,0.009662816576
6914.062500,0.010100265424
6919.921875,0.014178615812
6925.781250,0.008277390135
6931.640625,0.017810912645
6937.500000,0.018884722931
6943.359375,0.004046553116
6949.218750,0.013054227577
6955.078125,0.019185446299
6960.937500,0.020772940398
6966.796875,0.020914541730
6972.656250,0.006947315427
6978.515625,0.002155438529
6984.375000,0.016583678330
6990.234375,0.015833345801
6996.093750,0.008808766011
7001.953125,0.011328025706
7007.812500,0.014184778286
7013.671875,0.007478711710
7019.531250,0.009604363687
7025.390625,0.011216864530
7031.250000,0.011446437478
7037.109375,0.009559794526
7042.968750,0.010077287158
7048.828125,0.005152355463
7054.687500,0.009842099760
7060.546875,0.016374233012
7066.406250,0.017647463906
7072.265625,0.009311539958
7078.125000,0.004854057672
7083.984375,0.004235168284
7089.843750,0.012971766135
7095.703125,0.003490756156
7101.562500,0.013293100974
7107.421875,0.012677616107
7113.281250,0.009833476016
7119.140625,0.010018599543
7125.000000,0.003725244521
7130.859375,0.003866917482
7136.718750,0.005665228839
7142.578125,0.022571589262
7148.437500,0.018803304183
7154.296875,0.004468829729
7160.156250,0.004593743674
7166.015625,0.013329600054
7171.875000,0.019186107482
7177.734375,0.016121201244
7183.593750,0.012451975152
7189.453125,0.008554211121
7195.312500,0.006204786608
7201.171875,0.010502107401
7207.031250,0.020460782756
7212.890625,0.012812872992
7218.750000,0.004297482486
7224.609375,0.012887391354
7230.468750,0.022234623631
7236.328125,0.019808072366
7242.187500,0.016638830164
7248.046875,0.006846865162
7253.906250,0.007741191316
7259.765625,0.003747336575
7265.625000,0.010877024459
7271.484375,0.011844016195
7277.343750,0.007644290535
7283.203125,0.017511452468
7289.062500,0.012964678094
7294.921875,0.004296218127
7300.781250,0.007947364821
7306.640625,0.001050275452
7312.500000,0.010190653604
7318.359375,0.007271604011
7324.218750,0.006664894527
7330.078125,0.018384252157
7335.937500,0.012107582839
7341.796875,0.008294336228
7347.656250,0.011390470378
7353.515625,0.018914962706
7359.375000,0.010510403282
7365.234375,0.004181252001
7371.093750,0.013320768321
7376.953125,0.012416820713
7382.812500,0.010170010566
7388.671875,0.013131579727
7394.531250,0.011146831543
7400.390625,0.018089104155
7406.250000,0.018561565540
7412.109375,0.007912625539
7417.968750,0.018584839603
7423.828125,0.018839193296
7429.687500,0.021140522733
7435.546875,0.013619833841
7441.406250,0.014848146014
7447.265625,0.021807747885
7453.125000,0.017717030366
7458.984375,0.015220028060
7464.843750,0.009720009532
7470.703125,0.012401540003
7476.562500,0.010058171517
7482.421875,0.014796806914
7488.281250,0.011706942945
7494.140625,0.005810820503
7500.000000,0.012490851780
7505.859375,0.017344104682
7511.718750,0.017840090882
7517.578125,0.021983504215
7523.437500,0.021927755580
7529.296875,0.009553813868
7535.156250,0.007639863240
7541.015625,0.022101845893
7546.875000,0.017508602943
7552.734375,0.009732509466
7558.593750,0.006888059370
7564.453125,0.012713537907
7570.312500,0.020870253911
7576.171875,0.011738634672
7582.031250,0.007027127448
7587.890625,0.008599353475
7593.750000,0.005125169104
7599.609375,0.005697553034
7605.468750,0.002211555895
7611.328125,0.011833343129
7617.187500,0.018742501031
7623.046875,0.016306062989
7628.906250,0.010195894923
7634.765625,0.009597148335
7640.625000,0.005174506339
7646.484375,0.004278650825
7652.343750,0.016607458708
7658.203125,0.020562588666
7664.062500,0.022915211906
7669.921875,0.025272282105
7675.781250,0.018253604531
7681.640625,0.021606215951
7687.500000,0.017825168293
7693.359375,0.011180523122
7699.218750,0.018382818271
7705.078125,0.022152473874
7710.937500,0.020007116235
7716.796875,0.015394972319
7722.656250,0.012755504490
7728.515625,0.012299727466
7734.375000,0.015720927152
7740.234375,0.012339349493
7746.093750,0.007459834077
7751.953125,0.002984088317
7757.812500,0.010135620667
7763.671875,0.016699852780
7769.531250,0.012744933064
7775.390625,0.001791333439
7781.250000,0.012877180627
7787.109375,0.009075886112
7792.968750,0.003674999471
7798.828125,0.008759311495
7804.687500,0.023036530878
7810.546875,0.029311927771
7816.406250,0.013655014049
7822.265625,0.016000160265
7828.125000,0.025666560572
7833.984375,0.017038344099
7839.843750,0.013649099424
7845.703125,0.019337731224
7851.562500,0.003349602584
7857.421875,0.034674631501
7863.281250,0.029584352855
7869.140625,0.019163620013
7875.000000,0.013290860199
7880.859375,0.008921139627
7886.718750,0.017222319414
7892.578125,0.016793623403
7898.437500,0.024502637899
7904.296875,0.026360622636
7910.156250,0.019689006714
7916.015625,0.005678491799
7921.875000,0.029323331657
7927.734375,0.031289606081
7933.593750,0.015451434042
7939.453125,0.003879847332
7945.312500,0.014186691013
7951.171875,0.007919603691
7957.031250,0.013134404115
7962.890625,0.010700654977
7968.750000,0.021799496674
7974.609375,0.007670373764
7980.468750,0.018461436700
7986.328125,0.017856151937
7992.187500,0.013928605190
7998.046875,0.016821727613
8003.906250,0.028651122775
8009.765625,0.023368883442
8015.625000,0.006859107206
8021.484375,0.016668216002
8027.343750,0.020678360790
8033.203125,0.006682393460
8039.062500,0.011985354353
8044.921875,0.005459305080
8050.781250,0.022828085705
8056.640625,0.043794474441
8062.500000,0.032193603388
8068.359375,0.019532311014
8074.218750,0.026921524506
8080.078125,0.025399332592
8085.937500,0.019529542016
8091.796875,0.022884921685
8097.656250,0.021548214406
8103.515625,0.003289519248
8109.375000,0.021619843910
8115.234375,0.008894732951
8121.093750,0.015900489580
8126.953125,0.018953131673
8132.812500,0.017802477208
8138.671875,0.008099241900
8144.531250,0.012305696977
8150.390625,0.015428631521
8156.250000,0.023432068805
8162.109375,0.003715347220
8167.968750,0.023548935440
8173.828125,0.025819340892
8179.687500,0.017128369185
8185.546875,0.010092053484
8191.406250,0.008243143133
8197.265625,0.006099442897
8203.125000,0.016855186114
8208.984375,0.016112353274
8214.843750,0.018888368662
8220.703125,0.017045558388
8226.562500,0.020586842834
8232.421875,0.036605685607
8238.281250,0.028360828775
8244.140625,0.011672294657
8250.000000,0.017313167648
8255.859375,0.022926631279
8261.718750,0.022933215405
8267.578125,0.019234643849
8273.437500,0.017121097237
8279.296875,0.007123072570
8285.156250,0.017172598733
8291.015625,0.013954396912
8296.875000,0.004814135368
8302.734375,0.008374189714
8308.593750,0.016779094496
8314.453125,0.026264366283
8320.312500,0.008769148893
8326.171875,0.009795779387
8332.031250,0.014934406859
8337.890625,0.017462708469
8343.750000,0.006517053513
8349.609375,0.011215939038
8355.468750,0.012030970939
8361.328125,0.006813460496
8367.187500,0.023689828604
8373.046875,0.025168550744
8378.906250,0.018667048821
8384.765625,0.021895356868
8390.625000,0.023155251514
8396.484375,0.010486525262
8402.343750,0.005496117532
8408.203125,0.010380574395
8414.062500,0.009728225777
8419.921875,0.031191594773
8425.781250,0.020404011505
8431.640625,0.005905908826
8437.500000,0.017755017273
8443.359375,0.020572540672
8449.218750,0.002889876129
8455.078125,0.014442311649
8460.937500,0.010247994085
8466.796875,0.016012430416
8472.656250,0.016268492096
8478.515625,0.007533879731
8484.375000,0.005880874108
8490.234375,0.009843263786
8496.093750,0.002906368013
8501.953125,0.004182531792
8507.812500,0.003945284523
8513.671875,0.005038658726
8519.531250,0.006293273753
8525.390625,0.014644842189
8531.250000,0.002373701220
8537.109375,0.008652661689
8542.968750,0.005226977062
8548.828125,0.016371221098
8554.687500,0.010562085278
8560.546875,0.002805893594
8566.406250,0.011045074428
8572.265625,0.015623484164
8578.125000,0.010504043908
8583.984375,0.008194588298
8589.843750,0.015151753461
8595.703125,0.010713613052
8601.562500,0.009727734872
8607.421875,0.012676575966
8613.281250,0.003641680278
8619.140625,0.003248443254
8625.000000,0.006331849092
8630.859375,0.010352483014
8636.718750,0.007202306264
8642.578125,0.016313311032
8648.437500,0.010596740484
8654.296875,0.003446421531
8660.156250,0.003481360358
8666.015625,0.015038089460
8671.875000,0.023211229229
8677.734375,0.026706447877
8683.593750,0.010307747306
8689.453125,0.014373623782
8695.312500,0.017400760505
8701.171875,0.001047132745
8707.031250,0.017997704580
8712.890625,0.017353654713
8718.750000,0.015309027349
8724.609375,0.015114601466
8730.468750,0.009144860281
8736.328125,0.013298231380
8742.187500,0.008086014052
8748.046875,0.023027075421
8753.906250,0.020558522225
8759.765625,0.002859011025
8765.625000,0.006565875272
8771.484375,0.010155718299
8777.343750,0.003104911003
8783.203125,0.008044038666
8789.062500,0.016974355188
8794.921875,0.022480921449
8800.781250,0.015093218679
8806.640625,0.008791848689
8812.500000,0.005087386028
8818.359375,0.003428002321
8824.218750,0.012301021693
8830.078125,0.012847935590
8835.937500,0.011864827599
8841.796875,0.019481122760
8847.656250,0.012336717488
8853.515625,0.006458391892
8859.375000,0.017456166203
8865.234375,0.010683029753
8871.093750,0.007528792268
8876.953125,0.012098385605
8882.812500,0.001849011769
8888.671875,0.008845240385
8894.531250,0.007350397484
8900.390625,0.015757504954
8906.250000,0.005524544339
8912.109375,0.000211668445
8917.968750,0.008403634903
8923.828125,0.020791627737
8929.687500,0.013101025102
8935.546875,0.003841514403
8941.406250,0.000577717514
8947.265625,0.004664376353
8953.125000,0.004814297951
8958.984375,0.018832278311
8964.843750,0.020351316174
8970.703125,0.013986123498
8976.562500,0.016515764954
8982.421875,0.010098188937
8988.281250,0.008210105941
8994.140625,0.008363055827
9000.000000,0.008894587622
9005.859375,0.007316577209
9011.718750,0.021510005167
9017.578125,0.015099098018
9023.437500,0.004916907318
9029.296875,0.012834505685
9035.156250,0.015283536559
9041.015625,0.013356087744
9046.875000,0.009200799107
9052.734375,0.005346586704
9058.593750,0.010175115153
9064.453125,0.010077106303
9070.312500,0.021061561309
9076.171875,0.013001893038
9082.031250,0.011205194375
9087.890625,0.005150817551
9093.750000,0.003806069855
9099.609375,0.003165284718
9105.468750,0.009200345905
9111.328125,0.013503784057
9117.187500,0.004588007706
9123.046875,0.010149770068
9128.906250,0.011052211903
9134.765625,0.009094420179
9140.625000,0.003279421895
9146.484375,0.006576512573
9152.343750,0.000724455157
9158.203125,0.005994531817
9164.062500,0.005537053867
9169.921875,0.006867424541
9175.781250,0.012460699931
9181.640625,0.005556236149
9187.500000,0.008111766370
9193.359375,0.008059041253
9199.218750,0.007395061727
9205.078125,0.012798357258
9210.937500,0.009134132045
9216.796875,0.009734869475
9222.656250,0.010828476990
9228.515625,0.010375237522
9234.375000,0.017132699683
9240.234375,0.011805405845
9246.093750,0.006182084901
9251.953125,0.016324678238
9257.812500,0.018029899256
9263.671875,0.017101317356
9269.531250,0.023200408152
9275.390625,0.025900752542
9281.250000,0.013197914520
9287.109375,0.003784888341
9292.968750,0.009017343290
9298.828125,0.009361769912
9304.687500,0.017673940431
9310.546875,0.019851520111
9316.406250,0.016467479614
9322.265625,0.022026563782
9328.125000,0.017138672604
9333.984375,0.022552392313
9339.843750,0.014186237278
9345.703125,0.003313425241
9351.562500,0.018974052668
9357.421875,0.024962373814
9363.281250,0.009921185842
9369.140625,0.009978418240
9375.000000,0.001820663934
9380.859375,0.012327450683
9386.718750,0.015608682787
9392.578125,0.012325660865
9398.437500,0.007544579108
9404.296875,0.013419278833
9410.156250,0.016815642889
9416.015625,0.009576073566
9421.875000,0.013918863842
9427.734375,0.018903463045
9433.593750,0.011797744162
9439.453125,0.012232200591
9445.312500,0.011679855828
9451.171875,0.001428642619
9457.031250,0.010969305504
9462.890625,0.011154809463
9468.750000,0.004611715702
9474.609375,0.007103362794
9480.468750,0.011462136485
9486.328125,0.007847223965
9492.187500,0.005354668279
9498.046875,0.027228682995
9503.906250,0.023007054273
9509.765625,0.015265806741
9515.625000,0.008799059284
9521.484375,0.006923470202
9527.343750,0.018164414660
9533.203125,0.012969774461
9539.062500,0.003138170774
9544.921875,0.008789901111
9550.781250,0.013461727209
9556.640625,0.018815660406
9562.500000,0.012717534202
9568.359375,0.001419890344
9574.218750,0.003453111572
9580.078125,0.011115111983
9585.937500,0.013439050267
9591.796875,0.009101318429
9597.656250,0.011570041856
9603.515625,0.016793029714
9609.375000,0.016444204601
9615.234375,0.017406962442
9621.093750,0.022862997973
9626.953125,0.014506477019
9632.812500,0.002057111014
9638.671875,0.003357603454
9644.531250,0.013714328415
9650.390625,0.025850218987
9656.250000,0.015369267029
9662.109375,0.020235656512
9667.968750,0.012040141619
9673.828125,0.013357415247
9679.687500,0.016995601171
9685.546875,0.003517040791
9691.406250,0.017000608708
9697.265625,0.019806840296
9703.125000,0.015704068202
9708.984375,0.006527491525
9714.843750,0.008761612058
9720.703125,0.017115699681
9726.562500,0.016757206476
9732.421875,0.010939352746
9738.281250,0.011931414858
9744.140625,0.005338180142
9750.000000,0.018540609609
9755.859375,0.020794761461
9761.718750,0.011731329376
9767.578125,0.025727403813
9773.437500,0.024083015783
9779.296875,0.010507970576
9785.156250,0.006343883947
9791.015625,0.020002478043
9796.875000,0.004041935898
9802.734375,0.030959669054
9808.593750,0.034965035848
9814.453125,0.016118865624
9820.312500,0.010886034621
9826.171875,0.012541085097
9832.031250,0.019261706332
9837.890625,0.016754942342
9843.750000,0.003864763916
9849.609375,0.015038967861
9855.468750,0.019271513945
9861.328125,0.028223787794
9867.187500,0.033098356150
9873.046875,0.018471644202
9878.906250,0.011797804553
9884.765625,0.009764967942
9890.625000,0.009221906051
9896.484375,0.008595475628
9902.343750,0.018775688488
9908.203125,0.021890950954
9914.062500,0.009553989309
9919.921875,0.005481806953
9925.781250,0.003015107663
9931.640625,0.004557876201
9937.500000,0.015621866934
9943.359375,0.016440685569
9949.218750,0.015958877716
9955.078125,0.013980346130
9960.937500,0.005073809973
9966.796875,0.026466079162
9972.656250,0.018667973366
9978.515625,0.002707442480
9984.375000,0.006639022878
9990.234375,0.004238189748
9996.093750,0.003888487830
10001.953125,0.018443677619
10007.812500,0.021074649874
10013.671875,0.017276966648
10019.531250,0.008429209722
10025.390625,0.013371285485
10031.250000,0.020439923174
10037.109375,0.025135164671
10042.968750,0.009699706776
10048.828125,0.013934599104
10054.687500,0.022115726305
10060.546875,0.010899000156
10066.406250,0.006403402678
10072.265625,0.013052909073
10078.125000,0.016149765885
10083.984375,0.015075091435
10089.843750,0.014504208039
10095.703125,0.018709646335
10101.562500,0.026762360989
10107.421875,0.020822260797
10113.281250,0.033056155767
10119.140625,0.026547918994
10125.000000,0.023392045547
10130.859375,0.005079850092
10136.718750,0.026655572135
10142.578125,0.014322934535
10148.437500,0.007678231723
10154.296875,0.010869589200
10160.156250,0.010340726123
10166.015625,0.022448100197
10171.875000,0.014156381443
10177.734375,0.015316652422
10183.593750,0.015881157075
10189.453125,0.021326850523
10195.312500,0.025503001808
10201.171875,0.019354344999
10207.031250,0.014524861761
10212.890625,0.022056196363
10218.750000,0.010350302591
10224.609375,0.043467792843
10230.468750,0.032183268252
10236.328125,0.014844696725
10242.187500,0.013904924711
10248.046875,0.025568964149
10253.906250,0.024006285621
10259.765625,0.022736201590
10265.625000,0.028515493825
10271.484375,0.007255421679
10277.343750,0.009014109311
10283.203125,0.022288093898
10289.062500,0.027262810303
10294.921875,0.005782594406
10300.781250,0.017877383758
10306.640625,0.024439554022
10312.500000,0.027246602017
10318.359375,0.032167262337
10324.218750,0.015836568215
10330.078125,0.028918276562
10335.937500,0.019585544750
10341.796875,0.020803739599
10347.656250,0.023338961179
10353.515625,0.027922641978
10359.375000,0.020895891535
10365.234375,0.021187896066
10371.093750,0.015142015534
10376.953125,0.016632090336
10382.812500,0.040309622740
10388.671875,0.026841072856
10394.531250,0.018676477482
10400.390625,0.038422816904
10406.250000,0.031212725349
10412.109375,0.025987135228
10417.968750,0.028009200546
10423.828125,0.013220362624
10429.687500,0.012995682880
10435.546875,0.009641840735
10441.406250,0.011931414270
10447.265625,0.010799374022
10453.125000,0.014258075775
10458.984375,0.010450707638
10464.843750,0.024380309135
10470.703125,0.040195750078
10476.562500,0.014018839282
10482.421875,0.011509174965
10488.281250,0.011910685481
10494.140625,0.004628419088
10500.000000,0.010494110620
10505.859375,0.012040927023
10511.718750,0.025738859874
10517.578125,0.024117672148
10523.437500,0.020061771276
10529.296875,0.017106634330
10535.156250,0.013097259014
10541.015625,0.015599635289
10546.875000,0.017045352204
10552.734375,0.015468673725
10558.593750,0.008551764165
10564.453125,0.015710431619
10570.312500,0.000743082787
10576.171875,0.005027088484
10582.031250,0.005798957637
10587.890625,0.008083335847
10593.750000,0.019778134706
10599.609375,0.028619170747
10605.468750,0.014111270772
10611.328125,0.014639573181
10617.187500,0.031735231539
10623.046875,0.013913289673
10628.906250,0.023576213965
10634.765625,0.027418595769
10640.625000,0.012925143236
10646.484375,0.015634256501
10652.343750,0.011231877629
10658.203125,0.004015554299
10664.062500,0.011022342473
10669.921875,0.009817643145
10675.781250,0.011257221977
10681.640625,0.025462204388
10687.500000,0.001307719292
10693.359375,0.031206984241
10699.218750,0.022500966989
10705.078125,0.025760275650
10710.937500,0.020535523692
10716.796875,0.023751272245
10722.656250,0.040688584095
10728.515625,0.021126654318
10734.375000,0.019303537468
10740.234375,0.032287828290
10746.093750,0.031526307511
10751.953125,0.012796004571
10757.812500,0.013209189963
10763.671875,0.037624725912
10769.531250,0.031463232523
10775.390625,0.024067431089
10781.250000,0.029551720228
10787.109375,0.031390645983
10792.968750,0.030034674556
10798.828125,0.036109479387
10804.687500,0.037175500368
10810.546875,0.035330604144
10816.406250,0.016570132917
10822.265625,0.020817234890
10828.125000,0.038665635334
10833.984375,0.026127562853
10839.843750,0.005678592284
10845.703125,0.005688517601
10851.562500,0.007469218017
10857.421875,0.023849777269
10863.281250,0.023338742250
10869.140625,0.009958880233
10875.000000,0.012621204003
10880.859375,0.021851558732
10886.718750,0.023213707468
10892.578125,0.002736133030
10898.437500,0.019185378390
10904.296875,0.023642465141
10910.156250,0.032328019906
10916.015625,0.050122287875
10921.875000,0.061776007866
10927.734375,0.065009769017
10933.593750,0.047408580099
10939.453125,0.016865000111
10945.312500,0.048869845015
10951.171875,0.024656161771
10957.031250,0.016502549172
10962.890625,0.016924153871
10968.750000,0.022522864423
10974.609375,0.027278418049
10980.468750,0.030784466203
10986.328125,0.023115690157
10992.187500,0.014309269688
10998.046875,0.012311287660
11003.906250,0.004932387726
11009.765625,0.030214599684
11015.625000,0.031287749065
11021.484375,0.004780082292
11027.343750,0.013310847236
11033.203125,0.011074950120
11039.062500,0.004423793186
11044.921875,0.004429814698
11050.781250,0.013721883389
11056.640625,0.038237319449
11062.500000,0.045766597679
11068.359375,0.043151883365
11074.218750,0.037648963767
11080.078125,0.016945808603
11085.937500,0.028242314652
11091.796875,0.018843802681
11097.656250,0.024611337392
11103.515625,0.018550129718
11109.375000,0.024577513076
11115.234375,0.044650959801
11121.093750,0.038739306289
11126.953125,0.007459575464
11132.812500,0.044053634614
11138.671875,0.041186892754
11144.531250,0.032918875497
11150.390625,0.050550260027
11156.250000,0.045776117162
11162.109375,0.017494719484
11167.968750,0.033339249539
11173.828125,0.030542104664
11179.687500,0.032335899783
11185.546875,0.026250190413
11191.406250,0.030618986273
11197.265625,0.033152709832
11203.125000,0.023175852109
11208.984375,0.027431867265
11214.843750,0.019534402592
11220.703125,0.028015312102
11226.562500,0.031004442012
11232.421875,0.021824194546
11238.281250,0.010924380318
11244.140625,0.019577477598
11250.000000,0.020448967569
11255.859375,0.042897562399
11261.718750,0.031507548090
11267.578125,0.013187856786
11273.437500,0.006547284104
11279.296875,0.016891158357
11285.156250,0.018842187870
11291.015625,0.016965420923
11296.875000,0.020547786773
11302.734375,0.015843873664
11308.593750,0.011824355226
11314.453125,0.014958759049
11320.312500,0.013379133853
11326.171875,0.016204890822
11332.031250,0.009959849618
11337.890625,0.017959235851
11343.750000,0.016668013741
11349.609375,0.005284609376
11355.468750,0.006652260320
11361.328125,0.002025075443
11367.187500,0.017537668900
11373.046875,0.023110352891
11378.906250,0.025591526772
11384.765625,0.013260586645
11390.625000,0.007359268620
11396.484375,0.033157993406
11402.343750,0.037862751000
11408.203125,0.028943134161
11414.062500,0.033735152654
11419.921875,0.047315576167
11425.781250,0.033500364478
11431.640625,0.017048107417
11437.500000,0.020725171364
11443.359375,0.009788700963
11449.218750,0.012523317012
11455.078125,0.043661588308
11460.937500,0.057981131642
11466.796875,0.032445459954
11472.656250,0.009953422152
11478.515625,0.020560987575
11484.375000,0.022079132357
11490.234375,0.037586898186
11496.093750,0.026909848182
11501.953125,0.017428170127
11507.812500,0.011395259904
11513.671875,0.040453686769
11519.531250,0.020381667169
11525.390625,0.003628094692
11531.250000,0.018138502592
11537.109375,0.021385466777
11542.968750,0.023604958097
11548.828125,0.024353057907
11554.687500,0.020957647208
11560.546875,0.015606269286
11566.406250,0.012419339366
11572.265625,0.014326563757
11578.125000,0.027819285622
11583.984375,0.018759476702
11589.843750,0.011923194733
11595.703125,0.018001286120
11601.562500,0.024696446859
11607.421875,0.005971037313
11613.281250,0.017810580561
11619.140625,0.016287762863
11625.000000,0.020202730277
11630.859375,0.017834659471
11636.718750,0.022246203013
11642.578125,0.015486355850
11648.437500,0.015948170078
11654.296875,0.020905507218
11660.156250,0.016336134792
11666.015625,0.033126788904
11671.875000,0.027344208367
11677.734375,0.017924715584
11683.593750,0.009015851325
11689.453125,0.009739350979
11695.312500,0.008752670258
11701.171875,0.006288963668
11707.031250,0.020455293632
11712.890625,0.038330310053
11718.750000,0.027072815021
11724.609375,0.009610259682
11730.468750,0.022354287249
11736.328125,0.013838468389
11742.187500,0.005494745389
11748.046875,0.000664402152
11753.906250,0.017929069001
11759.765625,0.009371293542
11765.625000,0.035823046366
11771.484375,0.028803518174
11777.343750,0.012825546994
11783.203125,0.032626091504
11789.062500,0.034848013371
11794.921875,0.014758448336
11800.781250,0.009603397060
11806.640625,0.020350334889
11812.500000,0.021700970054
11818.359375,0.022025634028
11824.218750,0.034364927714
11830.078125,0.044541712466
11835.937500,0.022268427130
11841.796875,0.011169778120
11847.656250,0.021036583430
11853.515625,0.026534119071
11859.375000,0.033430819945
11865.234375,0.009594582629
11871.093750,0.015236559100
11876.953125,0.007118368461
11882.812500,0.007713369499
11888.671875,0.008921563719
11894.531250,0.028715484107
11900.390625,0.029313122197
11906.250000,0.022403647782
11912.109375,0.027136544502
11917.968750,0.038652695266
11923.828125,0.040737250393
11929.687500,0.021654087261
11935.546875,0.000800093925
11941.406250,0.009852478082
11947.265625,0.014130555329
11953.125000,0.020035766149
11958.984375,0.021070945894
11964.843750,0.022925327217
11970.703125,0.020392991200
11976.562500,0.014649408815
11982.421875,0.014056766666
11988.281250,0.002092832284
11994.140625,0.011231416804
12000.000000,0.025738787676
12005.859375,0.027388054940
12011.718750,0.014977239139
12017.578125,0.029942993741
12023.437500,0.023073240575
12029.296875,0.023722718539
12035.156250,0.021733434469
12041.015625,0.026068520306
12046.875000,0.015806993323
12052.734375,0.019972480931
12058.593750,0.004902468333
12064.453125,0.008035545327
12070.312500,0.012492637563
12076.171875,0.011779122807
12082.031250,0.018868368637
12087.890625,0.029729870852
12093.750000,0.024504400738
12099.609375,0.031828257073
12105.468750,0.045337670863
12111.328125,0.029982434854
12117.187500,0.008718283549
12123.046875,0.015605769375
12128.906250,0.016044367970
12134.765625,0.009648222366
12140.625000,0.009550675078
12146.484375,0.013096647436
12152.343750,0.005843903956
12158.203125,0.023830891267
12164.062500,0.013940746970
12169.921875,0.019449768951
12175.781250,0.008625139884
12181.640625,0.012557526162
12187.500000,0.020510162242
12193.359375,0.022165954149
12199.218750,0.017768486352
12205.078125,0.015362605218
12210.937500,0.005477594354
12216.796875,0.025957916519
12222.656250,0.012868410040
12228.515625,0.028558226238
12234.375000,0.030657818430
12240.234375,0.013025627596
12246.093750,0.008811972364
12251.953125,0.021051427152
12257.812500,0.021182459021
12263.671875,0.017132558832
12269.531250,0.024935314884
12275.390625,0.026401753248
12281.250000,0.016018588732
12287.109375,0.008097259125
12292.968750,0.009056136312
12298.828125,0.021952265585
12304.687500,0.013480762342
12310.546875,0.008991249701
12316.406250,0.008832059740
12322.265625,0.007764624369
12328.125000,0.023015716144
12333.984375,0.022415692375
12339.843750,0.021357074121
12345.703125,0.025609536642
12351.562500,0.025189623378
12357.421875,0.013940264756
12363.281250,0.009795680337
12369.140625,0.019514293089
12375.000000,0.024653664967
12380.859375,0.024604282695
12386.718750,0.008590690369
12392.578125,0.009319545055
12398.437500,0.011895173395
12404.296875,0.017685217778
12410.156250,0.006401751573
12416.015625,0.007435569589
12421.875000,0.005341064507
12427.734375,0.018210988510
12433.593750,0.015298396681
12439.453125,0.006298290294
12445.312500,0.011869380621
12451.171875,0.024723065948
12457.031250,0.022400059233
12462.890625,0.012261886643
12468.750000,0.021257733497
12474.609375,0.021526820205
12480.468750,0.011679826137
12486.328125,0.012370792396
12492.187500,0.003582006795
12498.046875,0.018472935558
12503.906250,0.007665835674
12509.765625,0.011636545383
12515.625000,0.017424582590
12521.484375,0.014770213164
12527.343750,0.005328623224
12533.203125,0.020971407825
12539.062500,0.035832995766
12544.921875,0.045947892132
12550.781250,0.024613043761
12556.640625,0.011068093757
12562.500000,0.018453021199
12568.359375,0.036197986181
12574.218750,0.007168842915
12580.078125,0.022180896282
12585.937500,0.012525618131
12591.796875,0.003486258809
12597.656250,0.014297090397
12603.515625,0.021985199809
12609.375000,0.025869712722
12615.234375,0.012988469484
12621.093750,0.006501315060
12626.953125,0.014636873565
12632.812500,0.016868430260
12638.671875,0.014889844815
12644.531250,0.012987246391
12650.390625,0.014023577174
12656.250000,0.018006074425
12662.109375,0.015268452883
12667.968750,0.016136907947
12673.828125,0.010370498791
12679.687500,0.006848059979
12685.546875,0.006623650254
12691.406250,0.001446810077
12697.265625,0.012859484941
12703.125000,0.013790388441
12708.984375,0.015743675123
12714.843750,0.007354042254
12720.703125,0.006902152830
12726.562500,0.008694675600
12732.421875,0.020056697586
12738.281250,0.021738123223
12744.140625,0.020741748808
12750.000000,0.021813137709
12755.859375,0.017190555746
12761.718750,0.009804813515
12767.578125,0.008420295429
12773.437500,0.017884225937
12779.296875,0.014109689625
12785.156250,0.009351512970
12791.015625,0.007146975346
12796.875000,0.010931718264
12802.734375,0.018905328974
12808.593750,0.011539585405
12814.453125,0.009191766488
12820.312500,0.013036155402
12826.171875,0.007127675599
12832.031250,0.017333479077
12837.890625,0.019783793677
12843.750000,0.009501625405
12849.609375,0.012169502557
12855.468750,0.013953822930
12861.328125,0.008285743607
12867.187500,0.005448161712
12873.046875,0.002032375973
12878.906250,0.007103921757
12884.765625,0.010449958081
12890.625000,0.007429332268
12896.484375,0.010425935313
12902.343750,0.014101059258
12908.203125,0.016544636628
12914.062500,0.018143135418
12919.921875,0.013943757556
12925.781250,0.005726350542
12931.640625,0.004255004297
12937.500000,0.007115874232
12943.359375,0.011690115510
12949.218750,0.011185541248
12955.078125,0.026857079031
12960.937500,0.029333990609
12966.796875,0.025096228418
12972.656250,0.019378992862
12978.515625,0.017376819037
12984.375000,0.004972539461
12990.234375,0.008261469684
12996.093750,0.010508633032
13001.953125,0.009361465899
13007.812500,0.015399924085
13013.671875,0.008826754491
13019.531250,0.010368919349
13025.390625,0.013680895796
13031.250000,0.013331324044
13037.109375,0.008414581153
13042.968750,0.012602896674
13048.828125,0.011828502218
13054.687500,0.011802565022
13060.546875,0.014980723934
13066.406250,0.011678042256
13072.265625,0.006464484478
13078.125000,0.012113087695
13083.984375,0.010393173830
13089.843750,0.003243073776
13095.703125,0.016142649037
13101.562500,0.010143170817
13107.421875,0.010522738303
13113.281250,0.008772591626
13119.140625,0.009389873204
13125.000000,0.006995812931
13130.859375,0.014282543630
13136.718750,0.008657807057
13142.578125,0.003771424679
13148.437500,0.013611666969
13154.296875,0.010636133710
13160.156250,0.009431097700
13166.015625,0.012948422473
13171.875000,0.008371229071
13177.734375,0.005527567386
13183.593750,0.005990140286
13189.453125,0.013880524351
13195.312500,0.015330014889
13201.171875,0.011005471631
13207.031250,0.003818962118
13212.890625,0.005145027152
13218.750000,0.004678608209
13224.609375,0.005678383423
13230.468750,0.006572085245
13236.328125,0.005432137615
13242.187500,0.008436568459
13248.046875,0.014293571132
13253.906250,0.019908985269
13259.765625,0.009541907560
13265.625000,0.005828451807
13271.484375,0.003407544594
13277.343750,0.005839726012
13283.203125,0.011081517957
13289.062500,0.007686016412
13294.921875,0.006221934322
13300.781250,0.012312534814
13306.640625,0.014677305076
13312.500000,0.014505025249
13318.359375,0.010497752488
13324.218750,0.010292496184
13330.078125,0.017132278396
13335.937500,0.023487661151
13341.796875,0.001791463092
13347.656250,0.022387034201
13353.515625,0.006829989031
13359.375000,0.012547302424
13365.234375,0.009224425958
13371.093750,0.003913175847
13376.953125,0.008950305051
13382.812500,0.009644745204
13388.671875,0.019559604620
13394.531250,0.019297937206
13400.390625,0.019566818274
13406.250000,0.015725487211
13412.109375,0.007711345459
13417.968750,0.010958964959
13423.828125,0.005952157486
13429.687500,0.011390861877
13435.546875,0.018594497405
13441.406250,0.013762314344
13447.265625,0.011174558202
13453.125000,0.020692166124
13458.984375,0.019158440936
13464.843750,0.003824767325
13470.703125,0.006462035923
13476.562500,0.008256142752
13482.421875,0.006629478645
13488.281250,0.018133506276
13494.140625,0.024994398667
13500.000000,0.017839308639
13505.859375,0.010397455003
13511.718750,0.011381854514
13517.578125,0.010760469113
13523.437500,0.004375778827
13529.296875,0.012966136878
13535.156250,0.018636251580
13541.015625,0.026386489548
13546.875000,0.016410525363
13552.734375,0.005371165080
13558.593750,0.011702708782
13564.453125,0.010160130025
13570.312500,0.004295556891
13576.171875,0.004913526512
13582.031250,0.015601569672
13587.890625,0.020451938411
13593.750000,0.007467298432
13599.609375,0.001506658982
13605.468750,0.004554673928
13611.328125,0.010915275418
13617.187500,0.016845443966
13623.046875,0.008643165871
13628.906250,0.010228370667
13634.765625,0.011469453227
13640.625000,0.008838579753
13646.484375,0.008058707712
13652.343750,0.006432728494
13658.203125,0.004474162107
13664.062500,0.011082753568
13669.921875,0.015982033825
13675.781250,0.006930891622
13681.640625,0.018036432481
13687.500000,0.026772150270
13693.359375,0.023505680410
13699.218750,0.012695886752
13705.078125,0.005466785869
13710.937500,0.007008408066
13716.796875,0.013824317912
13722.656250,0.009110178950
13728.515625,0.012422949563
13734.375000,0.013940892372
13740.234375,0.014258115293
13746.093750,0.007979224766
13751.953125,0.011564684563
13757.812500,0.012290047678
13763.671875,0.005987776025
13769.531250,0.006224276006
13775.390625,0.005458112319
13781.250000,0.006765648836
13787.109375,0.013360026036
13792.968750,0.008906101010
13798.828125,0.002577110879
13804.687500,0.008124036495
13810.546875,0.011361859869
13816.406250,0.012210841246
13822.265625,0.015463076097
13828.125000,0.016237402842
13833.984375,0.010950905017
13839.843750,0.005783755287
13845.703125,0.006020916021
13851.562500,0.011216536086
13857.421875,0.007929067697
13863.281250,0.001325793206
13869.140625,0.005766612601
13875.000000,0.009645144069
13880.859375,0.012393143835
13886.718750,0.009221500803
13892.578125,0.001948825209
13898.437500,0.001335244986
13904.296875,0.004299815085
13910.156250,0.009323653040
13916.015625,0.013915453897
13921.875000,0.010718295232
13927.734375,0.011801503384
13933.593750,0.008070451574
13939.453125,0.000891530897
13945.312500,0.001446818824
13951.171875,0.005915611929
13957.031250,0.012422954385
13962.890625,0.016331723208
13968.750000,0.013359923351
13974.609375,0.005850763323
13980.468750,0.002533391477
13986.328125,0.007648454780
13992.187500,0.008294373967
13998.046875,0.010177048663
14003.906250,0.010736143395
14009.765625,0.006455077212
14015.625000,0.002546697789
14021.484375,0.005700226652
14027.343750,0.011664202832
14033.203125,0.011474922610
14039.062500,0.005746059712
14044.921875,0.007873970520
14050.781250,0.005761819181
14056.640625,0.005130354988
14062.500000,0.016661494491
14068.359375,0.013477291199
14074.218750,0.002060128761
14080.078125,0.006289912258
14085.937500,0.012450098894
14091.796875,0.006006681225
14097.656250,0.011937116598
14103.515625,0.014442012107
14109.375000,0.002189974377
14115.234375,0.010315437074
14121.093750,0.009246907802
14126.953125,0.001906714370
14132.812500,0.004540647690
14138.671875,0.008308107639
14144.531250,0.012622496405
14150.390625,0.011986321447
14156.250000,0.017087197391
14162.109375,0.017783926540
14167.968750,0.005451060640
14173.828125,0.009814912889
14179.687500,0.005010646741
14185.546875,0.009124935378
14191.406250,0.006587483891
14197.265625,0.010017886725
14203.125000,0.015006706177
14208.984375,0.012118246467
14214.843750,0.015496241981
14220.703125,0.013439790483
14226.562500,0.008803122879
14232.421875,0.016515910306
14238.281250,0.010584447912
14244.140625,0.007193454708
14250.000000,0.007038401749
14255.859375,0.004919945435
14261.718750,0.011080238798
14267.578125,0.001439080605
14273.437500,0.009614900786
14279.296875,0.005995577087
14285.156250,0.008095272202
14291.015625,0.007573224348
14296.875000,0.011187443527
14302.734375,0.010924934088
14308.593750,0.005334629571
14314.453125,0.008039360619
14320.312500,0.010522731548
14326.171875,0.004876584178
14332.031250,0.005958165573
14337.890625,0.016298103420
14343.750000,0.010981777525
14349.609375,0.011195916428
14355.468750,0.002804769023
14361.328125,0.007394016204
14367.187500,0.003306040067
14373.046875,0.004828924403
14378.906250,0.006040573240
14384.765625,0.012968780097
14390.625000,0.017306708783
14396.484375,0.015860302241
14402.343750,0.010956160482
14408.203125,0.000956424655
14414.062500,0.008155066634
14419.921875,0.010467571940
14425.781250,0.008852386545
14431.640625,0.008955370773
14437.500000,0.011945027240
14443.359375,0.010901446174
14449.218750,0.002927309008
14455.078125,0.009358717735
14460.937500,0.013602481982
14466.796875,0.009370219594
14472.656250,0.010380319741
14478.515625,0.009437671087
14484.375000,0.004626538402
14490.234375,0.006488024773
14496.093750,0.006503223697
14501.953125,0.005587580225
14507.812500,0.010797957678
14513.671875,0.009361667059
14519.531250,0.004506230722
14525.390625,0.007265001434
14531.250000,0.007377719990
14537.109375,0.002434299815
14542.968750,0.006051389220
14548.828125,0.012105475028
14554.687500,0.009947611251
14560.546875,0.003287057073
14566.406250,0.000928900891
14572.265625,0.003076898069
14578.125000,0.003244744096
14583.984375,0.003898468789
14589.843750,0.002468888449
14595.703125,0.006386975430
14601.562500,0.008502704612
14607.421875,0.009785194882
14613.281250,0.008939757226
14619.140625,0.007745088731
14625.000000,0.006199294530
14630.859375,0.007639453367
14636.718750,0.009707589793
14642.578125,0.006643988104
14648.437500,0.003536200722
14654.296875,0.006656736200
14660.156250,0.010439827241
14666.015625,0.004038121574
14671.875000,0.010726166389
14677.734375,0.009959493110
14683.593750,0.002020357699
14689.453125,0.007031176258
14695.312500,0.007220295618
14701.171875,0.006570851342
14707.031250,0.007983899996
14712.890625,0.009397018036
14718.750000,0.007018593374
14724.609375,0.005468163645
14730.468750,0.001447003277
14736.328125,0.007965682527
14742.187500,0.005954315083
14748.046875,0.003444850951
14753.906250,0.006460823097
14759.765625,0.006479757763
14765.625000,0.005510781443
14771.484375,0.003740254005
14777.343750,0.002657772424
14783.203125,0.015044251603
14789.062500,0.012870031891
14794.921875,0.000614796384
14800.781250,0.008439100393
14806.640625,0.014857101490
14812.500000,0.010613538181
14818.359375,0.005488969018
14824.218750,0.010504872783
14830.078125,0.004389462882
14835.937500,0.002525385442
14841.796875,0.014117411191
14847.656250,0.024839831341
14853.515625,0.008217305872
14859.375000,0.007830423042
14865.234375,0.009125938556
14871.093750,0.012198843141
14876.953125,0.008440770254
14882.812500,0.003608977064
14888.671875,0.008248663498
14894.531250,0.009955640745
14900.390625,0.006039938295
14906.250000,0.000425520813
14912.109375,0.009515212555
14917.968750,0.016429209303
14923.828125,0.004459250684
14929.687500,0.007238315964
14935.546875,0.010808108330
14941.406250,0.012212602541
14947.265625,0.017913712951
14953.125000,0.017976171808
14958.984375,0.011894930241
14964.843750,0.007107768936
14970.703125,0.008529799477
14976.562500,0.008606509269
14982.421875,0.006307851249
14988.281250,0.012130297438
14994.140625,0.015232641055
15000.000000,0.014617714831
15005.859375,0.004037276597
15011.718750,0.002857205923
15017.578125,0.002344948244
15023.437500,0.006667708766
15029.296875,0.005429081869
15035.156250,0.006040669268
15041.015625,0.006765309058
15046.875000,0.003311161717
15052.734375,0.006239657366
15058.593750,0.014766606938
15064.453125,0.017181811136
15070.312500,0.008664415385
15076.171875,0.005151839565
15082.031250,0.003969349806
15087.890625,0.006535090700
15093.750000,0.010507160286
15099.609375,0.006194127083
15105.468750,0.017427009693
15111.328125,0.008867329307
15117.187500,0.005912074002
15123.046875,0.009806341035
15128.906250,0.008951595518
15134.765625,0.003513788133
15140.625000,0.004396899780
15146.484375,0.001661831053
15152.343750,0.004171260980
15158.203125,0.008953176191
15164.062500,0.004898949238
15169.921875,0.004049947591
15175.781250,0.012718800439
15181.640625,0.017221897003
15187.500000,0.013522011078
15193.359375,0.007755122841
15199.218750,0.006533882636
15205.078125,0.013851861346
15210.937500,0.010720149061
15216.796875,0.007915452171
15222.656250,0.011640629067
15228.515625,0.004296015078
15234.375000,0.003687636685
15240.234375,0.009246177758
15246.093750,0.006779163403
15251.953125,0.003097198421
15257.812500,0.004843679770
15263.671875,0.008401252860
15269.531250,0.010025911259
15275.390625,0.011761057471
15281.250000,0.018736496879
15287.109375,0.017308828794
15292.968750,0.011175770113
15298.828125,0.004051551413
15304.687500,0.003597037148
15310.546875,0.008706897518
15316.406250,0.012812340769
15322.265625,0.006705730999
15328.125000,0.012271368557
15333.984375,0.020422452408
15339.843750,0.008525150423
15345.703125,0.004576737031
15351.562500,0.002878281778
15357.421875,0.007871510930
15363.281250,0.010693380385
15369.140625,0.005305201198
15375.000000,0.004837235182
15380.859375,0.008175787139
15386.718750,0.007175474427
15392.578125,0.004180207592
15398.437500,0.006540337443
15404.296875,0.004267397356
15410.156250,0.012316993742
15416.015625,0.011573844977
15421.875000,0.007494940566
15427.734375,0.008896939046
15433.593750,0.010229406101
15439.453125,0.005569436510
15445.312500,0.002593529432
15451.171875,0.006160777974
15457.031250,0.004795945015
15462.890625,0.002939903128
15468.750000,0.002689295581
15474.609375,0.000331080367
15480.468750,0.001514712178
15486.328125,0.009001404301
15492.187500,0.006430777464
15498.046875,0.003604994599
15503.906250,0.009371863876
15509.765625,0.011436587017
15515.625000,0.007101045254
15521.484375,0.002773024676
15527.343750,0.004311471910
15533.203125,0.004629443046
15539.062500,0.002708431892
15544.921875,0.003580901198
15550.781250,0.004189765331
15556.640625,0.003939737422
15562.500000,0.004258167080
15568.359375,0.002588208454
15574.218750,0.004693757125
15580.078125,0.003422371878
15585.937500,0.006324149028
15591.796875,0.005662821557
15597.656250,0.004900801737
15603.515625,0.009942797531
15609.375000,0.010111116878
15615.234375,0.003001971054
15621.093750,0.004545007385
15626.953125,0.005900676032
15632.812500,0.003444970299
15638.671875,0.006461620658
15644.531250,0.009137692987
15650.390625,0.005228179452
15656.250000,0.002640058885
15662.109375,0.005090231514
15667.968750,0.002307156693
15673.828125,0.004304670005
15679.687500,0.004380884608
15685.546875,0.006510350644
15691.406250,0.008308051499
15697.265625,0.005206839718
15703.125000,0.004207154567
15708.984375,0.006453944801
15714.843750,0.008322376756
15720.703125,0.004474822602
15726.562500,0.001236755876
15732.421875,0.005828677166
15738.281250,0.006596503649
15744.140625,0.002417372272
15750.000000,0.005106253618
15755.859375,0.009487136887
15761.718750,0.000660720324
15767.578125,0.007588142594
15773.437500,0.003475795484
15779.296875,0.008500047279
15785.156250,0.009122036874
15791.015625,0.009713304925
15796.875000,0.005478038930
15802.734375,0.001925543694
15808.593750,0.005646111525
15814.453125,0.011348468837
15820.312500,0.007443618159
15826.171875,0.002150238160
15832.031250,0.002400018515
15837.890625,0.000969075892
15843.750000,0.004857409791
15849.609375,0.010881295006
15855.468750,0.008657859865
15861.328125,0.005335075884
15867.187500,0.008380074945
15873.046875,0.010878224295
15878.906250,0.007394625080
15884.765625,0.001600004118
15890.625000,0.001299306285
15896.484375,0.005064039201
15902.343750,0.005941733909
15908.203125,0.004306153624
15914.062500,0.007187046059
15919.921875,0.006591027602
15925.781250,0.005697321768
15931.640625,0.006946231735
15937.500000,0.005940364708
15943.359375,0.003109945807
15949.218750,0.000384721129
15955.078125,0.006131407380
15960.937500,0.008074420081
15966.796875,0.005742685060
15972.656250,0.002203703290
15978.515625,0.006542242133
15984.375000,0.005717461949
15990.234375,0.004085776891
15996.093750,0.001839910769
16001.953125,0.005163245743
16007.812500,0.009603599983
16013.671875,0.010691663990
16019.531250,0.004212341482
16025.390625,0.003798131961
16031.250000,0.006779375088
16037.109375,0.007077785922
16042.968750,0.003154414983
16048.828125,0.003760839950
16054.687500,0.003332725150
16060.546875,0.010003177085
16066.406250,0.010677631396
16072.265625,0.008875708329
16078.125000,0.003014959612
16083.984375,0.006069111142
16089.843750,0.002758060190
16095.703125,0.002007881200
16101.562500,0.006337689067
16107.421875,0.008906062969
16113.281250,0.006812079960
16119.140625,0.003081124293
16125.000000,0.003268671341
16130.859375,0.005318687571
16136.718750,0.002696764698
16142.578125,0.001886885419
16148.437500,0.007162294013
16154.296875,0.006070932630
16160.156250,0.002636539492
16166.015625,0.003894718398
16171.875000,0.006785374349
16177.734375,0.006079004211
16183.593750,0.006660716922
16189.453125,0.007130238914
16195.312500,0.005846270358
16201.171875,0.004153557518
16207.031250,0.007669011097
16212.890625,0.008033854725
16218.750000,0.009661683793
16224.609375,0.005771159929
16230.468750,0.001679672845
16236.328125,0.006002788900
16242.187500,0.006774475478
16248.046875,0.001955440277
16253.906250,0.008316360727
16259.765625,0.008859746598
16265.625000,0.002947404023
16271.484375,0.001132426249
16277.343750,0.001599188116
16283.203125,0.001136329785
16289.062500,0.004731116967
16294.921875,0.006252393406
16300.781250,0.004810082148
16306.640625,0.005787593270
16312.500000,0.005564640015
16318.359375,0.007420604448
16324.218750,0.011912628800
16330.078125,0.007775381579
16335.937500,0.004054178862
16341.796875,0.003045485842
16347.656250,0.002952096189
16353.515625,0.004119805612
16359.375000,0.004315350103
16365.234375,0.003934049010
16371.093750,0.007392964808
16376.953125,0.001932330687
16382.812500,0.007048155359
16388.671875,0.003376884719
16394.531250,0.000723396814
16400.390625,0.002450143534
16406.250000,0.003650911815
16412.109375,0.002462810294
16417.968750,0.002540795167
16423.828125,0.003893934741
16429.687500,0.009299211928
16435.546875,0.010956204164
16441.406250,0.009395727980
16447.265625,0.009452522070
16453.125000,0.009218202798
16458.984375,0.004874019139
16464.843750,0.000545953436
16470.703125,0.004643929803
16476.562500,0.008243322505
16482.421875,0.006058831869
16488.281250,0.007363209934
16494.140625,0.004138040910
16500.000000,0.003250685405
16505.859375,0.004598719442
16511.718750,0.001678575213
16517.578125,0.004936979115
16523.437500,0.009646712883
16529.296875,0.004480177603
16535.156250,0.007521909960
16541.015625,0.007006417832
16546.875000,0.002964464405
16552.734375,0.004718208416
16558.593750,0.003921352892
16564.453125,0.004647015646
16570.312500,0.007663962297
16576.171875,0.007818948811
16582.031250,0.004419149292
16587.890625,0.000515529108
16593.750000,0.001190833866
16599.609375,0.001863186293
16605.468750,0.001575330982
16611.328125,0.004322862658
16617.187500,0.004023022592
16623.046875,0.001875646942
16628.906250,0.005289666857
16634.765625,0.007346459211
16640.625000,0.004662047816
16646.484375,0.004877060618
16652.343750,0.003356672140
16658.203125,0.004300371685
16664.062500,0.006652539295
16669.921875,0.004501598218
16675.781250,0.002154870951
16681.640625,0.002226062546
16687.500000,0.006848196977
16693.359375,0.007864591524
16699.218750,0.005420630389
16705.078125,0.001459710223
16710.937500,0.002653717131
16716.796875,0.003810242597
16722.656250,0.006676365588
16728.515625,0.003408694114
16734.375000,0.005228595236
16740.234375,0.005226198298
16746.093750,0.006096053761
16751.953125,0.000388363166
16757.812500,0.008350724024
16763.671875,0.011293661978
16769.531250,0.009085218273
16775.390625,0.004686954764
16781.250000,0.005442473216
16787.109375,0.006918887396
16792.968750,0.004710703480
16798.828125,0.002363366589
16804.687500,0.005001053336
16810.546875,0.002891408661
16816.406250,0.005034845530
16822.265625,0.006095901860
16828.125000,0.002629054940
16833.984375,0.003059880430
16839.843750,0.005999301183
16845.703125,0.003201931536
16851.562500,0.000638253635
16857.421875,0.004403928474
16863.281250,0.007835528475
16869.140625,0.004523164864
16875.000000,0.005979176972
16880.859375,0.004927845958
16886.718750,0.003213709360
16892.578125,0.002980758787
16898.437500,0.001809280151
16904.296875,0.003720966475
16910.156250,0.007730746763
16916.015625,0.007747637184
16921.875000,0.007088064839
16927.734375,0.004944715170
16933.593750,0.006263994634
16939.453125,0.003882431987
16945.312500,0.006488670072
16951.171875,0.005385923039
16957.031250,0.003125538532
16962.890625,0.004178796316
16968.750000,0.005980717939
16974.609375,0.001332025794
16980.468750,0.005074417851
16986.328125,0.003513933967
16992.187500,0.007440285562
16998.046875,0.012280555162
17003.906250,0.010260457662
17009.765625,0.004943111771
17015.625000,0.007787907567
17021.484375,0.005431746593
17027.343750,0.003860130381
17033.203125,0.005666775883
17039.062500,0.004077125443
17044.921875,0.001860661496
17050.781250,0.005566093348
17056.640625,0.005363812302
17062.500000,0.004492105961
17068.359375,0.007279823870
17074.218750,0.004462472621
17080.078125,0.003434546925
17085.937500,0.004212924253
17091.796875,0.001369653623
17097.656250,0.007115158022
17103.515625,0.006467853615
17109.375000,0.005665525569
17115.234375,0.008388608807
17121.093750,0.008938544768
17126.953125,0.006479782797
17132.812500,0.002763180752
17138.671875,0.004353379993
17144.531250,0.006103787590
17150.390625,0.003200167624
17156.250000,0.003099911349
17162.109375,0.007242905547
17167.968750,0.004835013559
17173.828125,0.001014594433
17179.687500,0.002510538722
17185.546875,0.003678349113
17191.406250,0.002624587726
17197.265625,0.004360458028
17203.125000,0.006786270542
17208.984375,0.007077593974
17214.843750,0.004633586979
17220.703125,0.007566210297
17226.562500,0.005511623395
17232.421875,0.005165910118
17238.281250,0.005994753543
17244.140625,0.004582532128
17250.000000,0.005884344405
17255.859375,0.007609540916
17261.718750,0.008580895539
17267.578125,0.004413962806
17273.437500,0.000538692223
17279.296875,0.004656278221
17285.156250,0.010574420862
17291.015625,0.011294272681
17296.875000,0.005355182374
17302.734375,0.005422672119
17308.593750,0.010377559983
17314.453125,0.007724922191
17320.312500,0.002261592428
17326.171875,0.005593305964
17332.031250,0.003268215688
17337.890625,0.005654486570
17343.750000,0.008750078012
17349.609375,0.006875331648
17355.468750,0.005831413575
17361.328125,0.005803330025
17367.187500,0.006486172597
17373.046875,0.001739021685
17378.906250,0.006617286172
17384.765625,0.008624151519
17390.625000,0.005738496608
17396.484375,0.007755388156
17402.343750,0.003253456408
17408.203125,0.001985920496
17414.062500,0.001765472127
17419.921875,0.004114180553
17425.781250,0.003446971596
17431.640625,0.001282192937
17437.500000,0.000812530985
17443.359375,0.002361868820
17449.218750,0.003917832648
17455.078125,0.006937902898
17460.937500,0.009121098585
17466.796875,0.006953180505
17472.656250,0.005907195017
17478.515625,0.009605556532
17484.375000,0.005277673511
17490.234375,0.003598933403
17496.093750,0.005864848275
17501.953125,0.001882678965
17507.812500,0.003149820958
17513.671875,0.005757123462
17519.531250,0.006149357636
17525.390625,0.002648879643
17531.250000,0.008962433611
17537.109375,0.006157468659
17542.968750,0.001444648459
17548.828125,0.004382515289
17554.687500,0.006677081804
17560.546875,0.005757494009
17566.406250,0.009071364678
17572.265625,0.007419617381
17578.125000,0.005798307393
17583.984375,0.000724922591
17589.843750,0.004095923591
17595.703125,0.005215855209
17601.562500,0.005451952921
17607.421875,0.005957853525
17613.281250,0.009053997757
17619.140625,0.007734998263
17625.000000,0.004430085504
17630.859375,0.006426398462
17636.718750,0.004824027959
17642.578125,0.005863190561
17648.437500,0.006291799564
17654.296875,0.005293225501
17660.156250,0.004721090179
17666.015625,0.006301436706
17671.875000,0.006200239995
17677.734375,0.001617162092
17683.593750,0.006359440976
17689.453125,0.003013993505
17695.312500,0.001768848465
17701.171875,0.003148644478
17707.031250,0.001023512081
17712.890625,0.003474817695
17718.750000,0.002997959426
17724.609375,0.004449801041
17730.468750,0.004539676592
17736.328125,0.004256245020
17742.187500,0.005950507378
17748.046875,0.002672109721
17753.906250,0.001790082319
17759.765625,0.007625677537
17765.625000,0.004534104954
17771.484375,0.001712564977
17777.343750,0.003524480145
17783.203125,0.009289373638
17789.062500,0.012499495563
17794.921875,0.009931288827
17800.781250,0.002768059854
17806.640625,0.001256881772
17812.500000,0.001700026857
17818.359375,0.002006272596
17824.218750,0.004475673942
17830.078125,0.002333229119
17835.937500,0.002810394520
17841.796875,0.002100495195
17847.656250,0.002113748049
17853.515625,0.002657905193
17859.375000,0.007636129871
17865.234375,0.010087083043
17871.093750,0.005881680408
17876.953125,0.001697937480
17882.812500,0.001147742366
17888.671875,0.002841114457
17894.531250,0.001242613211
17900.390625,0.003356656692
17906.250000,0.000675816474
17912.109375,0.002855346544
17917.968750,0.000663058597
17923.828125,0.002543742601
17929.687500,0.002642519775
17935.546875,0.004881774156
17941.406250,0.004781389308
17947.265625,0.003601140790
17953.125000,0.001862306685
17958.984375,0.007473502061
17964.843750,0.008027252685
17970.703125,0.003010292715
17976.562500,0.002546678224
17982.421875,0.003096483161
17988.281250,0.002937004862
17994.140625,0.002233732278
18000.000000,0.001577163655
18005.859375,0.000755667774
18011.718750,0.002408056475
18017.578125,0.002828546304
18023.437500,0.002860562483
18029.296875,0.004952236117
18035.156250,0.004061167050
18041.015625,0.002820820248
18046.875000,0.003110160529
18052.734375,0.005062810589
18058.593750,0.001492016516
18064.453125,0.004010571112
18070.312500,0.002020320262
18076.171875,0.001224789090
18082.031250,0.002612879420
18087.890625,0.003798757931
18093.750000,0.007042411780
18099.609375,0.005315528273
18105.468750,0.003632062843
18111.328125,0.005715607358
18117.187500,0.002358569211
18123.046875,0.001657232532
18128.906250,0.002603100482
18134.765625,0.004509787902
18140.625000,0.001798690424
18146.484375,0.004794025103
18152.343750,0.002703714849
18158.203125,0.003012088928
18164.062500,0.000836281941
18169.921875,0.003240865575
18175.781250,0.003366397646
18181.640625,0.000695837844
18187.500000,0.003868025770
18193.359375,0.001636611073
18199.218750,0.003347239497
18205.078125,0.006024534466
18210.937500,0.004861506735
18216.796875,0.002241870809
18222.656250,0.004553274806
18228.515625,0.004697473897
18234.375000,0.001764484405
18240.234375,0.001592543716
18246.093750,0.003688961226
18251.953125,0.003634584597
18257.812500,0.006426429901
18263.671875,0.002044959026
18269.531250,0.000760551011
18275.390625,0.005987396662
18281.250000,0.005051201252
18287.109375,0.003928372345
18292.968750,0.002236140817
18298.828125,0.002441734743
18304.687500,0.002363355444
18310.546875,0.000367598332
18316.406250,0.001863590551
18322.265625,0.004338734857
18328.125000,0.007806205810
18333.984375,0.006569240548
18339.843750,0.004341563479
18345.703125,0.004544322374
18351.562500,0.003974664014
18357.421875,0.003315392455
18363.281250,0.001174121228
18369.140625,0.005503264713
18375.000000,0.004097860026
18380.859375,0.003044610061
18386.718750,0.003175671382
18392.578125,0.004336585508
18398.437500,0.005330477753
18404.296875,0.002907913293
18410.156250,0.006375915071
18416.015625,0.007544027621
18421.875000,0.004106894424
18427.734375,0.002300445729
18433.593750,0.003093011531
18439.453125,0.002850629605
18445.312500,0.002392435060
18451.171875,0.004623870308
18457.031250,0.006625663974
18462.890625,0.002543099304
18468.750000,0.000600698204
18474.609375,0.003438457549
18480.468750,0.009665039928
18486.328125,0.007917733142
18492.187500,0.005784958185
18498.046875,0.002815094720
18503.906250,0.000909373640
18509.765625,0.002144083040
18515.625000,0.001223419396
18521.484375,0.002321823377
18527.343750,0.005052271797
18533.203125,0.003537496758
18539.062500,0.002922406318
18544.921875,0.000692362000
18550.781250,0.004045790912
18556.640625,0.002025605901
18562.500000,0.001161103290
18568.359375,0.003870864643
18574.218750,0.006295261326
18580.078125,0.007837774147
18585.937500,0.004027964854
18591.796875,0.001370824177
18597.656250,0.001363672239
18603.515625,0.001808626198
18609.375000,0.003941937477
18615.234375,0.002301758802
18621.093750,0.004232244224
18626.953125,0.005334608175
18632.812500,0.003536440457
18638.671875,0.004290466804
18644.531250,0.005058540797
18650.390625,0.003009408071
18656.250000,0.006167740137
18662.109375,0.011825321281
18667.968750,0.011858587808
18673.828125,0.007333854048
18679.687500,0.002641150384
18685.546875,0.003347140196
18691.406250,0.001923908584
18697.265625,0.003274439279
18703.125000,0.003476876955
18708.984375,0.004660495041
18714.843750,0.006354366625
18720.703125,0.008712082574
18726.562500,0.009025286353
18732.421875,0.004697206183
18738.281250,0.002293577062
18744.140625,0.000901580056
18750.000000,0.003673793999
18755.859375,0.004835824852
18761.718750,0.000222601251
18767.578125,0.004493292476
18773.437500,0.004530105730
18779.296875,0.004861722519
18785.156250,0.004666210950
18791.015625,0.003061429862
18796.875000,0.002779660172
18802.734375,0.001630551851
18808.593750,0.002902040429
18814.453125,0.001542258762
18820.312500,0.003680236185
18826.171875,0.000639007174
18832.031250,0.002163715999
18837.890625,0.002201257718
18843.750000,0.002241343898
18849.609375,0.000256309462
18855.468750,0.004033366343
18861.328125,0.004751164190
18867.187500,0.002861432612
18873.046875,0.000661159894
18878.906250,0.002485079997
18884.765625,0.004029342548
18890.625000,0.003816207357
18896.484375,0.004284888921
18902.343750,0.004125684178
18908.203125,0.000740093409
18914.062500,0.001589970193
18919.921875,0.003470970247
18925.781250,0.003751565157
18931.640625,0.001454929939
18937.500000,0.003506845418
18943.359375,0.002613481283
18949.218750,0.005757709485
18955.078125,0.004141741826
18960.937500,0.001190021374
18966.796875,0.001204390812
18972.656250,0.002741111364
18978.515625,0.002586668069
18984.375000,0.001054000798
18990.234375,0.002126157960
18996.093750,0.002049582641
19001.953125,0.003379970858
19007.812500,0.002968938445
19013.671875,0.006701339994
19019.531250,0.003243217624
19025.390625,0.002145899677
19031.250000,0.001613374530
19037.109375,0.004149752036
19042.968750,0.005265165908
19048.828125,0.004116497684
19054.687500,0.001433309818
19060.546875,0.003069924952
19066.406250,0.004096613854
19072.265625,0.001920896455
19078.125000,0.000331115155
19083.984375,0.001538112965
19089.843750,0.003605849675
19095.703125,0.005228242231
19101.562500,0.004622296185
19107.421875,0.006428873941
19113.281250,0.005326389914
19119.140625,0.002658236358
19125.000000,0.005815148829
19130.859375,0.007115709767
19136.718750,0.004339135342
19142.578125,0.001820988553
19148.437500,0.005054317266
19154.296875,0.005898911827
19160.156250,0.004482735616
19166.015625,0.002174430536
19171.875000,0.001644685586
19177.734375,0.001458039810
19183.593750,0.002316680751
19189.453125,0.005636946247
19195.312500,0.002613947632
19201.171875,0.001287636968
19207.031250,0.004387995817
19212.890625,0.004228343104
19218.750000,0.002151868693
19224.609375,0.002608044717
19230.468750,0.001026717380
19236.328125,0.002257689798
19242.187500,0.000627028717
19248.046875,0.000933833913
19253.906250,0.004510288102
19259.765625,0.005242828388
19265.625000,0.002328120344
19271.484375,0.007447181796
19277.343750,0.004599442180
19283.203125,0.003402392682
19289.062500,0.005001329741
19294.921875,0.004292813219
19300.781250,0.002512647114
19306.640625,0.003045584073
19312.500000,0.003178902134
19318.359375,0.002176300747
19324.218750,0.001498744424
19330.078125,0.002310084032
19335.937500,0.002610878435
19341.796875,0.003099563916
19347.656250,0.000616190000
19353.515625,0.004735832565
19359.375000,0.001191516976
19365.234375,0.005286067054
19371.093750,0.004107650682
19376.953125,0.002632459667
19382.812500,0.003081958008
19388.671875,0.005411196698
19394.531250,0.001016693718
19400.390625,0.007111209889
19406.250000,0.007541266421
19412.109375,0.002572379059
19417.968750,0.004870236512
19423.828125,0.003733700846
19429.687500,0.004563752536
19435.546875,0.003667656186
19441.406250,0.002636611692
19447.265625,0.003868251954
19453.125000,0.002567083464
19458.984375,0.003107251728
19464.843750,0.001823027969
19470.703125,0.001266989550
19476.562500,0.003819454923
19482.421875,0.003902159827
19488.281250,0.003341443407
19494.140625,0.002511273173
19500.000000,0.002693514352
19505.859375,0.002924836517
19511.718750,0.003487440283
19517.578125,0.004592334993
19523.437500,0.003427959311
19529.296875,0.003019057107
19535.156250,0.000728431665
19541.015625,0.000942839265
19546.875000,0.003815434663
19552.734375,0.003715098280
19558.593750,0.003749072430
19564.453125,0.003686935504
19570.312500,0.005313087971
19576.171875,0.006412666968
19582.031250,0.004356309914
19587.890625,0.002774265930
19593.750000,0.002212026975
19599.609375,0.001150902350
19605.468750,0.002226389105
19611.328125,0.001624064230
19617.187500,0.001463264026
19623.046875,0.001329059302
19628.906250,0.001541401663
19634.765625,0.001165068390
19640.625000,0.004311292033
19646.484375,0.006234133083
19652.343750,0.006145651020
19658.203125,0.003587876817
19664.062500,0.004722494114
19669.921875,0.006793145472
19675.781250,0.004924408202
19681.640625,0.004416814734
19687.500000,0.004527418228
19693.359375,0.000099022244
19699.218750,0.001713604762
19705.078125,0.003323087812
19710.937500,0.006186383886
19716.796875,0.003261957104
19722.656250,0.002627916524
19728.515625,0.000194582685
19734.375000,0.001612928867
19740.234375,0.002658189000
19746.093750,0.003645962468
19751.953125,0.003475066028
19757.812500,0.003303719873
19763.671875,0.004158168739
19769.531250,0.002428106677
19775.390625,0.004508388225
19781.250000,0.005391654410
19787.109375,0.001157221127
19792.968750,0.004014029918
19798.828125,0.005239685270
19804.687500,0.002662098174
19810.546875,0.006029322602
19816.406250,0.005388366517
19822.265625,0.006240636163
19828.125000,0.001816886721
19833.984375,0.002916983873
19839.843750,0.001379422178
19845.703125,0.003367188940
19851.562500,0.004719149805
19857.421875,0.004874642039
19863.281250,0.003448218231
19869.140625,0.001129830330
19875.000000,0.002672246735
19880.859375,0.000682557654
19886.718750,0.002871638385
19892.578125,0.002220388782
19898.437500,0.000368934983
19904.296875,0.003617483585
19910.156250,0.007975984867
19916.015625,0.007891772238
19921.875000,0.003792692936
19927.734375,0.000394841071
19933.593750,0.001789966637
19939.453125,0.002663113779
19945.312500,0.003603483042
19951.171875,0.001744966447
19957.031250,0.000979570715
19962.890625,0.002242269498
19968.750000,0.004761298572
19974.609375,0.005646616175
19980.468750,0.003994199385
19986.328125,0.001330194252
19992.187500,0.000520081156
19998.046875,0.001612046692
20003.906250,0.002362367134
20009.765625,0.003078271047
20015.625000,0.002890374834
20021.484375,0.000947452569
20027.343750,0.003082216014
20033.203125,0.006222827939
20039.062500,0.002041880182
20044.921875,0.004677857290
20050.781250,0.004792381891
20056.640625,0.004366767552
20062.500000,0.002418867860
20068.359375,0.001917992518
20074.218750,0.004902885850
20080.078125,0.005078229875
20085.937500,0.001547918408
20091.796875,0.001830560893
20097.656250,0.000908444595
20103.515625,0.001018351305
20109.375000,0.001468099895
20115.234375,0.003215587256
20121.093750,0.006655321804
20126.953125,0.005895769038
20132.812500,0.002044112671
20138.671875,0.002276565439
20144.531250,0.001609790375
20150.390625,0.003579019293
20156.250000,0.001551686650
20162.109375,0.000478438387
20167.968750,0.003579945498
20173.828125,0.002868058896
20179.687500,0.001815525758
20185.546875,0.006391420999
20191.406250,0.007054980021
20197.265625,0.002874767496
20203.125000,0.001594026294
20208.984375,0.000284165586
20214.843750,0.001617301115
20220.703125,0.002971461919
20226.562500,0.006061517054
20232.421875,0.004253432067
20238.281250,0.001894246588
20244.140625,0.004579079818
20250.000000,0.006144895999
20255.859375,0.003627784593
20261.718750,0.003021221695
20267.578125,0.004115803832
20273.437500,0.004388977269
20279.296875,0.003535489099
20285.156250,0.001998909077
20291.015625,0.004571195342
20296.875000,0.003741913379
20302.734375,0.002573482283
20308.593750,0.002785420695
20314.453125,0.001291658893
20320.312500,0.002581086572
20326.171875,0.004808450693
20332.031250,0.002975068416
20337.890625,0.001537731248
20343.750000,0.003502970350
20349.609375,0.003683352541
20355.468750,0.003835951654
20361.328125,0.003424087020
20367.187500,0.001163455474
20373.046875,0.003233776974
20378.906250,0.003452913170
20384.765625,0.002121872602
20390.625000,0.002929327882
20396.484375,0.002824913527
20402.343750,0.002135129226
20408.203125,0.003005512741
20414.062500,0.003652682529
20419.921875,0.005590299647
20425.781250,0.007443293520
20431.640625,0.008444655603
20437.500000,0.006062823811
20443.359375,0.002950371529
20449.218750,0.002564144334
20455.078125,0.003619644124
20460.937500,0.003795787382
20466.796875,0.001968046458
20472.656250,0.001192190065
20478.515625,0.002143212652
20484.375000,0.004138781677
20490.234375,0.004146176605
20496.093750,0.000560041731
20501.953125,0.002496438484
20507.812500,0.004954381845
20513.671875,0.003618420880
20519.531250,0.002056926275
20525.390625,0.002779120370
20531.250000,0.003540833075
20537.109375,0.002289671012
20542.968750,0.001921257077
20548.828125,0.002220887141
20554.687500,0.002983071224
20560.546875,0.002179380204
20566.406250,0.003394027199
20572.265625,0.003231645245
20578.125000,0.001354173655
20583.984375,0.001017288955
20589.843750,0.001672677152
20595.703125,0.002767303400
20601.562500,0.000445148373
20607.421875,0.000892099887
20613.281250,0.003973279114
20619.140625,0.004255642597
20625.000000,0.002163474937
20630.859375,0.001123265818
20636.718750,0.002059780597
20642.578125,0.004450738940
20648.437500,0.004186325293
20654.296875,0.002416328484
20660.156250,0.002062022267
20666.015625,0.000969330563
20671.875000,0.002602666695
20677.734375,0.004688665313
20683.593750,0.003538383804
20689.453125,0.000347345604
20695.312500,0.002269319519
20701.171875,0.001734299473
20707.031250,0.000885958074
20712.890625,0.004063616780
20718.750000,0.006556090773
20724.609375,0.004960514238
20730.468750,0.002980572710
20736.328125,0.003636950158
20742.187500,0.004847895937
20748.046875,0.006394048655
20753.906250,0.006706572352
20759.765625,0.004651726109
20765.625000,0.001430207593
20771.484375,0.002353673749
20777.343750,0.001917420292
20783.203125,0.001916644004
20789.062500,0.004854758208
20794.921875,0.004821638860
20800.781250,0.002267824541
20806.640625,0.001931081083
20812.500000,0.004669849682
20818.359375,0.004621908866
20824.218750,0.001951573566
20830.078125,0.004142501151
20835.937500,0.006963147843
20841.796875,0.005230232300
20847.656250,0.000222071263
20853.515625,0.001999458742
20859.375000,0.001616204146
20865.234375,0.000810243072
20871.093750,0.001393541014
20876.953125,0.002517920728
20882.812500,0.002524951924
20888.671875,0.003596789895
20894.531250,0.004303317478
20900.390625,0.003525377999
20906.250000,0.004939769610
20912.109375,0.001790285669
20917.968750,0.000391030897
20923.828125,0.001463617404
20929.687500,0.004552500732
20935.546875,0.003319739290
20941.406250,0.001167349799
20947.265625,0.003030110639
20953.125000,0.004693749909
20958.984375,0.001573690069
20964.843750,0.004231146114
20970.703125,0.005836673564
20976.562500,0.003064403073
20982.421875,0.002375302245
20988.281250,0.001644628515
20994.140625,0.002459033479
21000.000000,0.004902577242
21005.859375,0.004674705645
21011.718750,0.001435892490
21017.578125,0.003116953327
21023.437500,0.003146803738
21029.296875,0.000472946464
21035.156250,0.004284789067
21041.015625,0.003138948318
21046.875000,0.001814012695
21052.734375,0.002967308285
21058.593750,0.004092261853
21064.453125,0.002702962330
21070.312500,0.002100575856
21076.171875,0.001934092172
21082.031250,0.002598515351
21087.890625,0.002003079953
21093.750000,0.004950097806
21099.609375,0.005133605814
21105.468750,0.005181838395
21111.328125,0.002401034749
21117.187500,0.000632760315
21123.046875,0.002532663985
21128.906250,0.003243074366
21134.765625,0.001126531006
21140.625000,0.001386099431
21146.484375,0.001197003323
21152.343750,0.002146384493
21158.203125,0.005268453363
21164.062500,0.006358890008
21169.921875,0.004710229505
21175.781250,0.006276760824
21181.640625,0.005175864934
21187.500000,0.003801305419
21193.359375,0.001187072579
21199.218750,0.001522297612
21205.078125,0.002553332252
21210.937500,0.003535406119
21216.796875,0.001474000195
21222.656250,0.002800991714
21228.515625,0.003144071558
21234.375000,0.002730366921
21240.234375,0.001378947696
21246.093750,0.000503858495
21251.953125,0.002097704263
21257.812500,0.001406863238
21263.671875,0.002802174191
21269.531250,0.002597980715
21275.390625,0.004566658623
21281.250000,0.003519281650
21287.109375,0.002538076858
21292.968750,0.003440377342
21298.828125,0.002694037618
21304.687500,0.001952069074
21310.546875,0.001584297172
21316.406250,0.001732585528
21322.265625,0.000903525173
21328.125000,0.003863919404
21333.984375,0.003348377953
21339.843750,0.002121492763
21345.703125,0.002738518100
21351.562500,0.003787950089
21357.421875,0.003457318708
21363.281250,0.003566146312
21369.140625,0.002475287451
21375.000000,0.001626573227
21380.859375,0.002390005803
21386.718750,0.002634393946
21392.578125,0.001670416448
21398.437500,0.001267129934
21404.296875,0.002582423964
21410.156250,0.005683693766
21416.015625,0.006504082540
21421.875000,0.002925573488
21427.734375,0.003105113410
21433.593750,0.004894108087
21439.453125,0.006392605194
21445.312500,0.004032728560
21451.171875,0.002048880747
21457.031250,0.000981809047
21462.890625,0.003180731971
21468.750000,0.001313586675
21474.609375,0.001269385297
21480.468750,0.000278956464
21486.328125,0.002817349611
21492.187500,0.006738943995
21498.046875,0.005636043734
21503.906250,0.000505000861
21509.765625,0.004655972469
21515.625000,0.003320242463
21521.484375,0.003383555312
21527.343750,0.001338228559
21533.203125,0.001668234740
21539.062500,0.003109596261
21544.921875,0.002575630130
21550.781250,0.001403433963
21556.640625,0.003101492109
21562.500000,0.003518779342
21568.359375,0.000476911946
21574.218750,0.002371475126
21580.078125,0.002636953164
21585.937500,0.001526519751
21591.796875,0.001634749079
21597.656250,0.001903848959
21603.515625,0.002783896081
21609.375000,0.002514114435
21615.234375,0.001042651838
21621.093750,0.001243544436
21626.953125,0.003143916877
21632.812500,0.003199828704
21638.671875,0.003094646309
21644.531250,0.003049883238
21650.390625,0.001121117273
21656.250000,0.002702060880
21662.109375,0.001481321450
21667.968750,0.002028321966
21673.828125,0.001499057215
21679.687500,0.001666823306
21685.546875,0.002060319695
21691.406250,0.001549960482
21697.265625,0.001496239779
21703.125000,0.001887684419
21708.984375,0.001327403663
21714.843750,0.002319852016
21720.703125,0.002153614925
21726.562500,0.000310027173
21732.421875,0.001035039850
21738.281250,0.002552226518
21744.140625,0.003042642015
21750.000000,0.003381573822
21755.859375,0.002351433521
21761.718750,0.000316360017
21767.578125,0.004090859641
21773.437500,0.003671400029
21779.296875,0.000421278230
21785.156250,0.002157157006
21791.015625,0.003784408265
21796.875000,0.001117888814
21802.734375,0.003843075133
21808.593750,0.003134391074
21814.453125,0.002653975278
21820.312500,0.003152974213
21826.171875,0.001712342692
21832.031250,0.001191929722
21837.890625,0.001756728669
21843.750000,0.002102205498
21849.609375,0.003237947803
21855.468750,0.003517617598
21861.328125,0.002899922678
21867.187500,0.002167726239
21873.046875,0.003248294346
21878.906250,0.004995123958
21884.765625,0.002806745465
21890.625000,0.000810400536
21896.484375,0.002005969000
21902.343750,0.002816101909
21908.203125,0.000451277736
21914.062500,0.002885820127
21919.921875,0.003842859480
21925.781250,0.004434116119
21931.640625,0.002247216480
21937.500000,0.002933437235
21943.359375,0.003542725287
21949.218750,0.001294370350
21955.078125,0.000484867629
21960.937500,0.001392342991
21966.796875,0.001794047372
21972.656250,0.002593133243
21978.515625,0.001797452136
21984.375000,0.002530986597
21990.234375,0.002400447190
21996.093750,0.002169907626
22001.953125,0.000567334817
22007.812500,0.003651607084
22013.671875,0.000871774313
22019.531250,0.003907686944
22025.390625,0.003619933291
22031.250000,0.003691306830
22037.109375,0.004825664060
22042.968750,0.004469804709
22048.828125,0.004712042475
22054.687500,0.004091613959
22060.546875,0.003395399146
22066.406250,0.001031518892
22072.265625,0.001879026012
22078.125000,0.001466333078
22083.984375,0.003535234987
22089.843750,0.005875186548
22095.703125,0.002829112243
22101.562500,0.000352285794
22107.421875,0.001855113209
22113.281250,0.001565163842
22119.140625,0.001306009052
22125.000000,0.002576874813
22130.859375,0.002838100122
22136.718750,0.002081015261
22142.578125,0.002020742857
22148.437500,0.002567770439
22154.296875,0.002021661480
22160.156250,0.001271335442
22166.015625,0.001720813860
22171.875000,0.000803309940
22177.734375,0.001694361421
22183.593750,0.003384360364
22189.453125,0.004272920745
22195.312500,0.004872996744
22201.171875,0.005355918948
22207.031250,0.003447272445
22212.890625,0.003878999988
22218.750000,0.002736195984
22224.609375,0.000480529243
22230.468750,0.002800872087
22236.328125,0.003274658104
22242.187500,0.002245447370
22248.046875,0.001876744242
22253.906250,0.004117763290
22259.765625,0.002710302114
22265.625000,0.003531439735
22271.484375,0.004672944662
22277.343750,0.002708266407
22283.203125,0.002837546721
22289.062500,0.004529568637
22294.921875,0.004012170369
22300.781250,0.000971516980
22306.640625,0.002594569011
22312.500000,0.003534366515
22318.359375,0.003322797512
22324.218750,0.001578159695
22330.078125,0.001791918956
22335.937500,0.001764035900
22341.796875,0.001571583486
22347.656250,0.002732610680
22353.515625,0.001261304052
22359.375000,0.001926160767
22365.234375,0.002370381290
22371.093750,0.001267483437
22376.953125,0.000451303924
22382.812500,0.004535992442
22388.671875,0.006120738010
22394.531250,0.001972794263
22400.390625,0.002859875838
22406.250000,0.001436834517
22412.109375,0.001267182034
22417.968750,0.003782632370
22423.828125,0.004440464876
22429.687500,0.004999601450
22435.546875,0.000220333356
22441.406250,0.003286809745
22447.265625,0.002018657776
22453.125000,0.002085373042
22458.984375,0.002083954280
22464.843750,0.004635673501
22470.703125,0.004166578555
22476.562500,0.002360713867
22482.421875,0.002576071039
22488.281250,0.000757975519
22494.140625,0.002583588067
22500.000000,0.003032531284
22505.859375,0.003584356666
22511.718750,0.001217776469
22517.578125,0.004687863371
22523.437500,0.002907169863
22529.296875,0.001085079852
22535.156250,0.001212599118
22541.015625,0.002152347129
22546.875000,0.002778588269
22552.734375,0.004624009172
22558.593750,0.001827644860
22564.453125,0.000766800484
22570.312500,0.002422024032
22576.171875,0.000622432633
22582.031250,0.002501381076
22587.890625,0.002249310430
22593.750000,0.001016970977
22599.609375,0.002019989705
22605.468750,0.003611907703
22611.328125,0.004535511592
22617.187500,0.003578805052
22623.046875,0.001718389612
22628.906250,0.002416347597
22634.765625,0.004164109922
22640.625000,0.005122940739
22646.484375,0.005144935648
22652.343750,0.005558536445
22658.203125,0.002493147890
22664.062500,0.002757925521
22669.921875,0.004809110188
22675.781250,0.000847227300
22681.640625,0.003292622234
22687.500000,0.001420125783
22693.359375,0.001566441271
22699.218750,0.001980656882
22705.078125,0.002248637808
22710.937500,0.000963184069
22716.796875,0.001356499508
22722.656250,0.000627044983
22728.515625,0.003223736449
22734.375000,0.005395355328
22740.234375,0.002642809978
22746.093750,0.000674579268
22751.953125,0.003033914493
22757.812500,0.003854512499
22763.671875,0.000878218303
22769.531250,0.001442006620
22775.390625,0.001421857729
22781.250000,0.002063411631
22787.109375,0.003181079817
22792.968750,0.003933655432
22798.828125,0.000497176626
22804.687500,0.002568353556
22810.546875,0.001372475083
22816.406250,0.000899886461
22822.265625,0.000527156689
22828.125000,0.001601586424
22833.984375,0.000475105888
22839.843750,0.001975207437
22845.703125,0.003801797647
22851.562500,0.003103714103
22857.421875,0.001248432328
22863.281250,0.000549310734
22869.140625,0.001062748022
22875.000000,0.001238823601
22880.859375,0.000224325882
22886.718750,0.000904268827
22892.578125,0.001126943880
22898.437500,0.002333248741
22904.296875,0.000660774024
22910.156250,0.001039687452
22916.015625,0.001674274830
22921.875000,0.001143169480
22927.734375,0.003275961735
22933.593750,0.001542911810
22939.453125,0.003467010441
22945.312500,0.003046740723
22951.171875,0.003791722307
22957.031250,0.005320476191
22962.890625,0.002176299080
22968.750000,0.001135732152
22974.609375,0.002585468441
22980.468750,0.004471793965
22986.328125,0.001924865144
22992.187500,0.002255729469
22998.046875,0.000779440412
23003.906250,0.002052291870
23009.765625,0.003980813716
23015.625000,0.003806786452
23021.484375,0.002770491399
23027.343750,0.000967835973
23033.203125,0.000838359680
23039.062500,0.001139156158
23044.921875,0.002448362166
23050.781250,0.002508762929
23056.640625,0.003394544050
23062.500000,0.003212042268
23068.359375,0.003476889861
23074.218750,0.000811499978
23080.078125,0.001830795898
23085.937500,0.001720299117
23091.796875,0.000553556869
23097.656250,0.001494980985
23103.515625,0.001277657923
23109.375000,0.005273156063
23115.234375,0.005555070507
23121.093750,0.004962360880
23126.953125,0.004104626954
23132.812500,0.001289460001
23138.671875,0.001391418977
23144.531250,0.004033013742
23150.390625,0.005267890765
23156.250000,0.004249337289
23162.109375,0.002412315977
23167.968750,0.001070402439
23173.828125,0.001220027478
23179.687500,0.001399736647
23185.546875,0.003239667322
23191.406250,0.002833092389
23197.265625,0.001777935736
23203.125000,0.001601637486
23208.984375,0.001356113387
23214.843750,0.002923365035
23220.703125,0.002405104638
23226.562500,0.002877265231
23232.421875,0.001846438404
23238.281250,0.002243723951
23244.140625,0.001292904245
23250.000000,0.002697933198
23255.859375,0.004314585566
23261.718750,0.003152811908
23267.578125,0.001156390805
23273.437500,0.001720720305
23279.296875,0.001490670410
23285.156250,0.002664107464
23291.015625,0.002313215948
23296.875000,0.002001033602
23302.734375,0.000952119974
23308.593750,0.003378345477
23314.453125,0.004211680872
23320.312500,0.003191992824
23326.171875,0.003867352717
23332.031250,0.004770917686
23337.890625,0.002177986206
23343.750000,0.004100567121
23349.609375,0.003438875760
23355.468750,0.004742891735
23361.328125,0.003271162194
23367.187500,0.002546031577
23373.046875,0.002522125176
23378.906250,0.001668170672
23384.765625,0.001978155144
23390.625000,0.001604648052
23396.484375,0.002098269288
23402.343750,0.002227114979
23408.203125,0.001491962627
23414.062500,0.001458383651
23419.921875,0.001175008904
23425.781250,0.001342288915
23431.640625,0.003045843079
23437.500000,0.001029150732
23443.359375,0.003303925434
23449.218750,0.003860712631
23455.078125,0.001275192494
23460.937500,0.001944637732
23466.796875,0.001384537861
23472.656250,0.000546970908
23478.515625,0.001283960598
23484.375000,0.002126848118
23490.234375,0.004278422050
23496.093750,0.003523951965
23501.953125,0.000811220101
23507.812500,0.001497935294
23513.671875,0.002533774251
23519.531250,0.001604329154
23525.390625,0.001832234483
23531.250000,0.003146202763
23537.109375,0.002441972858
23542.968750,0.001162195063
23548.828125,0.000774717098
23554.687500,0.001789841067
23560.546875,0.001925011660
23566.406250,0.002119007047
23572.265625,0.003147315340
23578.125000,0.002176070508
23583.984375,0.001745722061
23589.843750,0.002439791656
23595.703125,0.000837305991
23601.562500,0.001702473921
23607.421875,0.001838633222
23613.281250,0.001711999306
23619.140625,0.001491182826
23625.000000,0.001651320468
23630.859375,0.003840159450
23636.718750,0.004210954192
23642.578125,0.002710133343
23648.437500,0.001971841879
23654.296875,0.001795059161
23660.156250,0.002943032974
23666.015625,0.004051815494
23671.875000,0.001120777087
23677.734375,0.000711536529
23683.593750,0.001128776956
23689.453125,0.001603722955
23695.312500,0.001471158392
23701.171875,0.004338776483
23707.031250,0.005865006298
23712.890625,0.004222029127
23718.750000,0.003795320278
23724.609375,0.004734287860
23730.468750,0.003315144885
23736.328125,0.001749206628
23742.187500,0.001397211473
23748.046875,0.003406586114
23753.906250,0.001897146202
23759.765625,0.002841003455
23765.625000,0.002978494027
23771.484375,0.002744689262
23777.343750,0.000624064617
23783.203125,0.002605834689
23789.062500,0.001639745462
23794.921875,0.004040428614
23800.781250,0.001983398853
23806.640625,0.001162150419
23812.500000,0.000680423462
23818.359375,0.001395379799
23824.218750,0.001556159259
23830.078125,0.002482034664
23835.937500,0.002185078395
23841.796875,0.001854959076
23847.656250,0.002427898193
23853.515625,0.002956931732
23859.375000,0.004699636651
23865.234375,0.005236334153
23871.093750,0.003994398133
23876.953125,0.001462518809
23882.812500,0.003420179242
23888.671875,0.001946869213
23894.531250,0.002646898269
23900.390625,0.001359606774
23906.250000,0.004223206977
23912.109375,0.006416795761
23917.968750,0.003881239810
23923.828125,0.001728259579
23929.687500,0.003238460795
23935.546875,0.003808069350
23941.406250,0.003692161492
23947.265625,0.003401592806
23953.125000,0.002130661403
23958.984375,0.003357489635
23964.843750,0.005996825853
23970.703125,0.004048384609
23976.562500,0.004839592391
23982.421875,0.001525910933
23988.281250,0.001384639823
23994.140625,0.000791721217
