source_file,260630_0016.wav
sample_rate_hz,48000
fft_size,8192
dominant_frequency_hz,41.015625
note,first-window FFT only; dominant_frequencies.csv uses full-file average spectrum

frequency_hz,magnitude
0.000000,32.878150257445
5.859375,22.387648283935
11.718750,14.761137530560
17.578125,14.261183285891
23.437500,21.351990176590
29.296875,23.984359191504
35.156250,15.134572471152
41.015625,32.459023871219
46.875000,6.386220574314
52.734375,6.167826427934
58.593750,12.774783996451
64.453125,11.490133188765
70.312500,4.236739791352
76.171875,5.822427379012
82.031250,4.619807960716
87.890625,3.630905631828
93.750000,10.137214140438
99.609375,7.200214948910
105.468750,5.919038972260
111.328125,3.539090468786
117.187500,3.530535422925
123.046875,2.053952152186
128.906250,3.563297789845
134.765625,4.144858487790
140.625000,0.615954757547
146.484375,2.273735504620
152.343750,5.095139959643
158.203125,4.110074606108
164.062500,3.591870731367
169.921875,2.509982883710
175.781250,4.005046532195
181.640625,5.511216600940
187.500000,3.926171414148
193.359375,1.457958439209
199.218750,2.006852351055
205.078125,0.461255087597
210.937500,2.370318270518
216.796875,2.912032056801
222.656250,1.624137694034
228.515625,3.301321394613
234.375000,3.372395914999
240.234375,1.988877249699
246.093750,1.361850408504
251.953125,0.773244082486
257.812500,0.414036699310
263.671875,0.692714716181
269.531250,0.555550511891
275.390625,0.652609941414
281.250000,0.519191577299
287.109375,0.318920697870
292.968750,0.591864587270
298.828125,0.553530454791
304.687500,0.568866891054
310.546875,0.358151863102
316.406250,0.116953834109
322.265625,0.140546945695
328.125000,0.254309052199
333.984375,0.337587880408
339.843750,0.410812549633
345.703125,0.899265961303
351.562500,0.639782411324
357.421875,0.734979500847
363.281250,0.678252456189
369.140625,0.761196889040
375.000000,0.249308342715
380.859375,0.475561349323
386.718750,1.528318660579
392.578125,1.421813171183
398.437500,0.783441311699
404.296875,0.095983452972
410.156250,0.047310778941
416.015625,0.613705299399
421.875000,0.746374731923
427.734375,0.529882662428
433.593750,0.881684254025
439.453125,1.316578792386
445.312500,0.641765188111
451.171875,0.226120536457
457.031250,0.618322106643
462.890625,0.841622876168
468.750000,1.267860410190
474.609375,1.868105448232
480.468750,1.930979863376
486.328125,1.427204154520
492.187500,0.628816660390
498.046875,1.267539657232
503.906250,0.646014725458
509.765625,0.585864755917
515.625000,0.635373842882
521.484375,0.242144915599
527.343750,0.345006982655
533.203125,0.331082092902
539.062500,0.268185129719
544.921875,0.668285273527
550.781250,0.456649497422
556.640625,1.821441514744
562.500000,0.839171246347
568.359375,0.661951459051
574.218750,0.405420666078
580.078125,0.496475255647
585.937500,1.419453903657
591.796875,1.699864934219
597.656250,0.382576895808
603.515625,0.208695360969
609.375000,0.681678804587
615.234375,0.481002548765
621.093750,0.483342486996
626.953125,0.791666975303
632.812500,0.679804580376
638.671875,1.582318441660
644.531250,0.148867967993
650.390625,0.536894530527
656.250000,0.490812902336
662.109375,0.800257692938
667.968750,0.419383059053
673.828125,0.836826749149
679.687500,1.065934836550
685.546875,0.414956914810
691.406250,0.348665421904
697.265625,0.242800763665
703.125000,0.195879887452
708.984375,0.966803474054
714.843750,0.093971235508
720.703125,0.430893412182
726.562500,0.383679438701
732.421875,0.559692100656
738.281250,0.806375586157
744.140625,1.442803437887
750.000000,1.236471379940
755.859375,0.420779982855
761.718750,0.236620222529
767.578125,0.779074468475
773.437500,0.574445441894
779.296875,0.983494600983
785.156250,1.114051528533
791.015625,0.603871759677
796.875000,0.597821564667
802.734375,0.365696858978
808.593750,0.287275431085
814.453125,0.428043496185
820.312500,0.633315029315
826.171875,0.950220958062
832.031250,0.907880012525
837.890625,0.884969167206
843.750000,1.212225473116
849.609375,1.632230835610
855.468750,1.663972118693
861.328125,0.866718135278
867.187500,0.220271287790
873.046875,0.772009161413
878.906250,0.622672537763
884.765625,0.735698444452
890.625000,1.240461477777
896.484375,0.658865594304
902.343750,1.171928579478
908.203125,0.351424951448
914.062500,0.734143889268
919.921875,0.892271870469
925.781250,0.457816183308
931.640625,1.326420816943
937.500000,1.542577535861
943.359375,0.893076329047
949.218750,0.275392801652
955.078125,0.984051436519
960.937500,0.564591167702
966.796875,0.374789440296
972.656250,1.207442823096
978.515625,0.797836042447
984.375000,0.659777854774
990.234375,0.319321269205
996.093750,1.795123999638
1001.953125,1.190011250710
1007.812500,0.328105887817
1013.671875,0.595025745995
1019.531250,0.528264326724
1025.390625,0.929630845132
1031.250000,0.439751130118
1037.109375,0.835349067065
1042.968750,0.611590031158
1048.828125,0.631476754405
1054.687500,1.140682771158
1060.546875,1.055756208490
1066.406250,0.410944331385
1072.265625,1.081745797832
1078.125000,0.544247193277
1083.984375,0.472638400001
1089.843750,0.452521821364
1095.703125,0.491488558377
1101.562500,0.106247511027
1107.421875,0.705311041448
1113.281250,0.284411646460
1119.140625,0.593478726445
1125.000000,1.208784366153
1130.859375,0.883759578120
1136.718750,0.472563149577
1142.578125,0.832754258494
1148.437500,0.760088166839
1154.296875,0.910922207285
1160.156250,0.977170819356
1166.015625,0.955396269302
1171.875000,1.002581718364
1177.734375,1.037948039543
1183.593750,0.559288416237
1189.453125,0.715562073682
1195.312500,0.675594954347
1201.171875,0.737880343637
1207.031250,1.180213535300
1212.890625,1.078942492097
1218.750000,0.405833697820
1224.609375,0.812716395020
1230.468750,1.522894381003
1236.328125,1.413436519643
1242.187500,1.102601509351
1248.046875,1.848248282006
1253.906250,0.930781352372
1259.765625,1.404137728395
1265.625000,1.149664527506
1271.484375,1.162865921688
1277.343750,0.796890393744
1283.203125,1.129425385320
1289.062500,0.258888560445
1294.921875,1.058915163869
1300.781250,0.440231956692
1306.640625,1.074066494782
1312.500000,0.787576620774
1318.359375,0.619624728463
1324.218750,0.994068836807
1330.078125,0.549354695362
1335.937500,0.539288286272
1341.796875,0.718338356373
1347.656250,0.873779601494
1353.515625,0.987732766676
1359.375000,0.862260334538
1365.234375,0.803352030317
1371.093750,1.070718974853
1376.953125,1.303864841267
1382.812500,0.961288260359
1388.671875,0.830054432799
1394.531250,0.974114650588
1400.390625,1.138435772724
1406.250000,1.093648695166
1412.109375,0.935218440186
1417.968750,1.116234767846
1423.828125,0.965081593717
1429.687500,0.919996275698
1435.546875,1.158991396449
1441.406250,0.769156569181
1447.265625,0.861790852955
1453.125000,1.366367973070
1458.984375,1.104694298104
1464.843750,1.035053771802
1470.703125,0.907021916368
1476.562500,0.635052493942
1482.421875,0.336328145753
1488.281250,0.622931458556
1494.140625,0.581269584010
1500.000000,0.088147240883
1505.859375,0.236011773472
1511.718750,0.231253943357
1517.578125,0.360089133645
1523.437500,0.277771588447
1529.296875,0.496847248157
1535.156250,0.289624909297
1541.015625,0.418986175803
1546.875000,0.444076118327
1552.734375,0.851278827781
1558.593750,0.443636575530
1564.453125,0.362927238355
1570.312500,0.279721607178
1576.171875,0.421202101875
1582.031250,0.281311097303
1587.890625,0.513890363346
1593.750000,0.580671927162
1599.609375,0.248307378376
1605.468750,0.296688467065
1611.328125,0.613907548247
1617.187500,0.300392301414
1623.046875,0.336350325351
1628.906250,0.354428845564
1634.765625,0.322443974931
1640.625000,0.417636270241
1646.484375,0.229542990936
1652.343750,0.747065689310
1658.203125,0.488243468244
1664.062500,0.388104311555
1669.921875,0.417979266648
1675.781250,0.529981176544
1681.640625,0.549755451543
1687.500000,0.582928445066
1693.359375,0.368465179122
1699.218750,0.649075617483
1705.078125,0.424480697586
1710.937500,0.342129140500
1716.796875,0.362931109183
1722.656250,0.366176807924
1728.515625,0.596443503095
1734.375000,0.188319421142
1740.234375,0.284182849871
1746.093750,0.246388403192
1751.953125,0.200957329043
1757.812500,0.497007145701
1763.671875,0.117437771629
1769.531250,0.282782296254
1775.390625,0.338996131649
1781.250000,0.295321387679
1787.109375,0.037223585532
1792.968750,0.457938928415
1798.828125,0.124916240063
1804.687500,0.328514370754
1810.546875,0.174255915468
1816.406250,0.398342624532
1822.265625,0.497613672492
1828.125000,0.365622697992
1833.984375,0.720344367116
1839.843750,0.260511411070
1845.703125,0.330033580657
1851.562500,0.210652232915
1857.421875,0.380712159181
1863.281250,0.045424718918
1869.140625,0.304486737305
1875.000000,0.077883591882
1880.859375,0.297199918048
1886.718750,0.224102536245
1892.578125,0.285517781855
1898.437500,0.130319782433
1904.296875,0.363592526845
1910.156250,0.358323744758
1916.015625,0.303782242262
1921.875000,0.195129047045
1927.734375,0.145034742035
1933.593750,0.367782654598
1939.453125,0.251656303735
1945.312500,0.381050375854
1951.171875,0.233854210420
1957.031250,0.077965815620
1962.890625,0.310672075447
1968.750000,0.091896044448
1974.609375,0.288123436119
1980.468750,0.167599846170
1986.328125,0.234739302592
1992.187500,0.083617339477
1998.046875,0.052385270199
2003.906250,0.232489492507
2009.765625,0.192517695530
2015.625000,0.077648152220
2021.484375,0.071063682091
2027.343750,0.165219083549
2033.203125,0.143442023379
2039.062500,0.138761233564
2044.921875,0.162711713723
2050.781250,0.143064682729
2056.640625,0.239211685578
2062.500000,0.125243888585
2068.359375,0.182291058695
2074.218750,0.108651748924
2080.078125,0.203245778913
2085.937500,0.188751290838
2091.796875,0.105222838356
2097.656250,0.049148990904
2103.515625,0.133765974397
2109.375000,0.178923531660
2115.234375,0.178828287208
2121.093750,0.304951068540
2126.953125,0.268293284193
2132.812500,0.101681813901
2138.671875,0.145362963624
2144.531250,0.298927374179
2150.390625,0.196278978370
2156.250000,0.422481203434
2162.109375,0.053720981000
2167.968750,0.226415188530
2173.828125,0.335495456713
2179.687500,0.267970034319
2185.546875,0.433590871208
2191.406250,0.436841478982
2197.265625,0.576569496972
2203.125000,0.460628726389
2208.984375,0.454825561325
2214.843750,0.696078642499
2220.703125,0.338187574430
2226.562500,0.539131029748
2232.421875,0.623496618060
2238.281250,0.545451192654
2244.140625,0.422631050065
2250.000000,0.576214017272
2255.859375,0.420826078331
2261.718750,0.475885083536
2267.578125,0.334259417027
2273.437500,0.525841684293
2279.296875,0.649970458790
2285.156250,0.466449642859
2291.015625,0.364413293022
2296.875000,0.691797459505
2302.734375,0.413889502983
2308.593750,0.521054069347
2314.453125,0.324398835059
2320.312500,0.401286915975
2326.171875,0.521036578788
2332.031250,0.307507654362
2337.890625,0.370161734944
2343.750000,0.443962118565
2349.609375,0.391949490777
2355.468750,0.451577017692
2361.328125,0.233552332507
2367.187500,0.424335070762
2373.046875,0.248062438672
2378.906250,0.467307244039
2384.765625,0.419998772396
2390.625000,0.308924269764
2396.484375,0.419419349114
2402.343750,0.452011457542
2408.203125,0.628762424038
2414.062500,0.418481580812
2419.921875,0.442851133317
2425.781250,0.512686101525
2431.640625,0.591758225588
2437.500000,0.612019472636
2443.359375,0.510000328662
2449.218750,0.583231907746
2455.078125,0.668384474692
2460.937500,0.684700819874
2466.796875,0.551291270707
2472.656250,0.757945152287
2478.515625,0.674533291150
2484.375000,0.699870979620
2490.234375,0.701403537222
2496.093750,0.841611315811
2501.953125,0.812042359016
2507.812500,0.724866780185
2513.671875,0.735657369382
2519.531250,0.923143977719
2525.390625,0.696516824697
2531.250000,0.806979856655
2537.109375,0.765599058281
2542.968750,0.833610903181
2548.828125,0.787754866570
2554.687500,0.876610497328
2560.546875,0.770358821004
2566.406250,0.748134197582
2572.265625,0.729809445965
2578.125000,0.763384287381
2583.984375,0.781334520540
2589.843750,0.704690985311
2595.703125,0.817108410171
2601.562500,0.589268973746
2607.421875,0.704715293263
2613.281250,0.682558483991
2619.140625,0.567377345511
2625.000000,0.645149581525
2630.859375,0.661907545304
2636.718750,0.642142758899
2642.578125,0.671969765730
2648.437500,0.661959941928
2654.296875,0.653390227937
2660.156250,0.592367610373
2666.015625,0.678586153099
2671.875000,0.700978652336
2677.734375,0.638077814862
2683.593750,0.627560714883
2689.453125,0.853350845169
2695.312500,0.745207397056
2701.171875,0.672316837787
2707.031250,0.723534713111
2712.890625,0.740203610506
2718.750000,0.666673837009
2724.609375,0.816789149328
2730.468750,1.030918872450
2736.328125,0.662662510068
2742.187500,0.702403849687
2748.046875,0.807442725148
2753.906250,0.646080595578
2759.765625,0.647769392718
2765.625000,0.833583844636
2771.484375,0.626750809636
2777.343750,0.693928700042
2783.203125,0.689534200191
2789.062500,0.625225190368
2794.921875,0.688765092014
2800.781250,0.645338382537
2806.640625,0.604228237022
2812.500000,0.708673471835
2818.359375,0.768268316147
2824.218750,0.771877590856
2830.078125,0.769365467662
2835.937500,0.673535855612
2841.796875,0.826373511041
2847.656250,0.701964159751
2853.515625,0.671441921729
2859.375000,0.825276947863
2865.234375,0.720108181893
2871.093750,0.826467829398
2876.953125,0.706139242800
2882.812500,0.762096218563
2888.671875,0.935445538132
2894.531250,0.756436874569
2900.390625,0.701233504245
2906.250000,0.663765914833
2912.109375,0.718636980451
2917.968750,0.547331780415
2923.828125,0.742063357868
2929.687500,0.576364365187
2935.546875,0.517224571105
2941.406250,0.681678706251
2947.265625,0.569941765515
2953.125000,0.441471736128
2958.984375,0.553525452991
2964.843750,0.484037033181
2970.703125,0.403560108198
2976.562500,0.450705231955
2982.421875,0.553194537868
2988.281250,0.401057938053
2994.140625,0.433548740271
3000.000000,0.484049011233
3005.859375,0.417374392392
3011.718750,0.414103003300
3017.578125,0.465376870704
3023.437500,0.432474089800
3029.296875,0.402617244238
3035.156250,0.437704825728
3041.015625,0.461768278046
3046.875000,0.316111980699
3052.734375,0.477496977219
3058.593750,0.456815957308
3064.453125,0.477991485880
3070.312500,0.484414829930
3076.171875,0.348268569808
3082.031250,0.406401354419
3087.890625,0.479028150557
3093.750000,0.494223077405
3099.609375,0.557340194005
3105.468750,0.464726033088
3111.328125,0.317985607764
3117.187500,0.574127418267
3123.046875,0.531226846668
3128.906250,0.331342127764
3134.765625,0.520552880567
3140.625000,0.294479756709
3146.484375,0.460403100932
3152.343750,0.459378725862
3158.203125,0.366656756938
3164.062500,0.405401017463
3169.921875,0.375835893706
3175.781250,0.387077385151
3181.640625,0.279942196370
3187.500000,0.435921909239
3193.359375,0.293191988412
3199.218750,0.346712723359
3205.078125,0.330472290515
3210.937500,0.262916787842
3216.796875,0.415073060493
3222.656250,0.218943446851
3228.515625,0.360471963263
3234.375000,0.240316376901
3240.234375,0.253262108690
3246.093750,0.263234672656
3251.953125,0.293346714311
3257.812500,0.252515274632
3263.671875,0.165044191206
3269.531250,0.214720375092
3275.390625,0.336746492925
3281.250000,0.238518902277
3287.109375,0.226438645966
3292.968750,0.245628555599
3298.828125,0.235699791234
3304.687500,0.197857535744
3310.546875,0.213736693693
3316.406250,0.225453527494
3322.265625,0.211150896451
3328.125000,0.183572361184
3333.984375,0.163010262964
3339.843750,0.162821331009
3345.703125,0.221617120213
3351.562500,0.171546331209
3357.421875,0.086477641682
3363.281250,0.190648270306
3369.140625,0.245419767555
3375.000000,0.197639073668
3380.859375,0.139247125172
3386.718750,0.132233969288
3392.578125,0.132072030891
3398.437500,0.197904575831
3404.296875,0.206248465766
3410.156250,0.153548612648
3416.015625,0.124488867622
3421.875000,0.183163009159
3427.734375,0.147969419529
3433.593750,0.178169404749
3439.453125,0.154238904886
3445.312500,0.181206580625
3451.171875,0.183986343226
3457.031250,0.165643300468
3462.890625,0.123962692015
3468.750000,0.194966783438
3474.609375,0.233146664731
3480.468750,0.173234350287
3486.328125,0.137820215979
3492.187500,0.215762301262
3498.046875,0.137421874931
3503.906250,0.126895919974
3509.765625,0.177366326546
3515.625000,0.178596739856
3521.484375,0.306687917711
3527.343750,0.097292175054
3533.203125,0.186496258810
3539.062500,0.148543221752
3544.921875,0.241359131098
3550.781250,0.156343418317
3556.640625,0.106594460320
3562.500000,0.213702392730
3568.359375,0.170686715400
3574.218750,0.132297929961
3580.078125,0.125577778388
3585.937500,0.199809167919
3591.796875,0.097913803346
3597.656250,0.121466082004
3603.515625,0.139946274292
3609.375000,0.185364663782
3615.234375,0.098410427546
3621.093750,0.228329308863
3626.953125,0.045272528997
3632.812500,0.146277649858
3638.671875,0.146676431454
3644.531250,0.169153866259
3650.390625,0.096112333708
3656.250000,0.155557311288
3662.109375,0.076238002831
3667.968750,0.242877713707
3673.828125,0.083571909216
3679.687500,0.151595385646
3685.546875,0.152941996269
3691.406250,0.178727131188
3697.265625,0.222574448814
3703.125000,0.170929567570
3708.984375,0.128951839167
3714.843750,0.231892817940
3720.703125,0.150759710970
3726.562500,0.251301389152
3732.421875,0.227144876846
3738.281250,0.166234809561
3744.140625,0.152041036016
3750.000000,0.256116580298
3755.859375,0.244659613360
3761.718750,0.325055276228
3767.578125,0.167287795798
3773.437500,0.331509198282
3779.296875,0.216664809241
3785.156250,0.279438150387
3791.015625,0.219127557571
3796.875000,0.188729386747
3802.734375,0.349544071528
3808.593750,0.261820517194
3814.453125,0.288395664522
3820.312500,0.241296547924
3826.171875,0.303114085021
3832.031250,0.239083670646
3837.890625,0.225590421255
3843.750000,0.239191293195
3849.609375,0.361084499482
3855.468750,0.214496299074
3861.328125,0.345296961127
3867.187500,0.281108504702
3873.046875,0.264650879573
3878.906250,0.228549289304
3884.765625,0.214320701557
3890.625000,0.296350234516
3896.484375,0.257135484293
3902.343750,0.367918844547
3908.203125,0.135021452161
3914.062500,0.351455701841
3919.921875,0.471395461160
3925.781250,0.428399447951
3931.640625,0.110374589621
3937.500000,0.302316409411
3943.359375,0.357100553048
3949.218750,0.204143737416
3955.078125,0.370556636889
3960.937500,0.305703605177
3966.796875,0.238742335877
3972.656250,0.278980454088
3978.515625,0.230400419041
3984.375000,0.221916859597
3990.234375,0.308650911457
3996.093750,0.262273298372
4001.953125,0.218935111432
4007.812500,0.269020075415
4013.671875,0.183621774167
4019.531250,0.290284195554
4025.390625,0.188430900195
4031.250000,0.262822270846
4037.109375,0.187259686828
4042.968750,0.148220247436
4048.828125,0.198171483640
4054.687500,0.277986475329
4060.546875,0.142412570426
4066.406250,0.206767103520
4072.265625,0.118816659561
4078.125000,0.205402110410
4083.984375,0.102277446051
4089.843750,0.194701171644
4095.703125,0.084267323902
4101.562500,0.180073296301
4107.421875,0.186264518254
4113.281250,0.163424620477
4119.140625,0.135339456462
4125.000000,0.174982787960
4130.859375,0.169553455892
4136.718750,0.156854615114
4142.578125,0.183782673525
4148.437500,0.161856780006
4154.296875,0.142955078912
4160.156250,0.239661322927
4166.015625,0.158217969799
4171.875000,0.254845710142
4177.734375,0.151448384423
4183.593750,0.209852081750
4189.453125,0.217895708636
4195.312500,0.251043566487
4201.171875,0.170463643563
4207.031250,0.157473662281
4212.890625,0.252054349251
4218.750000,0.219826439975
4224.609375,0.224496775431
4230.468750,0.241848848285
4236.328125,0.189686607738
4242.187500,0.188169637651
4248.046875,0.166319471028
4253.906250,0.167831070804
4259.765625,0.202711167719
4265.625000,0.137988503253
4271.484375,0.190913175633
4277.343750,0.297095310653
4283.203125,0.131354204585
4289.062500,0.174488863146
4294.921875,0.253475772337
4300.781250,0.221316340105
4306.640625,0.130106001671
4312.500000,0.150681469271
4318.359375,0.137875746372
4324.218750,0.210871780133
4330.078125,0.115576133292
4335.937500,0.226139185755
4341.796875,0.190723859631
4347.656250,0.107274192695
4353.515625,0.182120649499
4359.375000,0.142067513623
4365.234375,0.135224967671
4371.093750,0.146849316355
4376.953125,0.102402278948
4382.812500,0.144311226385
4388.671875,0.163134254373
4394.531250,0.150986878228
4400.390625,0.106036018059
4406.250000,0.158778848050
4412.109375,0.129821715478
4417.968750,0.130454104362
4423.828125,0.139215209049
4429.687500,0.071411319675
4435.546875,0.144061078977
4441.406250,0.150369185211
4447.265625,0.138030010703
4453.125000,0.124647231071
4458.984375,0.160932029834
4464.843750,0.053121518143
4470.703125,0.139494744640
4476.562500,0.129160683722
4482.421875,0.110877913825
4488.281250,0.122165656637
4494.140625,0.108693046402
4500.000000,0.182011628587
4505.859375,0.114028829673
4511.718750,0.080075663090
4517.578125,0.113439558179
4523.437500,0.123020225663
4529.296875,0.149845543036
4535.156250,0.095421766511
4541.015625,0.123670182718
4546.875000,0.110645847529
4552.734375,0.104312962742
4558.593750,0.100655162124
4564.453125,0.137984030835
4570.312500,0.153835785502
4576.171875,0.079015841201
4582.031250,0.119382855056
4587.890625,0.090696259279
4593.750000,0.161413630668
4599.609375,0.024523001675
4605.468750,0.094455281513
4611.328125,0.091677357513
4617.187500,0.094974632223
4623.046875,0.115828297560
4628.906250,0.024320589429
4634.765625,0.127773808906
4640.625000,0.133043240671
4646.484375,0.056486046918
4652.343750,0.065535373042
4658.203125,0.124112978881
4664.062500,0.047781077304
4669.921875,0.110755183455
4675.781250,0.073352869432
4681.640625,0.066829437517
4687.500000,0.073144939084
4693.359375,0.057768638428
4699.218750,0.051755697305
4705.078125,0.075584841016
4710.937500,0.095045341501
4716.796875,0.021994037812
4722.656250,0.042399803438
4728.515625,0.073815525283
4734.375000,0.088850867585
4740.234375,0.050349221433
4746.093750,0.025405409927
4751.953125,0.107766761479
4757.812500,0.059475436125
4763.671875,0.057848191044
4769.531250,0.073600922245
4775.390625,0.079504012580
4781.250000,0.065604462026
4787.109375,0.053174915772
4792.968750,0.054568013334
4798.828125,0.059505829543
4804.687500,0.067886226629
4810.546875,0.058429579259
4816.406250,0.094935454575
4822.265625,0.024085661804
4828.125000,0.084194462168
4833.984375,0.107596124559
4839.843750,0.056724617710
4845.703125,0.095813420135
4851.562500,0.054724078076
4857.421875,0.062928025722
4863.281250,0.057486502679
4869.140625,0.088877539990
4875.000000,0.095269368928
4880.859375,0.065897464260
4886.718750,0.109560071490
4892.578125,0.070881872755
4898.437500,0.073277026345
4904.296875,0.095110159606
4910.156250,0.070055074767
4916.015625,0.113713919669
4921.875000,0.067187330347
4927.734375,0.154503297288
4933.593750,0.049840961796
4939.453125,0.108745978498
4945.312500,0.072169137049
4951.171875,0.080055750184
4957.031250,0.114630737558
4962.890625,0.080001875554
4968.750000,0.061417961046
4974.609375,0.092496546958
4980.468750,0.096638303373
4986.328125,0.069543199009
4992.187500,0.083771101774
4998.046875,0.068632948878
5003.906250,0.018429030782
5009.765625,0.078075117848
5015.625000,0.066814181808
5021.484375,0.094082136401
5027.343750,0.062145404016
5033.203125,0.032406903142
5039.062500,0.074915471216
5044.921875,0.054144933253
5050.781250,0.044277910224
5056.640625,0.029885871966
5062.500000,0.079215909650
5068.359375,0.049794386320
5074.218750,0.033200567945
5080.078125,0.066171870481
5085.937500,0.024883915372
5091.796875,0.059202630110
5097.656250,0.051196698988
5103.515625,0.046211443187
5109.375000,0.038720385011
5115.234375,0.036635199982
5121.093750,0.033035686567
5126.953125,0.034407984561
5132.812500,0.044936500596
5138.671875,0.010442639988
5144.531250,0.037820054584
5150.390625,0.022429741523
5156.250000,0.028809543344
5162.109375,0.021705166102
5167.968750,0.017267997640
5173.828125,0.039362942189
5179.687500,0.009757891218
5185.546875,0.030740248237
5191.406250,0.017472006659
5197.265625,0.048348015022
5203.125000,0.021106183982
5208.984375,0.025868167867
5214.843750,0.035070619049
5220.703125,0.039020188641
5226.562500,0.023522988872
5232.421875,0.011142685295
5238.281250,0.034846285631
5244.140625,0.015569916302
5250.000000,0.005089786965
5255.859375,0.030034099410
5261.718750,0.036801157907
5267.578125,0.010112215011
5273.437500,0.018711838270
5279.296875,0.007211739667
5285.156250,0.028291010396
5291.015625,0.005397440282
5296.875000,0.008778494745
5302.734375,0.016275068987
5308.593750,0.019278724039
5314.453125,0.014435964555
5320.312500,0.031944283567
5326.171875,0.010249868823
5332.031250,0.020061263121
5337.890625,0.014500282867
5343.750000,0.014557979605
5349.609375,0.013955009247
5355.468750,0.012249581685
5361.328125,0.023836454742
5367.187500,0.011964052646
5373.046875,0.023850116377
5378.906250,0.024013882814
5384.765625,0.019748641264
5390.625000,0.015625019874
5396.484375,0.029927436954
5402.343750,0.035937895495
5408.203125,0.011162484638
5414.062500,0.015169301909
5419.921875,0.014842022410
5425.781250,0.009613607907
5431.640625,0.033575652907
5437.500000,0.032177747635
5443.359375,0.033626500753
5449.218750,0.027276917236
5455.078125,0.010811387477
5460.937500,0.027611335032
5466.796875,0.037344468280
5472.656250,0.009755224927
5478.515625,0.011554914825
5484.375000,0.005170211740
5490.234375,0.020534435507
5496.093750,0.026748970568
5501.953125,0.006869931502
5507.812500,0.012079953257
5513.671875,0.009121443771
5519.531250,0.026475602467
5525.390625,0.009252456417
5531.250000,0.019001272467
5537.109375,0.008537146800
5542.968750,0.011904262420
5548.828125,0.040708814478
5554.687500,0.053432553013
5560.546875,0.027608934863
5566.406250,0.002236327145
5572.265625,0.015517353357
5578.125000,0.031005155611
5583.984375,0.011218489122
5589.843750,0.009040484395
5595.703125,0.015737179906
5601.562500,0.033535150807
5607.421875,0.028060441286
5613.281250,0.010599136862
5619.140625,0.018897391177
5625.000000,0.014690328275
5630.859375,0.034181183608
5636.718750,0.014991322831
5642.578125,0.019774983823
5648.437500,0.008545067482
5654.296875,0.001591157693
5660.156250,0.037645383214
5666.015625,0.020895573381
5671.875000,0.027142142452
5677.734375,0.044630519155
5683.593750,0.033995077925
5689.453125,0.031998555004
5695.312500,0.016838886886
5701.171875,0.024433955152
5707.031250,0.015951062264
5712.890625,0.037597501165
5718.750000,0.032039515240
5724.609375,0.007638925347
5730.468750,0.045614737759
5736.328125,0.052225094830
5742.187500,0.041230891992
5748.046875,0.045912198607
5753.906250,0.020594286056
5759.765625,0.017739104060
5765.625000,0.021697407323
5771.484375,0.016421423959
5777.343750,0.010899893713
5783.203125,0.037852285882
5789.062500,0.013487876862
5794.921875,0.056644750925
5800.781250,0.016755777304
5806.640625,0.023991225142
5812.500000,0.045242625980
5818.359375,0.058770034843
5824.218750,0.019105799381
5830.078125,0.039100074593
5835.937500,0.036820074567
5841.796875,0.025430641044
5847.656250,0.037336090068
5853.515625,0.052998308045
5859.375000,0.025760508736
5865.234375,0.073284331262
5871.093750,0.036487170240
5876.953125,0.079002941853
5882.812500,0.044472525149
5888.671875,0.020877490803
5894.531250,0.054326958450
5900.390625,0.042951962994
5906.250000,0.024508243212
5912.109375,0.012240372398
5917.968750,0.030837823520
5923.828125,0.019314844797
5929.687500,0.027050163758
5935.546875,0.014993228359
5941.406250,0.029273411290
5947.265625,0.011127500261
5953.125000,0.008297956351
5958.984375,0.030589830082
5964.843750,0.027532858655
5970.703125,0.019158750197
5976.562500,0.026246867288
5982.421875,0.014182515688
5988.281250,0.024104973827
5994.140625,0.020700790768
6000.000000,0.041074101999
6005.859375,0.018633630404
6011.718750,0.025527332473
6017.578125,0.028263383795
6023.437500,0.033502319351
6029.296875,0.018594773588
6035.156250,0.037957549400
6041.015625,0.041852219747
6046.875000,0.027816101118
6052.734375,0.024998780275
6058.593750,0.014290151960
6064.453125,0.008723056423
6070.312500,0.025276331536
6076.171875,0.024031460855
6082.031250,0.008401177278
6087.890625,0.013305762206
6093.750000,0.055312843250
6099.609375,0.052658970467
6105.468750,0.015336697475
6111.328125,0.049413293986
6117.187500,0.072185067458
6123.046875,0.014902494153
6128.906250,0.043313729509
6134.765625,0.044096805798
6140.625000,0.048206402037
6146.484375,0.019168909923
6152.343750,0.062903856997
6158.203125,0.030278750213
6164.062500,0.041214111478
6169.921875,0.040993698469
6175.781250,0.035248930929
6181.640625,0.065771459143
6187.500000,0.055751925072
6193.359375,0.043939940606
6199.218750,0.037335438488
6205.078125,0.062967072149
6210.937500,0.056810441535
6216.796875,0.056217197921
6222.656250,0.033410991888
6228.515625,0.046064235035
6234.375000,0.055473665198
6240.234375,0.057583085850
6246.093750,0.032819430796
6251.953125,0.062705231633
6257.812500,0.047683333153
6263.671875,0.047994824759
6269.531250,0.061910663665
6275.390625,0.010187710479
6281.250000,0.051228557927
6287.109375,0.049353918156
6292.968750,0.008918579530
6298.828125,0.047231928101
6304.687500,0.077536879080
6310.546875,0.033722501548
6316.406250,0.074598738475
6322.265625,0.010030667211
6328.125000,0.062615707703
6333.984375,0.026965528796
6339.843750,0.034697827485
6345.703125,0.046118023243
6351.562500,0.045487914718
6357.421875,0.059568633374
6363.281250,0.038136298579
6369.140625,0.039473341400
6375.000000,0.074003686159
6380.859375,0.042547070827
6386.718750,0.044642360671
6392.578125,0.048916835660
6398.437500,0.054384423897
6404.296875,0.068690321838
6410.156250,0.014237394488
6416.015625,0.062842204533
6421.875000,0.057103320872
6427.734375,0.048123812322
6433.593750,0.070795835270
6439.453125,0.098283142365
6445.312500,0.039292112731
6451.171875,0.092436055792
6457.031250,0.060446695789
6462.890625,0.043223030348
6468.750000,0.093481190201
6474.609375,0.051256070419
6480.468750,0.077439058232
6486.328125,0.058521180329
6492.187500,0.064200615104
6498.046875,0.110074503270
6503.906250,0.043863678957
6509.765625,0.063852374984
6515.625000,0.099308306240
6521.484375,0.028401341434
6527.343750,0.080131799428
6533.203125,0.065129858101
6539.062500,0.033602529663
6544.921875,0.081849778029
6550.781250,0.049348999106
6556.640625,0.092288359521
6562.500000,0.067573352847
6568.359375,0.042574978894
6574.218750,0.070826913790
6580.078125,0.063688326115
6585.937500,0.034817722710
6591.796875,0.069091699783
6597.656250,0.013816036095
6603.515625,0.098146299913
6609.375000,0.035672246079
6615.234375,0.042518673609
6621.093750,0.065578591970
6626.953125,0.043683915464
6632.812500,0.037653346054
6638.671875,0.022733337357
6644.531250,0.056487588028
6650.390625,0.058652754716
6656.250000,0.032593333198
6662.109375,0.039292247164
6667.968750,0.024781385001
6673.828125,0.017799357166
6679.687500,0.052360824907
6685.546875,0.032724184790
6691.406250,0.053882136645
6697.265625,0.028783783203
6703.125000,0.028670140226
6708.984375,0.036913860172
6714.843750,0.034285220836
6720.703125,0.049134782385
6726.562500,0.030518447447
6732.421875,0.035163748382
6738.281250,0.053266844966
6744.140625,0.005870032944
6750.000000,0.044941243797
6755.859375,0.032698989378
6761.718750,0.015856578838
6767.578125,0.036577448732
6773.437500,0.034048071261
6779.296875,0.026232738142
6785.156250,0.027094294970
6791.015625,0.022339250883
6796.875000,0.014721265464
6802.734375,0.022235981012
6808.593750,0.023875339029
6814.453125,0.010174475602
6820.312500,0.025187857670
6826.171875,0.025354743811
6832.031250,0.006131600046
6837.890625,0.018622377208
6843.750000,0.011181778927
6849.609375,0.026624805896
6855.468750,0.016066851286
6861.328125,0.021867152825
6867.187500,0.015237577150
6873.046875,0.021713490971
6878.906250,0.026241453924
6884.765625,0.034353602403
6890.625000,0.004904453217
6896.484375,0.036918445526
6902.343750,0.030438872752
6908.203125,0.023955375753
6914.062500,0.041233681579
6919.921875,0.027722034606
6925.781250,0.020149457701
6931.640625,0.020151281060
6937.500000,0.024128177043
6943.359375,0.041004054500
6949.218750,0.020007559172
6955.078125,0.016224956155
6960.937500,0.022544295862
6966.796875,0.023998501314
6972.656250,0.038494571974
6978.515625,0.013844912923
6984.375000,0.027338320102
6990.234375,0.015837337380
6996.093750,0.011699985885
7001.953125,0.027377714217
7007.812500,0.025194037277
7013.671875,0.027959034027
7019.531250,0.009747735939
7025.390625,0.030954581314
7031.250000,0.003657519517
7037.109375,0.016605480829
7042.968750,0.024980363237
7048.828125,0.024390174739
7054.687500,0.027013186800
7060.546875,0.020129091809
7066.406250,0.026305227322
7072.265625,0.011043226649
7078.125000,0.017300910183
7083.984375,0.019034544503
7089.843750,0.005062610044
7095.703125,0.020731236650
7101.562500,0.004740206358
7107.421875,0.016805181410
7113.281250,0.010717180955
7119.140625,0.013277457395
7125.000000,0.008287120885
7130.859375,0.020863682336
7136.718750,0.007759037399
7142.578125,0.023861637145
7148.437500,0.002966570064
7154.296875,0.016185755486
7160.156250,0.008033079286
7166.015625,0.013138101900
7171.875000,0.017204787071
7177.734375,0.012082198740
7183.593750,0.026117692780
7189.453125,0.013349410188
7195.312500,0.001236683738
7201.171875,0.027140098493
7207.031250,0.021836312955
7212.890625,0.020366091561
7218.750000,0.016625452821
7224.609375,0.018373064534
7230.468750,0.004187290690
7236.328125,0.027407121072
7242.187500,0.022495390853
7248.046875,0.015940489012
7253.906250,0.005199303640
7259.765625,0.022410150843
7265.625000,0.030442482529
7271.484375,0.026095676750
7277.343750,0.012299582214
7283.203125,0.022690855881
7289.062500,0.019862328863
7294.921875,0.022025715900
7300.781250,0.003006611092
7306.640625,0.038126835171
7312.500000,0.034057699555
7318.359375,0.015601755953
7324.218750,0.028322817485
7330.078125,0.019986891289
7335.937500,0.024420955509
7341.796875,0.027757345421
7347.656250,0.042755863483
7353.515625,0.023512088534
7359.375000,0.014908264109
7365.234375,0.040004799688
7371.093750,0.034208773960
7376.953125,0.025633749876
7382.812500,0.054946751579
7388.671875,0.028756808229
7394.531250,0.043175308439
7400.390625,0.039227643457
7406.250000,0.026041631182
7412.109375,0.047217832416
7417.968750,0.057521466061
7423.828125,0.032355548453
7429.687500,0.050038284353
7435.546875,0.063184122028
7441.406250,0.042972289630
7447.265625,0.050316983951
7453.125000,0.040748111614
7458.984375,0.058718181503
7464.843750,0.058984443226
7470.703125,0.047999662036
7476.562500,0.067637908916
7482.421875,0.046782405458
7488.281250,0.065318014458
7494.140625,0.031358498032
7500.000000,0.072106582264
7505.859375,0.066660443869
7511.718750,0.065844096444
7517.578125,0.040193748956
7523.437500,0.060882220656
7529.296875,0.075277257980
7535.156250,0.040295235898
7541.015625,0.042715571752
7546.875000,0.060370844140
7552.734375,0.040645896711
7558.593750,0.047975997526
7564.453125,0.060264667160
7570.312500,0.044209535316
7576.171875,0.050452592287
7582.031250,0.053649733063
7587.890625,0.056794509524
7593.750000,0.038683786034
7599.609375,0.060588983374
7605.468750,0.032820823449
7611.328125,0.050860325758
7617.187500,0.046271830345
7623.046875,0.044674025053
7628.906250,0.049101340898
7634.765625,0.044068679408
7640.625000,0.066791210258
7646.484375,0.041348517836
7652.343750,0.069792732554
7658.203125,0.053224508243
7664.062500,0.042997928411
7669.921875,0.051546256440
7675.781250,0.041993529691
7681.640625,0.064076671065
7687.500000,0.049117196165
7693.359375,0.046503245719
7699.218750,0.050763012427
7705.078125,0.042315738730
7710.937500,0.058750286343
7716.796875,0.044799730507
7722.656250,0.045976051749
7728.515625,0.072452527066
7734.375000,0.040451605453
7740.234375,0.036850358568
7746.093750,0.048068649568
7751.953125,0.037614582333
7757.812500,0.038253971804
7763.671875,0.033024773421
7769.531250,0.032721228023
7775.390625,0.042044585541
7781.250000,0.024654591602
7787.109375,0.025846212364
7792.968750,0.016012192030
7798.828125,0.027217498805
7804.687500,0.008985876447
7810.546875,0.024148952129
7816.406250,0.017531418751
7822.265625,0.014952442682
7828.125000,0.025221920908
7833.984375,0.009035549798
7839.843750,0.007180902699
7845.703125,0.013295646351
7851.562500,0.007899366844
7857.421875,0.021889897581
7863.281250,0.006877008731
7869.140625,0.009898772901
7875.000000,0.016207777605
7880.859375,0.013846951408
7886.718750,0.035853729831
7892.578125,0.039055036570
7898.437500,0.030608641550
7904.296875,0.011006891228
7910.156250,0.021259563395
7916.015625,0.040261816772
7921.875000,0.004987419047
7927.734375,0.018244698396
7933.593750,0.023163209862
7939.453125,0.018297490857
7945.312500,0.039175327833
7951.171875,0.023631668564
7957.031250,0.035893808049
7962.890625,0.031110347520
7968.750000,0.017027100324
7974.609375,0.035157544117
7980.468750,0.021503685144
7986.328125,0.034748870017
7992.187500,0.030928536201
7998.046875,0.051587321150
8003.906250,0.014419630374
8009.765625,0.044609293462
8015.625000,0.035900596314
8021.484375,0.028958515852
8027.343750,0.056992843573
8033.203125,0.054725497029
8039.062500,0.028352323235
8044.921875,0.050373788415
8050.781250,0.022514034885
8056.640625,0.028918122383
8062.500000,0.044164599438
8068.359375,0.070194680628
8074.218750,0.047641053955
8080.078125,0.026501613596
8085.937500,0.047841898753
8091.796875,0.051739477431
8097.656250,0.038981595168
8103.515625,0.060231552135
8109.375000,0.045779628413
8115.234375,0.034690688460
8121.093750,0.022573953195
8126.953125,0.060913557487
8132.812500,0.037968469697
8138.671875,0.036510006808
8144.531250,0.038806729612
8150.390625,0.013619512828
8156.250000,0.052371346245
8162.109375,0.054407899434
8167.968750,0.016198435296
8173.828125,0.040970646698
8179.687500,0.038752722962
8185.546875,0.015253922003
8191.406250,0.036663870093
8197.265625,0.037274020052
8203.125000,0.013517818620
8208.984375,0.040651164417
8214.843750,0.034170100965
8220.703125,0.002438428317
8226.562500,0.019466055207
8232.421875,0.004502354274
8238.281250,0.011067039020
8244.140625,0.015863560848
8250.000000,0.024722140763
8255.859375,0.047300948428
8261.718750,0.024937590121
8267.578125,0.026021004868
8273.437500,0.030741596022
8279.296875,0.030249397119
8285.156250,0.014712251414
8291.015625,0.008558883133
8296.875000,0.020813584075
8302.734375,0.019265729635
8308.593750,0.019979657896
8314.453125,0.018530992915
8320.312500,0.007667058554
8326.171875,0.016094515389
8332.031250,0.027535436501
8337.890625,0.017970541019
8343.750000,0.019613916389
8349.609375,0.035680145644
8355.468750,0.029211497828
8361.328125,0.004640194758
8367.187500,0.036049328381
8373.046875,0.016905040945
8378.906250,0.043228125628
8384.765625,0.031811414217
8390.625000,0.017843303256
8396.484375,0.040505647153
8402.343750,0.014582846185
8408.203125,0.025483790179
8414.062500,0.014065136472
8419.921875,0.034110951062
8425.781250,0.023870937337
8431.640625,0.019080431150
8437.500000,0.022083462318
8443.359375,0.016875848659
8449.218750,0.033755376617
8455.078125,0.020668657020
8460.937500,0.038296118592
8466.796875,0.011634625320
8472.656250,0.020530381456
8478.515625,0.017592770833
8484.375000,0.019133600714
8490.234375,0.031504199529
8496.093750,0.011570512177
8501.953125,0.021884765886
8507.812500,0.020960789288
8513.671875,0.011571997484
8519.531250,0.019187948493
8525.390625,0.035056410812
8531.250000,0.006809810376
8537.109375,0.025355154196
8542.968750,0.022289734766
8548.828125,0.014138550642
8554.687500,0.010678748723
8560.546875,0.033464151474
8566.406250,0.003934121212
8572.265625,0.016704749112
8578.125000,0.011128230376
8583.984375,0.005384308158
8589.843750,0.010201258330
8595.703125,0.015606264126
8601.562500,0.007025086129
8607.421875,0.018238964527
8613.281250,0.010623570227
8619.140625,0.006856665318
8625.000000,0.009713254494
8630.859375,0.013150454440
8636.718750,0.007939338970
8642.578125,0.000801884196
8648.437500,0.021311445886
8654.296875,0.016774226554
8660.156250,0.009837321759
8666.015625,0.021504479435
8671.875000,0.024578417518
8677.734375,0.005027238483
8683.593750,0.011648152337
8689.453125,0.005056649821
8695.312500,0.006349911197
8701.171875,0.008219072287
8707.031250,0.012591968595
8712.890625,0.021888789680
8718.750000,0.020778957074
8724.609375,0.008840715490
8730.468750,0.020917802363
8736.328125,0.013459676725
8742.187500,0.003054304337
8748.046875,0.010314906944
8753.906250,0.009515870631
8759.765625,0.014470494513
8765.625000,0.007893667561
8771.484375,0.014316254160
8777.343750,0.007354428056
8783.203125,0.010354442201
8789.062500,0.011146932894
8794.921875,0.004524109223
8800.781250,0.008204533811
8806.640625,0.017318666536
8812.500000,0.006702350974
8818.359375,0.002998910022
8824.218750,0.001310948003
8830.078125,0.006884853237
8835.937500,0.018232139085
8841.796875,0.010702994543
8847.656250,0.016891987461
8853.515625,0.002431666372
8859.375000,0.017470042113
8865.234375,0.004768963397
8871.093750,0.016528427394
8876.953125,0.002861803831
8882.812500,0.008264962883
8888.671875,0.019366748245
8894.531250,0.002320925806
8900.390625,0.004732827916
8906.250000,0.004372361928
8912.109375,0.002920361168
8917.968750,0.017167051695
8923.828125,0.028120721656
8929.687500,0.003005476261
8935.546875,0.014907729398
8941.406250,0.024246431873
8947.265625,0.024709890326
8953.125000,0.021699906221
8958.984375,0.004921613585
8964.843750,0.017306865964
8970.703125,0.017149803869
8976.562500,0.008327611454
8982.421875,0.007497189696
8988.281250,0.019721790027
8994.140625,0.024419796213
9000.000000,0.009434379683
9005.859375,0.011264188229
9011.718750,0.009552856587
9017.578125,0.016557928226
9023.437500,0.020163275513
9029.296875,0.018623944646
9035.156250,0.021693682872
9041.015625,0.015779130820
9046.875000,0.008130903069
9052.734375,0.021084946459
9058.593750,0.021943314540
9064.453125,0.015454257061
9070.312500,0.013607451397
9076.171875,0.001629897521
9082.031250,0.016011028355
9087.890625,0.006656026459
9093.750000,0.015073645753
9099.609375,0.003950408335
9105.468750,0.011441632723
9111.328125,0.000529666110
9117.187500,0.013184845228
9123.046875,0.007753357046
9128.906250,0.005671004075
9134.765625,0.013789684112
9140.625000,0.012792812345
9146.484375,0.014030718696
9152.343750,0.005329262134
9158.203125,0.005673343863
9164.062500,0.013237078316
9169.921875,0.019677036191
9175.781250,0.012203649563
9181.640625,0.006026919849
9187.500000,0.013668657111
9193.359375,0.021446659859
9199.218750,0.027640030074
9205.078125,0.022044654059
9210.937500,0.006465138884
9216.796875,0.009366075054
9222.656250,0.012718660365
9228.515625,0.004671037762
9234.375000,0.010817273143
9240.234375,0.018346467791
9246.093750,0.005644601689
9251.953125,0.000669651777
9257.812500,0.017116011646
9263.671875,0.006672567065
9269.531250,0.006100164237
9275.390625,0.013975155970
9281.250000,0.013172607029
9287.109375,0.002438612973
9292.968750,0.009349537777
9298.828125,0.009686512351
9304.687500,0.026655950949
9310.546875,0.006131612730
9316.406250,0.014565446334
9322.265625,0.013449154380
9328.125000,0.011043832579
9333.984375,0.011358580699
9339.843750,0.009402996787
9345.703125,0.012456471833
9351.562500,0.009631069743
9357.421875,0.025177301934
9363.281250,0.018337090399
9369.140625,0.012752813495
9375.000000,0.013331248349
9380.859375,0.008836210021
9386.718750,0.019139402151
9392.578125,0.025933484561
9398.437500,0.012215215536
9404.296875,0.012991274011
9410.156250,0.039705421122
9416.015625,0.007841893624
9421.875000,0.023565234403
9427.734375,0.021614072601
9433.593750,0.009592865243
9439.453125,0.013426472572
9445.312500,0.005529858870
9451.171875,0.022921125568
9457.031250,0.007888663109
9462.890625,0.026235236535
9468.750000,0.015422736002
9474.609375,0.003427663208
9480.468750,0.023419960258
9486.328125,0.009975330266
9492.187500,0.021176401560
9498.046875,0.012591842617
9503.906250,0.005938349814
9509.765625,0.024682124674
9515.625000,0.013800529809
9521.484375,0.010363838448
9527.343750,0.022775146100
9533.203125,0.011485871583
9539.062500,0.008602437943
9544.921875,0.030407228460
9550.781250,0.010520502714
9556.640625,0.032802478796
9562.500000,0.004258328632
9568.359375,0.028480400408
9574.218750,0.004901999623
9580.078125,0.024912864745
9585.937500,0.037175175216
9591.796875,0.010002519854
9597.656250,0.019412376581
9603.515625,0.005298894732
9609.375000,0.030693716295
9615.234375,0.020412924297
9621.093750,0.016026877233
9626.953125,0.011085124957
9632.812500,0.014805651069
9638.671875,0.017267285668
9644.531250,0.019708688650
9650.390625,0.021784417793
9656.250000,0.023991473172
9662.109375,0.026048765037
9667.968750,0.023315331625
9673.828125,0.004342818663
9679.687500,0.025572680422
9685.546875,0.006105852010
9691.406250,0.010045090089
9697.265625,0.020890735090
9703.125000,0.023948644337
9708.984375,0.025628913748
9714.843750,0.012590264370
9720.703125,0.027629973160
9726.562500,0.014668749544
9732.421875,0.036559312943
9738.281250,0.025670971355
9744.140625,0.005639198653
9750.000000,0.020115090752
9755.859375,0.006188030437
9761.718750,0.012352340755
9767.578125,0.029074378332
9773.437500,0.014543234054
9779.296875,0.009830817396
9785.156250,0.029428073421
9791.015625,0.030399949649
9796.875000,0.010619416075
9802.734375,0.011068473902
9808.593750,0.021198963320
9814.453125,0.027619247567
9820.312500,0.040805390234
9826.171875,0.018659880905
9832.031250,0.013998074237
9837.890625,0.010836748784
9843.750000,0.019801369164
9849.609375,0.011915406307
9855.468750,0.016834236154
9861.328125,0.002828852789
9867.187500,0.023109451817
9873.046875,0.019045203343
9878.906250,0.010905998594
9884.765625,0.021757337056
9890.625000,0.019292900446
9896.484375,0.037381347502
9902.343750,0.049775601504
9908.203125,0.040557682391
9914.062500,0.048256049313
9919.921875,0.020717524962
9925.781250,0.006892940735
9931.640625,0.017009128387
9937.500000,0.011495486973
9943.359375,0.019523569069
9949.218750,0.007977166689
9955.078125,0.036279206627
9960.937500,0.044577294992
9966.796875,0.023431884058
9972.656250,0.013093360369
9978.515625,0.026179337916
9984.375000,0.031937693974
9990.234375,0.002065096016
9996.093750,0.028246680549
10001.953125,0.031745173545
10007.812500,0.020015854523
10013.671875,0.018966908984
10019.531250,0.005767363737
10025.390625,0.050000149380
10031.250000,0.047340249565
10037.109375,0.012478102607
10042.968750,0.015873351265
10048.828125,0.011822142247
10054.687500,0.039655017808
10060.546875,0.019482841259
10066.406250,0.016768872890
10072.265625,0.018149013613
10078.125000,0.028519919856
10083.984375,0.029594996993
10089.843750,0.018906377656
10095.703125,0.025431565762
10101.562500,0.043233005227
10107.421875,0.032914074349
10113.281250,0.023291510272
10119.140625,0.017650939900
10125.000000,0.026826926157
10130.859375,0.057399962776
10136.718750,0.034083237173
10142.578125,0.044635464484
10148.437500,0.046618762430
10154.296875,0.031015498216
10160.156250,0.036351126004
10166.015625,0.056008998783
10171.875000,0.053531669629
10177.734375,0.047185505036
10183.593750,0.042825512532
10189.453125,0.047490549911
10195.312500,0.035786563261
10201.171875,0.051970826401
10207.031250,0.047033359463
10212.890625,0.060214465036
10218.750000,0.045087935896
10224.609375,0.073308606570
10230.468750,0.061559591336
10236.328125,0.047025528230
10242.187500,0.084861085904
10248.046875,0.050620530045
10253.906250,0.087143847165
10259.765625,0.029955093496
10265.625000,0.082955585819
10271.484375,0.047504539940
10277.343750,0.074384797919
10283.203125,0.056310051026
10289.062500,0.070780689700
10294.921875,0.073280100684
10300.781250,0.045291234684
10306.640625,0.078646627072
10312.500000,0.051968676540
10318.359375,0.054669796822
10324.218750,0.073776442391
10330.078125,0.046154417816
10335.937500,0.070538874294
10341.796875,0.073551831228
10347.656250,0.061558032452
10353.515625,0.043629372642
10359.375000,0.082512444095
10365.234375,0.046821516602
10371.093750,0.080915159457
10376.953125,0.064976053068
10382.812500,0.078998338783
10388.671875,0.054368156011
10394.531250,0.072731571845
10400.390625,0.071919470116
10406.250000,0.081764033262
10412.109375,0.040701097434
10417.968750,0.085169559834
10423.828125,0.076316321199
10429.687500,0.101279202056
10435.546875,0.068905333136
10441.406250,0.071453610165
10447.265625,0.088936508436
10453.125000,0.111698530530
10458.984375,0.091763468945
10464.843750,0.064886082656
10470.703125,0.120913785505
10476.562500,0.097600411268
10482.421875,0.110807253613
10488.281250,0.077556951561
10494.140625,0.125566873784
10500.000000,0.111797999674
10505.859375,0.090674979564
10511.718750,0.109971440762
10517.578125,0.095380147988
10523.437500,0.118111190692
10529.296875,0.127915437580
10535.156250,0.111305784936
10541.015625,0.105740578687
10546.875000,0.120598983104
10552.734375,0.104833606796
10558.593750,0.122283435094
10564.453125,0.115190816631
10570.312500,0.112945790919
10576.171875,0.085668118638
10582.031250,0.101742997221
10587.890625,0.102243747224
10593.750000,0.121872382607
10599.609375,0.097460892523
10605.468750,0.130043827423
10611.328125,0.091057415826
10617.187500,0.133539480086
10623.046875,0.129703642423
10628.906250,0.085868152046
10634.765625,0.141897470852
10640.625000,0.099545324331
10646.484375,0.136874869321
10652.343750,0.098840974960
10658.203125,0.123793907437
10664.062500,0.134917449081
10669.921875,0.097077530944
10675.781250,0.123721535610
10681.640625,0.138127020170
10687.500000,0.156048451061
10693.359375,0.112716115558
10699.218750,0.164262886978
10705.078125,0.097976231858
10710.937500,0.143792785360
10716.796875,0.141520865400
10722.656250,0.169237906552
10728.515625,0.119647191531
10734.375000,0.145052368776
10740.234375,0.163798244715
10746.093750,0.149076324192
10751.953125,0.139549253115
10757.812500,0.159953642723
10763.671875,0.159545608161
10769.531250,0.160870911422
10775.390625,0.146879610810
10781.250000,0.133821517598
10787.109375,0.157276613791
10792.968750,0.152188612428
10798.828125,0.160864223933
10804.687500,0.130602191799
10810.546875,0.121771913954
10816.406250,0.163743301974
10822.265625,0.154568794380
10828.125000,0.136958562415
10833.984375,0.109263515354
10839.843750,0.155529616269
10845.703125,0.153756543898
10851.562500,0.176845124222
10857.421875,0.107160043291
10863.281250,0.144945964224
10869.140625,0.107139997745
10875.000000,0.123561238369
10880.859375,0.144820299953
10886.718750,0.124116169895
10892.578125,0.142833556836
10898.437500,0.130684032596
10904.296875,0.147105688903
10910.156250,0.110866924560
10916.015625,0.126027746898
10921.875000,0.131263280449
10927.734375,0.134775030730
10933.593750,0.109669114002
10939.453125,0.143698031774
10945.312500,0.081776864084
10951.171875,0.140747847790
10957.031250,0.115579559773
10962.890625,0.138025738873
10968.750000,0.117227011073
10974.609375,0.109197494359
10980.468750,0.148941140843
10986.328125,0.117250863596
10992.187500,0.104258036880
10998.046875,0.127842592585
11003.906250,0.113146082678
11009.765625,0.119032675328
11015.625000,0.110053543833
11021.484375,0.097678885665
11027.343750,0.106429498489
11033.203125,0.118242778881
11039.062500,0.068685535416
11044.921875,0.133253051555
11050.781250,0.092407380212
11056.640625,0.087777178618
11062.500000,0.082952928946
11068.359375,0.100759098707
11074.218750,0.087492077168
11080.078125,0.120939764463
11085.937500,0.085807525568
11091.796875,0.092987662189
11097.656250,0.083396449813
11103.515625,0.128217726724
11109.375000,0.036989288685
11115.234375,0.101674132950
11121.093750,0.075584486531
11126.953125,0.069069418553
11132.812500,0.105359852347
11138.671875,0.100608203115
11144.531250,0.071331896885
11150.390625,0.071310394584
11156.250000,0.085576660562
11162.109375,0.107497332267
11167.968750,0.077433377098
11173.828125,0.071880521653
11179.687500,0.077359582883
11185.546875,0.063458904839
11191.406250,0.072748913166
11197.265625,0.099866013038
11203.125000,0.111501146217
11208.984375,0.063036179997
11214.843750,0.072949934482
11220.703125,0.097863900733
11226.562500,0.076886039454
11232.421875,0.087627819590
11238.281250,0.077243460293
11244.140625,0.072151007149
11250.000000,0.050533590490
11255.859375,0.097418807209
11261.718750,0.066808697115
11267.578125,0.046904759219
11273.437500,0.101289301127
11279.296875,0.102379775673
11285.156250,0.057727002315
11291.015625,0.073981155999
11296.875000,0.077477480926
11302.734375,0.080187378982
11308.593750,0.073675044826
11314.453125,0.079976673288
11320.312500,0.084386237958
11326.171875,0.056776853371
11332.031250,0.047513305143
11337.890625,0.062414115950
11343.750000,0.113645378499
11349.609375,0.095831837750
11355.468750,0.078322369451
11361.328125,0.069743612578
11367.187500,0.092544704474
11373.046875,0.073114040855
11378.906250,0.056165398164
11384.765625,0.067499542894
11390.625000,0.105042941339
11396.484375,0.085896536382
11402.343750,0.063532126064
11408.203125,0.086386771779
11414.062500,0.067095724379
11419.921875,0.067034746021
11425.781250,0.094662247391
11431.640625,0.083348708305
11437.500000,0.094303076227
11443.359375,0.053202567631
11449.218750,0.116037671280
11455.078125,0.078410347905
11460.937500,0.088523876736
11466.796875,0.090102234780
11472.656250,0.090649256623
11478.515625,0.083874942301
11484.375000,0.054602218389
11490.234375,0.096966400518
11496.093750,0.086809501470
11501.953125,0.095612413224
11507.812500,0.071851939035
11513.671875,0.127046006126
11519.531250,0.073825238345
11525.390625,0.083383690638
11531.250000,0.082741061811
11537.109375,0.076444999066
11542.968750,0.080455438105
11548.828125,0.078455449952
11554.687500,0.065875859814
11560.546875,0.086191730042
11566.406250,0.108222586814
11572.265625,0.112242672996
11578.125000,0.091356395000
11583.984375,0.078320725230
11589.843750,0.105712412901
11595.703125,0.081443763931
11601.562500,0.068014347356
11607.421875,0.110712949861
11613.281250,0.051996018702
11619.140625,0.098403438259
11625.000000,0.094062531330
11630.859375,0.086386129630
11636.718750,0.069060451444
11642.578125,0.101998296798
11648.437500,0.082039830294
11654.296875,0.089077868145
11660.156250,0.077887731313
11666.015625,0.074197766767
11671.875000,0.051974542082
11677.734375,0.094943269773
11683.593750,0.069132055032
11689.453125,0.086941499118
11695.312500,0.085230125720
11701.171875,0.066290169839
11707.031250,0.080455222840
11712.890625,0.057797183735
11718.750000,0.105059922684
11724.609375,0.048783506487
11730.468750,0.107957477703
11736.328125,0.085181972168
11742.187500,0.097940306942
11748.046875,0.044316684557
11753.906250,0.058695727238
11759.765625,0.092986960014
11765.625000,0.053001426208
11771.484375,0.093773968950
11777.343750,0.106358568460
11783.203125,0.072935805884
11789.062500,0.085298682509
11794.921875,0.054104329017
11800.781250,0.058867183016
11806.640625,0.113356114214
11812.500000,0.059898393127
11818.359375,0.074006195376
11824.218750,0.096736992472
11830.078125,0.045725991613
11835.937500,0.105412231926
11841.796875,0.078081972345
11847.656250,0.073476840218
11853.515625,0.060731247650
11859.375000,0.050827357879
11865.234375,0.085065243925
11871.093750,0.038402498374
11876.953125,0.095945733156
11882.812500,0.040797660551
11888.671875,0.073497928199
11894.531250,0.061604972095
11900.390625,0.071734611634
11906.250000,0.087080529768
11912.109375,0.060375113084
11917.968750,0.046043974491
11923.828125,0.074827321458
11929.687500,0.042702267309
11935.546875,0.080390491480
11941.406250,0.065049192287
11947.265625,0.048455913049
11953.125000,0.056587039844
11958.984375,0.063208615619
11964.843750,0.033503121696
11970.703125,0.082408035138
11976.562500,0.060798609697
11982.421875,0.052950593771
11988.281250,0.054136777758
11994.140625,0.067985865200
12000.000000,0.042983852512
12005.859375,0.108207731735
12011.718750,0.083657486184
12017.578125,0.068542806422
12023.437500,0.025329937040
12029.296875,0.055404972676
12035.156250,0.051838693841
12041.015625,0.061010551671
12046.875000,0.034940727695
12052.734375,0.041764837716
12058.593750,0.053282839821
12064.453125,0.036941345815
12070.312500,0.067683188314
12076.171875,0.039833664036
12082.031250,0.041413970639
12087.890625,0.061605651752
12093.750000,0.044205502997
12099.609375,0.036593055408
12105.468750,0.028795948085
12111.328125,0.053155403846
12117.187500,0.052735012553
12123.046875,0.057141717747
12128.906250,0.020781181956
12134.765625,0.057198946927
12140.625000,0.041051837495
12146.484375,0.030792387799
12152.343750,0.054708875140
12158.203125,0.032534304362
12164.062500,0.042099320913
12169.921875,0.032880937713
12175.781250,0.058381974547
12181.640625,0.025380301897
12187.500000,0.048978194813
12193.359375,0.032467413315
12199.218750,0.035281445143
12205.078125,0.056899718928
12210.937500,0.031291629731
12216.796875,0.030883703526
12222.656250,0.044805203148
12228.515625,0.017239457202
12234.375000,0.053384265933
12240.234375,0.042798857665
12246.093750,0.032654446305
12251.953125,0.010147979138
12257.812500,0.047467660574
12263.671875,0.034217704114
12269.531250,0.015842939326
12275.390625,0.045233906353
12281.250000,0.029298569320
12287.109375,0.019712672451
12292.968750,0.030997192703
12298.828125,0.006979516748
12304.687500,0.051181043206
12310.546875,0.014337640369
12316.406250,0.045104417202
12322.265625,0.013466832601
12328.125000,0.031080386609
12333.984375,0.048515390601
12339.843750,0.031595458637
12345.703125,0.005236686016
12351.562500,0.026507647283
12357.421875,0.012774743989
12363.281250,0.025345590705
12369.140625,0.033813088539
12375.000000,0.041484292328
12380.859375,0.020839137456
12386.718750,0.010339746848
12392.578125,0.029590142745
12398.437500,0.009549153162
12404.296875,0.034866924461
12410.156250,0.026239163129
12416.015625,0.009601005008
12421.875000,0.010137853300
12427.734375,0.012911306931
12433.593750,0.020437456671
12439.453125,0.016924534593
12445.312500,0.011227912250
12451.171875,0.022282278243
12457.031250,0.005862160360
12462.890625,0.012030352327
12468.750000,0.010658146674
12474.609375,0.024212276236
12480.468750,0.023512134452
12486.328125,0.008068981059
12492.187500,0.010341641382
12498.046875,0.009380961943
12503.906250,0.005309437722
12509.765625,0.022487918940
12515.625000,0.023409966580
12521.484375,0.006014297116
12527.343750,0.019049983213
12533.203125,0.017161654191
12539.062500,0.014004624038
12544.921875,0.008360602136
12550.781250,0.016634647481
12556.640625,0.006521246499
12562.500000,0.030971723724
12568.359375,0.030538448346
12574.218750,0.027827061315
12580.078125,0.024567434125
12585.937500,0.024411688927
12591.796875,0.017173754118
12597.656250,0.012909950986
12603.515625,0.032234422129
12609.375000,0.025070641224
12615.234375,0.014048653913
12621.093750,0.027208581556
12626.953125,0.014246680899
12632.812500,0.018479731725
12638.671875,0.017248965645
12644.531250,0.022980402884
12650.390625,0.027713976733
12656.250000,0.025776269083
12662.109375,0.024085409111
12667.968750,0.006419934370
12673.828125,0.023345162824
12679.687500,0.012895252359
12685.546875,0.026605581608
12691.406250,0.015664448530
12697.265625,0.007818792043
12703.125000,0.009685756172
12708.984375,0.008295972296
12714.843750,0.026096383011
12720.703125,0.022020174864
12726.562500,0.001119216783
12732.421875,0.017834217994
12738.281250,0.016890855059
12744.140625,0.005002007707
12750.000000,0.013713199775
12755.859375,0.017641310512
12761.718750,0.009936238483
12767.578125,0.021409526621
12773.437500,0.018759067114
12779.296875,0.007097080761
12785.156250,0.007606367130
12791.015625,0.018660173463
12796.875000,0.010394838805
12802.734375,0.027268386002
12808.593750,0.027873893544
12814.453125,0.015452520929
12820.312500,0.030300007379
12826.171875,0.019607133140
12832.031250,0.025420784966
12837.890625,0.013265313873
12843.750000,0.010360472092
12849.609375,0.039995567659
12855.468750,0.018243470442
12861.328125,0.006653227625
12867.187500,0.015275886078
12873.046875,0.029887814865
12878.906250,0.025502416649
12884.765625,0.027756857936
12890.625000,0.032398092583
12896.484375,0.001978846602
12902.343750,0.021938740577
12908.203125,0.020035497499
12914.062500,0.023833281517
12919.921875,0.026394866575
12925.781250,0.011009229546
12931.640625,0.029395166434
12937.500000,0.037553650819
12943.359375,0.012190456800
12949.218750,0.015980111575
12955.078125,0.010595591177
12960.937500,0.011785851213
12966.796875,0.007016128085
12972.656250,0.019084995038
12978.515625,0.009847096906
12984.375000,0.014135630685
12990.234375,0.015783595609
12996.093750,0.007321973798
13001.953125,0.025214284028
13007.812500,0.025126437094
13013.671875,0.003133505363
13019.531250,0.011181786978
13025.390625,0.012344278152
13031.250000,0.004588180123
13037.109375,0.023787199125
13042.968750,0.024341531729
13048.828125,0.002069669705
13054.687500,0.003316290837
13060.546875,0.008679786466
13066.406250,0.009483372297
13072.265625,0.010327144005
13078.125000,0.019105948004
13083.984375,0.012919181312
13089.843750,0.014548506785
13095.703125,0.004453734726
13101.562500,0.028844518081
13107.421875,0.029636761550
13113.281250,0.016150294679
13119.140625,0.017788120562
13125.000000,0.018282671422
13130.859375,0.017639624500
13136.718750,0.013309189401
13142.578125,0.018761233895
13148.437500,0.018300671150
13154.296875,0.010703006017
13160.156250,0.016429903450
13166.015625,0.006500585316
13171.875000,0.022217248626
13177.734375,0.008733262691
13183.593750,0.012913533698
13189.453125,0.020059682127
13195.312500,0.003110829392
13201.171875,0.009198814256
13207.031250,0.011695282836
13212.890625,0.023854841826
13218.750000,0.012177426986
13224.609375,0.030549402746
13230.468750,0.030854768518
13236.328125,0.005059800741
13242.187500,0.022478715573
13248.046875,0.007999239340
13253.906250,0.022266730968
13259.765625,0.004437768422
13265.625000,0.022309482533
13271.484375,0.008916662021
13277.343750,0.010477439874
13283.203125,0.035794273613
13289.062500,0.035407317874
13294.921875,0.023499938697
13300.781250,0.005860385040
13306.640625,0.023580445413
13312.500000,0.010612688044
13318.359375,0.010774416576
13324.218750,0.019150080076
13330.078125,0.012417744356
13335.937500,0.010665087775
13341.796875,0.020657584747
13347.656250,0.010004995692
13353.515625,0.014795536915
13359.375000,0.012043574276
13365.234375,0.007222829021
13371.093750,0.004608331551
13376.953125,0.012418450758
13382.812500,0.011289594952
13388.671875,0.013637188029
13394.531250,0.022207011918
13400.390625,0.008736825991
13406.250000,0.003670594606
13412.109375,0.004608685002
13417.968750,0.007332243651
13423.828125,0.022828889131
13429.687500,0.011648192556
13435.546875,0.006164414353
13441.406250,0.000857847563
13447.265625,0.010160710437
13453.125000,0.015556856446
13458.984375,0.002598946178
13464.843750,0.008290988744
13470.703125,0.007561914163
13476.562500,0.008186799788
13482.421875,0.012974636412
13488.281250,0.024727955395
13494.140625,0.010089466851
13500.000000,0.002563720984
13505.859375,0.016854931605
13511.718750,0.021695658325
13517.578125,0.005438154055
13523.437500,0.014221365370
13529.296875,0.015224412132
13535.156250,0.008448972628
13541.015625,0.009855783669
13546.875000,0.007488304175
13552.734375,0.011015492390
13558.593750,0.018265868732
13564.453125,0.004881650818
13570.312500,0.002593588274
13576.171875,0.011174035435
13582.031250,0.018046848963
13587.890625,0.007476993792
13593.750000,0.009047280514
13599.609375,0.013681218022
13605.468750,0.012180549038
13611.328125,0.016878863680
13617.187500,0.020495678011
13623.046875,0.006994757778
13628.906250,0.020654180427
13634.765625,0.007165308100
13640.625000,0.014445602239
13646.484375,0.013894330255
13652.343750,0.021460013518
13658.203125,0.005949109723
13664.062500,0.004284988427
13669.921875,0.010959545359
13675.781250,0.018311133357
13681.640625,0.004795738923
13687.500000,0.001688172750
13693.359375,0.003075629349
13699.218750,0.018659410879
13705.078125,0.025993382591
13710.937500,0.014446179797
13716.796875,0.010216694367
13722.656250,0.006054881442
13728.515625,0.010617970056
13734.375000,0.012286879861
13740.234375,0.001971012879
13746.093750,0.012939661982
13751.953125,0.012386506348
13757.812500,0.021778718863
13763.671875,0.014299997204
13769.531250,0.000964038536
13775.390625,0.017776031406
13781.250000,0.014885691671
13787.109375,0.006803659211
13792.968750,0.003472316851
13798.828125,0.014468015825
13804.687500,0.007187165400
13810.546875,0.015824259449
13816.406250,0.009886702447
13822.265625,0.012781220880
13828.125000,0.011923392683
13833.984375,0.007851326874
13839.843750,0.023775676018
13845.703125,0.011217701606
13851.562500,0.018795784629
13857.421875,0.016661168753
13863.281250,0.011087339871
13869.140625,0.021544867553
13875.000000,0.010042248977
13880.859375,0.018462486546
13886.718750,0.002412544740
13892.578125,0.004090933566
13898.437500,0.004134975315
13904.296875,0.018465117010
13910.156250,0.011110708986
13916.015625,0.002429416433
13921.875000,0.006435443069
13927.734375,0.002342180313
13933.593750,0.003451035650
13939.453125,0.013032862932
13945.312500,0.019862307508
13951.171875,0.005161233713
13957.031250,0.017440768026
13962.890625,0.005439528437
13968.750000,0.011175719993
13974.609375,0.010530228615
13980.468750,0.006583151293
13986.328125,0.009372477474
13992.187500,0.011901939361
13998.046875,0.001964113440
14003.906250,0.002965375528
14009.765625,0.018635630731
14015.625000,0.022716486507
14021.484375,0.011735379558
14027.343750,0.024240680180
14033.203125,0.011834988179
14039.062500,0.011470980891
14044.921875,0.011281325193
14050.781250,0.006292094624
14056.640625,0.007788395454
14062.500000,0.016227445844
14068.359375,0.010476366764
14074.218750,0.010766410659
14080.078125,0.010074390995
14085.937500,0.007318775900
14091.796875,0.020281833919
14097.656250,0.003640571720
14103.515625,0.026866056672
14109.375000,0.009626098615
14115.234375,0.017979544231
14121.093750,0.007302233457
14126.953125,0.012391034845
14132.812500,0.010456860666
14138.671875,0.008605216043
14144.531250,0.007529502649
14150.390625,0.021881399085
14156.250000,0.014829785373
14162.109375,0.025564342785
14167.968750,0.018376424741
14173.828125,0.027547032670
14179.687500,0.022895249998
14185.546875,0.000745175148
14191.406250,0.009587359674
14197.265625,0.013697537518
14203.125000,0.006322616432
14208.984375,0.006711594374
14214.843750,0.012470079938
14220.703125,0.010745410653
14226.562500,0.026457096861
14232.421875,0.014795016703
14238.281250,0.019062749474
14244.140625,0.031155344111
14250.000000,0.006961846531
14255.859375,0.016958596881
14261.718750,0.026319494231
14267.578125,0.008723307321
14273.437500,0.024493574045
14279.296875,0.014574883295
14285.156250,0.014861433097
14291.015625,0.025168083917
14296.875000,0.023466254315
14302.734375,0.012696912590
14308.593750,0.013824372804
14314.453125,0.012507752266
14320.312500,0.022767114162
14326.171875,0.015434763650
14332.031250,0.011209127864
14337.890625,0.009214759139
14343.750000,0.020334640026
14349.609375,0.009772229162
14355.468750,0.007649490904
14361.328125,0.016161969448
14367.187500,0.016268957853
14373.046875,0.012696828681
14378.906250,0.008128636753
14384.765625,0.020331974144
14390.625000,0.009159235895
14396.484375,0.016726942385
14402.343750,0.012229532621
14408.203125,0.012481092590
14414.062500,0.007291464342
14419.921875,0.017717988772
14425.781250,0.013019971405
14431.640625,0.006778482879
14437.500000,0.011021088664
14443.359375,0.011786542262
14449.218750,0.018821161406
14455.078125,0.010207817742
14460.937500,0.017559595197
14466.796875,0.013745146255
14472.656250,0.014334417446
14478.515625,0.016196220899
14484.375000,0.027684259754
14490.234375,0.014632655856
14496.093750,0.013010498164
14501.953125,0.018915587009
14507.812500,0.011736084004
14513.671875,0.002376820876
14519.531250,0.009103933132
14525.390625,0.010428264941
14531.250000,0.009142120569
14537.109375,0.012833104064
14542.968750,0.020668988421
14548.828125,0.014715397902
14554.687500,0.009382603287
14560.546875,0.016291925672
14566.406250,0.005260486460
14572.265625,0.007312435348
14578.125000,0.010341458267
14583.984375,0.004459683889
14589.843750,0.010685285092
14595.703125,0.007867795696
14601.562500,0.012820799787
14607.421875,0.020290717896
14613.281250,0.004327760193
14619.140625,0.011340190309
14625.000000,0.001050054434
14630.859375,0.019111520210
14636.718750,0.015639100972
14642.578125,0.007327720924
14648.437500,0.005177432413
14654.296875,0.007241023581
14660.156250,0.020827518383
14666.015625,0.006099955189
14671.875000,0.013193027590
14677.734375,0.000761693998
14683.593750,0.010050569934
14689.453125,0.009101357047
14695.312500,0.003768677295
14701.171875,0.017027227756
14707.031250,0.008335548664
14712.890625,0.001899589782
14718.750000,0.017265472128
14724.609375,0.013101977822
14730.468750,0.001730776220
14736.328125,0.010343810707
14742.187500,0.013266963397
14748.046875,0.010434333952
14753.906250,0.018288818405
14759.765625,0.003770187949
14765.625000,0.006179515175
14771.484375,0.010462150514
14777.343750,0.001505634513
14783.203125,0.011070838707
14789.062500,0.002007355236
14794.921875,0.008505385449
14800.781250,0.001767765953
14806.640625,0.002228349760
14812.500000,0.015595941850
14818.359375,0.018286873872
14824.218750,0.023411810773
14830.078125,0.019685847615
14835.937500,0.009614631348
14841.796875,0.014280149468
14847.656250,0.005932711076
14853.515625,0.014358542070
14859.375000,0.007005935469
14865.234375,0.010311535417
14871.093750,0.009799688667
14876.953125,0.000101416441
14882.812500,0.002081422826
14888.671875,0.003985193061
14894.531250,0.009465331237
14900.390625,0.012180731984
14906.250000,0.007048864142
14912.109375,0.002246524731
14917.968750,0.004590843544
14923.828125,0.004747218935
14929.687500,0.004780307111
14935.546875,0.004118677484
14941.406250,0.003828932837
14947.265625,0.002221184310
14953.125000,0.002817717413
14958.984375,0.003159154946
14964.843750,0.006991465185
14970.703125,0.004412052849
14976.562500,0.004039831083
14982.421875,0.010519060884
14988.281250,0.008932281895
14994.140625,0.005881670950
15000.000000,0.002790356034
15005.859375,0.003380511009
15011.718750,0.004903000869
15017.578125,0.010790185173
15023.437500,0.012830266574
15029.296875,0.010193509190
15035.156250,0.005186893110
15041.015625,0.006757035697
15046.875000,0.011236765974
15052.734375,0.009473289489
15058.593750,0.006141922889
15064.453125,0.004546760957
15070.312500,0.011695657990
15076.171875,0.006581199398
15082.031250,0.010574889012
15087.890625,0.006735272257
15093.750000,0.002928655682
15099.609375,0.008554498292
15105.468750,0.017500668269
15111.328125,0.014485131307
15117.187500,0.013180844237
15123.046875,0.010190138194
15128.906250,0.006432836186
15134.765625,0.001877699343
15140.625000,0.007326099685
15146.484375,0.010385131311
15152.343750,0.006251177716
15158.203125,0.001106817501
15164.062500,0.007011508110
15169.921875,0.010297884453
15175.781250,0.011325223037
15181.640625,0.008808105322
15187.500000,0.012096498685
15193.359375,0.007412162899
15199.218750,0.006534776266
15205.078125,0.004638018468
15210.937500,0.003501968907
15216.796875,0.011686205245
15222.656250,0.007189771226
15228.515625,0.005154632454
15234.375000,0.008557687032
15240.234375,0.013903383219
15246.093750,0.008735619639
15251.953125,0.009485111075
15257.812500,0.006180703063
15263.671875,0.003545368875
15269.531250,0.005658697631
15275.390625,0.008388165449
15281.250000,0.009058086763
15287.109375,0.016700104413
15292.968750,0.012037740701
15298.828125,0.012958560608
15304.687500,0.009404076819
15310.546875,0.002775103736
15316.406250,0.004212136910
15322.265625,0.006776257218
15328.125000,0.001906395523
15333.984375,0.005555234627
15339.843750,0.015631477538
15345.703125,0.014745890575
15351.562500,0.008569685426
15357.421875,0.011467698591
15363.281250,0.006501471209
15369.140625,0.009004469584
15375.000000,0.004030522861
15380.859375,0.004156460663
15386.718750,0.008073947395
15392.578125,0.009003702864
15398.437500,0.004163268291
15404.296875,0.003482158196
15410.156250,0.009398472391
15416.015625,0.009399917347
15421.875000,0.005103720610
15427.734375,0.008383434543
15433.593750,0.007163424659
15439.453125,0.004854667954
15445.312500,0.007240651219
15451.171875,0.010305196355
15457.031250,0.014437457953
15462.890625,0.005545900267
15468.750000,0.008873142076
15474.609375,0.009505965327
15480.468750,0.004478963376
15486.328125,0.011966945539
15492.187500,0.010910107526
15498.046875,0.002015709699
15503.906250,0.001983390367
15509.765625,0.012546477034
15515.625000,0.002667755635
15521.484375,0.012763908367
15527.343750,0.009566959524
15533.203125,0.005950776682
15539.062500,0.005933275202
15544.921875,0.006602001553
15550.781250,0.004458717043
15556.640625,0.008567510473
15562.500000,0.006166967254
15568.359375,0.004096726143
15574.218750,0.008264340671
15580.078125,0.006260625679
15585.937500,0.003057222319
15591.796875,0.007277508083
15597.656250,0.007220382432
15603.515625,0.003716529086
15609.375000,0.006726160151
15615.234375,0.004759671052
15621.093750,0.002759129134
15626.953125,0.005602123026
15632.812500,0.007026074305
15638.671875,0.004178626676
15644.531250,0.004649817580
15650.390625,0.007395385060
15656.250000,0.005152621341
15662.109375,0.006708682391
15667.968750,0.006255092047
15673.828125,0.007672698540
15679.687500,0.004436397824
15685.546875,0.006398202276
15691.406250,0.007208150516
15697.265625,0.003803757837
15703.125000,0.007019691404
15708.984375,0.006834910449
15714.843750,0.012230748276
15720.703125,0.007696356416
15726.562500,0.003318308976
15732.421875,0.004180745718
15738.281250,0.001717404000
15744.140625,0.008968133658
15750.000000,0.005964880645
15755.859375,0.006202302412
15761.718750,0.011502133878
15767.578125,0.003856537978
15773.437500,0.007554796607
15779.296875,0.007485467098
15785.156250,0.010815421954
15791.015625,0.007132610758
15796.875000,0.006540432998
15802.734375,0.009110459438
15808.593750,0.002677688808
15814.453125,0.008789228909
15820.312500,0.002213848545
15826.171875,0.007908691600
15832.031250,0.006870617985
15837.890625,0.010505645010
15843.750000,0.003123894816
15849.609375,0.006823072187
15855.468750,0.006609892293
15861.328125,0.002732465588
15867.187500,0.005405931350
15873.046875,0.008609944323
15878.906250,0.008529213570
15884.765625,0.006153621329
15890.625000,0.004248872874
15896.484375,0.005984568466
15902.343750,0.005343853190
15908.203125,0.004031768704
15914.062500,0.004032302167
15919.921875,0.005517940725
15925.781250,0.011017402360
15931.640625,0.008561010777
15937.500000,0.004522760679
15943.359375,0.004844052648
15949.218750,0.005405127940
15955.078125,0.002311728359
15960.937500,0.005565552647
15966.796875,0.004680463389
15972.656250,0.002900635738
15978.515625,0.007897246722
15984.375000,0.001879710351
15990.234375,0.000819366541
15996.093750,0.009261338007
16001.953125,0.005631403668
16007.812500,0.007908154807
16013.671875,0.010248335744
16019.531250,0.004896783129
16025.390625,0.002345227479
16031.250000,0.005902849238
16037.109375,0.002247563990
16042.968750,0.004780329938
16048.828125,0.009102067866
16054.687500,0.011842327204
16060.546875,0.008312254491
16066.406250,0.001777141488
16072.265625,0.001807144712
16078.125000,0.001403866467
16083.984375,0.007687954395
16089.843750,0.009503037101
16095.703125,0.001825580193
16101.562500,0.005846276826
16107.421875,0.008132703234
16113.281250,0.006117595588
16119.140625,0.002970206750
16125.000000,0.010060720300
16130.859375,0.011458285411
16136.718750,0.002669090015
16142.578125,0.009258544561
16148.437500,0.008345492563
16154.296875,0.016228090615
16160.156250,0.009083702065
16166.015625,0.001801019345
16171.875000,0.008599117437
16177.734375,0.008251523965
16183.593750,0.007315992707
16189.453125,0.008223317632
16195.312500,0.007496659378
16201.171875,0.006835092317
16207.031250,0.003134438110
16212.890625,0.002857373720
16218.750000,0.006918819555
16224.609375,0.009762769582
16230.468750,0.004240383852
16236.328125,0.006915851185
16242.187500,0.004128244488
16248.046875,0.004730127201
16253.906250,0.003332678579
16259.765625,0.008426022322
16265.625000,0.007829193103
16271.484375,0.004052129977
16277.343750,0.009909324834
16283.203125,0.002574830569
16289.062500,0.004826865207
16294.921875,0.001815915979
16300.781250,0.011173763521
16306.640625,0.012315601749
16312.500000,0.003906917042
16318.359375,0.007780712654
16324.218750,0.003045406938
16330.078125,0.010182464591
16335.937500,0.000694806549
16341.796875,0.000554253507
16347.656250,0.007634133703
16353.515625,0.010051982839
16359.375000,0.001817042206
16365.234375,0.008480963378
16371.093750,0.003162007239
16376.953125,0.006395509776
16382.812500,0.001806893114
16388.671875,0.000761337862
16394.531250,0.001986344244
16400.390625,0.004408410704
16406.250000,0.010276286716
16412.109375,0.008766345063
16417.968750,0.001156297457
16423.828125,0.001417234060
16429.687500,0.002262069570
16435.546875,0.009252551541
16441.406250,0.008290802131
16447.265625,0.003370081980
16453.125000,0.011623872945
16458.984375,0.010311754232
16464.843750,0.006374839411
16470.703125,0.012736337327
16476.562500,0.009884102043
16482.421875,0.000220944746
16488.281250,0.003353083945
16494.140625,0.008030725494
16500.000000,0.005645938622
16505.859375,0.005821369225
16511.718750,0.009850729090
16517.578125,0.005056289855
16523.437500,0.000151122417
16529.296875,0.006560316296
16535.156250,0.005596860349
16541.015625,0.006927911128
16546.875000,0.011761681464
16552.734375,0.009647855900
16558.593750,0.002459720154
16564.453125,0.003306663566
16570.312500,0.003402765528
16576.171875,0.005972435683
16582.031250,0.002781010359
16587.890625,0.006853814350
16593.750000,0.003423115544
16599.609375,0.007172580216
16605.468750,0.003474205557
16611.328125,0.003521723432
16617.187500,0.000747581547
16623.046875,0.001398801313
16628.906250,0.007387530372
16634.765625,0.009781040961
16640.625000,0.004462503912
16646.484375,0.006580099884
16652.343750,0.007970684023
16658.203125,0.009278585164
16664.062500,0.004700080401
16669.921875,0.004699322219
16675.781250,0.005576830422
16681.640625,0.001539201501
16687.500000,0.006314864924
16693.359375,0.005759829298
16699.218750,0.007089773322
16705.078125,0.005989544883
16710.937500,0.001828278564
16716.796875,0.003289480800
16722.656250,0.003590282954
16728.515625,0.009495802295
16734.375000,0.005960531744
16740.234375,0.002700423923
16746.093750,0.003982634604
16751.953125,0.001988122268
16757.812500,0.008229086879
16763.671875,0.002609864652
16769.531250,0.000423432957
16775.390625,0.003685732910
16781.250000,0.005216199896
16787.109375,0.005943327513
16792.968750,0.009190466671
16798.828125,0.002937390951
16804.687500,0.002423606771
16810.546875,0.006792854328
16816.406250,0.003279139392
16822.265625,0.005308024885
16828.125000,0.002745747810
16833.984375,0.007400341419
16839.843750,0.007973405863
16845.703125,0.008887101377
16851.562500,0.006258882662
16857.421875,0.004279932372
16863.281250,0.003577410619
16869.140625,0.004898603697
16875.000000,0.006275791247
16880.859375,0.004126878457
16886.718750,0.002373287145
16892.578125,0.004644369097
16898.437500,0.008044371131
16904.296875,0.003496638201
16910.156250,0.003140181979
16916.015625,0.005531883666
16921.875000,0.005163458578
16927.734375,0.004246322589
16933.593750,0.004630493128
16939.453125,0.000867564263
16945.312500,0.004395195819
16951.171875,0.010326836639
16957.031250,0.004980953008
16962.890625,0.005787774304
16968.750000,0.007710971294
16974.609375,0.014847139199
16980.468750,0.004088849024
16986.328125,0.008789227961
16992.187500,0.008591544617
16998.046875,0.003161786912
17003.906250,0.003383928193
17009.765625,0.003849360891
17015.625000,0.000877073628
17021.484375,0.005064498475
17027.343750,0.003954941224
17033.203125,0.005288872926
17039.062500,0.010728400533
17044.921875,0.003704772630
17050.781250,0.004744219792
17056.640625,0.004553217817
17062.500000,0.005813906961
17068.359375,0.004795966100
17074.218750,0.003248705193
17080.078125,0.001496597206
17085.937500,0.009861794455
17091.796875,0.012698417949
17097.656250,0.011364407591
17103.515625,0.008275035617
17109.375000,0.005710672296
17115.234375,0.006037465915
17121.093750,0.004277429915
17126.953125,0.001917055428
17132.812500,0.005814109556
17138.671875,0.004982405630
17144.531250,0.005225474993
17150.390625,0.006402224050
17156.250000,0.007278655266
17162.109375,0.007824727634
17167.968750,0.005849461226
17173.828125,0.009517380046
17179.687500,0.001912744933
17185.546875,0.002717818907
17191.406250,0.004002688882
17197.265625,0.006683824589
17203.125000,0.001957732218
17208.984375,0.008963440390
17214.843750,0.009285239833
17220.703125,0.002695180217
17226.562500,0.004984558640
17232.421875,0.007784666773
17238.281250,0.002770019906
17244.140625,0.004465206254
17250.000000,0.005127674299
17255.859375,0.006982197259
17261.718750,0.013334369001
17267.578125,0.005382673008
17273.437500,0.011389225963
17279.296875,0.009124458080
17285.156250,0.005789423757
17291.015625,0.004024330513
17296.875000,0.009490968397
17302.734375,0.003548851606
17308.593750,0.004887776051
17314.453125,0.009339046518
17320.312500,0.005539028978
17326.171875,0.001742793267
17332.031250,0.003890470402
17337.890625,0.003734325558
17343.750000,0.005138833046
17349.609375,0.001105633809
17355.468750,0.002470601073
17361.328125,0.006354234716
17367.187500,0.003999819704
17373.046875,0.004276579370
17378.906250,0.001409605602
17384.765625,0.000510920027
17390.625000,0.003865369525
17396.484375,0.003006936353
17402.343750,0.004268958244
17408.203125,0.006595260001
17414.062500,0.005290438523
17419.921875,0.004314203310
17425.781250,0.004012547063
17431.640625,0.001791444068
17437.500000,0.004287648158
17443.359375,0.003066082167
17449.218750,0.001434498211
17455.078125,0.002011013602
17460.937500,0.007013482225
17466.796875,0.004376826148
17472.656250,0.002731713488
17478.515625,0.002816427102
17484.375000,0.003699856704
17490.234375,0.010497571651
17496.093750,0.010077528318
17501.953125,0.000578408100
17507.812500,0.003905670037
17513.671875,0.005620260437
17519.531250,0.007207154734
17525.390625,0.000867656926
17531.250000,0.003468567152
17537.109375,0.003462219281
17542.968750,0.003437499877
17548.828125,0.004771645806
17554.687500,0.003574588759
17560.546875,0.006420021498
17566.406250,0.005906775377
17572.265625,0.004442319299
17578.125000,0.005830309413
17583.984375,0.007544891978
17589.843750,0.000470666150
17595.703125,0.001939196283
17601.562500,0.004000593410
17607.421875,0.006226271239
17613.281250,0.005052606123
17619.140625,0.003593650292
17625.000000,0.003985428380
17630.859375,0.004910885819
17636.718750,0.004078005443
17642.578125,0.003531570640
17648.437500,0.001836361227
17654.296875,0.003865769632
17660.156250,0.005352946679
17666.015625,0.003004657847
17671.875000,0.002918258526
17677.734375,0.002510767739
17683.593750,0.002052424443
17689.453125,0.002055492180
17695.312500,0.003610932526
17701.171875,0.003093408555
17707.031250,0.002441332282
17712.890625,0.002326503057
17718.750000,0.003846189522
17724.609375,0.004581284433
17730.468750,0.002989073701
17736.328125,0.002835315401
17742.187500,0.003479838046
17748.046875,0.006162172466
17753.906250,0.002510834650
17759.765625,0.006041861241
17765.625000,0.005989588170
17771.484375,0.003431425947
17777.343750,0.006566895236
17783.203125,0.006593402018
17789.062500,0.001849774060
17794.921875,0.006970723182
17800.781250,0.003759204527
17806.640625,0.001632958536
17812.500000,0.003699454340
17818.359375,0.003274467284
17824.218750,0.000487282275
17830.078125,0.002669567857
17835.937500,0.000653376377
17841.796875,0.002803545166
17847.656250,0.001443795867
17853.515625,0.003453929103
17859.375000,0.003526265859
17865.234375,0.007764338149
17871.093750,0.006888130335
17876.953125,0.009143551878
17882.812500,0.004730612118
17888.671875,0.000855188994
17894.531250,0.005117098061
17900.390625,0.003186278028
17906.250000,0.002204563445
17912.109375,0.002625907424
17917.968750,0.002394126029
17923.828125,0.007086203388
17929.687500,0.006958811861
17935.546875,0.004232901064
17941.406250,0.001653822738
17947.265625,0.005154245420
17953.125000,0.005185405242
17958.984375,0.003825528249
17964.843750,0.003783024365
17970.703125,0.002715032492
17976.562500,0.007375497566
17982.421875,0.004240105349
17988.281250,0.004976318407
17994.140625,0.005029682792
18000.000000,0.005164262297
18005.859375,0.002854202401
18011.718750,0.004277237932
18017.578125,0.004805362945
18023.437500,0.006558788747
18029.296875,0.006271206186
18035.156250,0.006578873112
18041.015625,0.007273899719
18046.875000,0.002957517255
18052.734375,0.003939264004
18058.593750,0.003159165889
18064.453125,0.007764554815
18070.312500,0.009585015689
18076.171875,0.004832886440
18082.031250,0.003469956655
18087.890625,0.001077332690
18093.750000,0.005842996563
18099.609375,0.000528661355
18105.468750,0.006052833009
18111.328125,0.002326277665
18117.187500,0.002464081030
18123.046875,0.004317307894
18128.906250,0.001800866299
18134.765625,0.006567023882
18140.625000,0.010580160261
18146.484375,0.010869898724
18152.343750,0.001503781570
18158.203125,0.004580382657
18164.062500,0.005293395344
18169.921875,0.004248521896
18175.781250,0.004731706806
18181.640625,0.003766725657
18187.500000,0.005981056622
18193.359375,0.010231466110
18199.218750,0.007640388389
18205.078125,0.007199844693
18210.937500,0.004289620590
18216.796875,0.005016396737
18222.656250,0.005726647776
18228.515625,0.005213798011
18234.375000,0.002405632051
18240.234375,0.000686527492
18246.093750,0.005601413229
18251.953125,0.003646639284
18257.812500,0.008132316066
18263.671875,0.006931523421
18269.531250,0.006011259198
18275.390625,0.004593029316
18281.250000,0.006406106947
18287.109375,0.003499348251
18292.968750,0.002482775254
18298.828125,0.006768815026
18304.687500,0.004955598786
18310.546875,0.001763930832
18316.406250,0.003678679063
18322.265625,0.004124500068
18328.125000,0.003455630019
18333.984375,0.006030999291
18339.843750,0.003402728540
18345.703125,0.003666250662
18351.562500,0.001385362863
18357.421875,0.001609362594
18363.281250,0.003608882526
18369.140625,0.003536918333
18375.000000,0.001443724451
18380.859375,0.002568462791
18386.718750,0.004979099090
18392.578125,0.003526065297
18398.437500,0.005329685865
18404.296875,0.003575414871
18410.156250,0.003439032131
18416.015625,0.002669684663
18421.875000,0.003388382474
18427.734375,0.003262802694
18433.593750,0.005100566382
18439.453125,0.005156173683
18445.312500,0.003308313300
18451.171875,0.007980206719
18457.031250,0.007771791824
18462.890625,0.003878406749
18468.750000,0.005354022120
18474.609375,0.000314965992
18480.468750,0.006218627292
18486.328125,0.004685868800
18492.187500,0.005178484419
18498.046875,0.008090112313
18503.906250,0.004266172545
18509.765625,0.002025087565
18515.625000,0.002441421579
18521.484375,0.003297729606
18527.343750,0.003452276570
18533.203125,0.001315987603
18539.062500,0.001669687343
18544.921875,0.005446063526
18550.781250,0.006398240722
18556.640625,0.003168543495
18562.500000,0.004670452473
18568.359375,0.002640946717
18574.218750,0.003024920038
18580.078125,0.006951309938
18585.937500,0.000966912314
18591.796875,0.003890533239
18597.656250,0.001455751311
18603.515625,0.000269514480
18609.375000,0.002828564755
18615.234375,0.005007885381
18621.093750,0.010289418305
18626.953125,0.004374250274
18632.812500,0.004188769193
18638.671875,0.005435189487
18644.531250,0.001726126784
18650.390625,0.004870211804
18656.250000,0.001870731536
18662.109375,0.003849128134
18667.968750,0.003977460384
18673.828125,0.002880236306
18679.687500,0.003692069736
18685.546875,0.003148997054
18691.406250,0.004306934678
18697.265625,0.005733031574
18703.125000,0.004611419079
18708.984375,0.004245872604
18714.843750,0.004039743757
18720.703125,0.005155902672
18726.562500,0.003960005547
18732.421875,0.002848436140
18738.281250,0.004342061099
18744.140625,0.004522173749
18750.000000,0.001485338489
18755.859375,0.002927551155
18761.718750,0.002635133522
18767.578125,0.002996567948
18773.437500,0.003557726979
18779.296875,0.003061678356
18785.156250,0.004054369949
18791.015625,0.002358806250
18796.875000,0.003041300446
18802.734375,0.002169430680
18808.593750,0.002415544073
18814.453125,0.002565829498
18820.312500,0.003805733348
18826.171875,0.002202492977
18832.031250,0.002264922198
18837.890625,0.003293479220
18843.750000,0.004398219068
18849.609375,0.001045744689
18855.468750,0.004970134123
18861.328125,0.001173014427
18867.187500,0.006684875111
18873.046875,0.006122936689
18878.906250,0.004917334274
18884.765625,0.001711258619
18890.625000,0.003457340606
18896.484375,0.007387193025
18902.343750,0.005170072877
18908.203125,0.003589469715
18914.062500,0.001892405780
18919.921875,0.003811717138
18925.781250,0.004688678115
18931.640625,0.003911457445
18937.500000,0.001532649885
18943.359375,0.005610103044
18949.218750,0.004947386668
18955.078125,0.005889494338
18960.937500,0.003492971016
18966.796875,0.003967132821
18972.656250,0.002678839673
18978.515625,0.006695805451
18984.375000,0.002766980153
18990.234375,0.011335312377
18996.093750,0.006903050783
19001.953125,0.003636987964
19007.812500,0.002723012513
19013.671875,0.003128569197
19019.531250,0.001799344039
19025.390625,0.005057939086
19031.250000,0.001780948757
19037.109375,0.004381202923
19042.968750,0.004811359732
19048.828125,0.003100711628
19054.687500,0.002097617960
19060.546875,0.004307723842
19066.406250,0.001672889412
19072.265625,0.005323965780
19078.125000,0.005092409633
19083.984375,0.002537147435
19089.843750,0.004572269854
19095.703125,0.005022461072
19101.562500,0.004281257598
19107.421875,0.001297927579
19113.281250,0.002553174563
19119.140625,0.001887547224
19125.000000,0.003478454193
19130.859375,0.006208070770
19136.718750,0.002535306970
19142.578125,0.001501116668
19148.437500,0.001324653317
19154.296875,0.003963186015
19160.156250,0.004031836464
19166.015625,0.006528508992
19171.875000,0.003762323468
19177.734375,0.003985770213
19183.593750,0.001199323202
19189.453125,0.001487343164
19195.312500,0.005012572072
19201.171875,0.004700012060
19207.031250,0.008634047025
19212.890625,0.002013695079
19218.750000,0.003163062628
19224.609375,0.004616063781
19230.468750,0.002074258368
19236.328125,0.004188193322
19242.187500,0.002399161370
19248.046875,0.003876097822
19253.906250,0.002463601681
19259.765625,0.004463715446
19265.625000,0.002497983261
19271.484375,0.007472579483
19277.343750,0.006831295876
19283.203125,0.003231266716
19289.062500,0.005488006168
19294.921875,0.002776673916
19300.781250,0.003494253491
19306.640625,0.005116560879
19312.500000,0.008996066001
19318.359375,0.002324970835
19324.218750,0.003856058390
19330.078125,0.003614161318
19335.937500,0.003592791878
19341.796875,0.001739022721
19347.656250,0.003160276510
19353.515625,0.001970624740
19359.375000,0.001417759433
19365.234375,0.006998560871
19371.093750,0.007142851790
19376.953125,0.002462312853
19382.812500,0.002202919623
19388.671875,0.002323850939
19394.531250,0.004438030720
19400.390625,0.005517016711
19406.250000,0.005461511711
19412.109375,0.004566534677
19417.968750,0.003142108800
19423.828125,0.005765947924
19429.687500,0.005770953457
19435.546875,0.004124692901
19441.406250,0.004312580314
19447.265625,0.000221961153
19453.125000,0.003945335708
19458.984375,0.001886109303
19464.843750,0.003543884006
19470.703125,0.001840582460
19476.562500,0.003091857829
19482.421875,0.003889720460
19488.281250,0.003900252599
19494.140625,0.001731735662
19500.000000,0.002654423619
19505.859375,0.004928326521
19511.718750,0.009024433444
19517.578125,0.008790543106
19523.437500,0.007550901151
19529.296875,0.009483120843
19535.156250,0.005127513719
19541.015625,0.002477939816
19546.875000,0.002558111657
19552.734375,0.001870904706
19558.593750,0.005674351763
19564.453125,0.002131215056
19570.312500,0.002458313407
19576.171875,0.003981727857
19582.031250,0.002299641969
19587.890625,0.001987200220
19593.750000,0.005307902763
19599.609375,0.006109498597
19605.468750,0.005344371987
19611.328125,0.003996551063
19617.187500,0.002760386656
19623.046875,0.001596914469
19628.906250,0.001152604878
19634.765625,0.001733749233
19640.625000,0.000711554730
19646.484375,0.002919111732
19652.343750,0.004829474154
19658.203125,0.003484660264
19664.062500,0.002838351021
19669.921875,0.002578567360
19675.781250,0.003719614591
19681.640625,0.001722416530
19687.500000,0.002105824369
19693.359375,0.002190051246
19699.218750,0.002438353592
19705.078125,0.004460693390
19710.937500,0.002872412139
19716.796875,0.001338990909
19722.656250,0.004240451456
19728.515625,0.003832606313
19734.375000,0.001035337494
19740.234375,0.000665432952
19746.093750,0.005480926331
19751.953125,0.003849227217
19757.812500,0.001798392405
19763.671875,0.004163679264
19769.531250,0.003517308685
19775.390625,0.005607326625
19781.250000,0.005296027649
19787.109375,0.000200898771
19792.968750,0.000982007165
19798.828125,0.003219455467
19804.687500,0.002653079508
19810.546875,0.002253241998
19816.406250,0.001954103815
19822.265625,0.001818208132
19828.125000,0.003294889933
19833.984375,0.002777101284
19839.843750,0.002473165751
19845.703125,0.000680353519
19851.562500,0.003855153418
19857.421875,0.006774294411
19863.281250,0.002941521133
19869.140625,0.007219204268
19875.000000,0.006025472255
19880.859375,0.003421029483
19886.718750,0.003762795459
19892.578125,0.003569599042
19898.437500,0.002105663549
19904.296875,0.004995119233
19910.156250,0.004852762406
19916.015625,0.006060213260
19921.875000,0.004257511490
19927.734375,0.004059784210
19933.593750,0.003580428240
19939.453125,0.001919952451
19945.312500,0.002784023946
19951.171875,0.003130874458
19957.031250,0.004406170850
19962.890625,0.001151748003
19968.750000,0.002759543637
19974.609375,0.005500886299
19980.468750,0.005461900931
19986.328125,0.003822013764
19992.187500,0.001821781903
19998.046875,0.001714990110
20003.906250,0.004287161552
20009.765625,0.004632752403
20015.625000,0.002584514565
20021.484375,0.000817965933
20027.343750,0.001273561524
20033.203125,0.002862200144
20039.062500,0.003991730794
20044.921875,0.003192627686
20050.781250,0.001960077518
20056.640625,0.001493694436
20062.500000,0.002095357122
20068.359375,0.003465593528
20074.218750,0.002510516132
20080.078125,0.001964153404
20085.937500,0.005428160283
20091.796875,0.003863413062
20097.656250,0.003831548133
20103.515625,0.002973870792
20109.375000,0.004129434316
20115.234375,0.004912809044
20121.093750,0.002410596704
20126.953125,0.002729349105
20132.812500,0.002867449936
20138.671875,0.001470579930
20144.531250,0.000569079296
20150.390625,0.001566598550
20156.250000,0.003795042996
20162.109375,0.007990813492
20167.968750,0.001847334429
20173.828125,0.002902650488
20179.687500,0.001721891685
20185.546875,0.002641507140
20191.406250,0.001280902855
20197.265625,0.000852262807
20203.125000,0.001239962107
20208.984375,0.000953657457
20214.843750,0.003603430944
20220.703125,0.002919063185
20226.562500,0.000532975334
20232.421875,0.002890541589
20238.281250,0.003064345374
20244.140625,0.004467066493
20250.000000,0.001339506133
20255.859375,0.002825348266
20261.718750,0.002390825181
20267.578125,0.004322238090
20273.437500,0.005437502624
20279.296875,0.003684157558
20285.156250,0.003992099062
20291.015625,0.001212590234
20296.875000,0.002244507672
20302.734375,0.003619684532
20308.593750,0.003426770052
20314.453125,0.004625148782
20320.312500,0.003502912462
20326.171875,0.000549931988
20332.031250,0.001746771770
20337.890625,0.001994351894
20343.750000,0.000934150959
20349.609375,0.000310505169
20355.468750,0.001596991705
20361.328125,0.003945503442
20367.187500,0.006885057289
20373.046875,0.006985880163
20378.906250,0.006179464476
20384.765625,0.006417185235
20390.625000,0.004779880941
20396.484375,0.002740813930
20402.343750,0.003065938921
20408.203125,0.004566953323
20414.062500,0.003469750639
20419.921875,0.001548446717
20425.781250,0.003177249945
20431.640625,0.003160525805
20437.500000,0.002424612043
20443.359375,0.002995713659
20449.218750,0.001130832734
20455.078125,0.004513859111
20460.937500,0.003414450328
20466.796875,0.004076523145
20472.656250,0.003227286904
20478.515625,0.002293423137
20484.375000,0.004259683276
20490.234375,0.002682009637
20496.093750,0.001873371007
20501.953125,0.004004260695
20507.812500,0.002095894611
20513.671875,0.003156374664
20519.531250,0.003028844252
20525.390625,0.002949559090
20531.250000,0.002181950917
20537.109375,0.005144187049
20542.968750,0.006838812823
20548.828125,0.005404104939
20554.687500,0.002825696516
20560.546875,0.004455926039
20566.406250,0.003714253813
20572.265625,0.003335937958
20578.125000,0.001181338697
20583.984375,0.005241259433
20589.843750,0.003605112293
20595.703125,0.002652811425
20601.562500,0.005256883816
20607.421875,0.004579751163
20613.281250,0.003117928488
20619.140625,0.001707906868
20625.000000,0.002589459669
20630.859375,0.006255445806
20636.718750,0.007133817418
20642.578125,0.005585549302
20648.437500,0.001945932164
20654.296875,0.001936185668
20660.156250,0.001566333613
20666.015625,0.001086753830
20671.875000,0.004958341481
20677.734375,0.002507743363
20683.593750,0.002474782307
20689.453125,0.000503349397
20695.312500,0.004259923258
20701.171875,0.003729737272
20707.031250,0.004710122399
20712.890625,0.004752183172
20718.750000,0.001569758326
20724.609375,0.002623045659
20730.468750,0.000925217631
20736.328125,0.003847311165
20742.187500,0.003348366693
20748.046875,0.004630441285
20753.906250,0.002613036010
20759.765625,0.001235865795
20765.625000,0.002928497940
20771.484375,0.002103450454
20777.343750,0.005142151546
20783.203125,0.007513128399
20789.062500,0.005328163652
20794.921875,0.002711232508
20800.781250,0.003190558345
20806.640625,0.004629472103
20812.500000,0.003503965318
20818.359375,0.001772092702
20824.218750,0.002277966439
20830.078125,0.005226802124
20835.937500,0.005068613346
20841.796875,0.001034135519
20847.656250,0.001603906746
20853.515625,0.000685735529
20859.375000,0.003303608767
20865.234375,0.003350846642
20871.093750,0.000851325697
20876.953125,0.003287303631
20882.812500,0.002351028887
20888.671875,0.003151394859
20894.531250,0.002823834119
20900.390625,0.002636456221
20906.250000,0.002913163372
20912.109375,0.001477362536
20917.968750,0.002721914576
20923.828125,0.002283391030
20929.687500,0.002079881132
20935.546875,0.002312114532
20941.406250,0.000898363825
20947.265625,0.001727086974
20953.125000,0.002442718447
20958.984375,0.004532397991
20964.843750,0.005454854931
20970.703125,0.003982593342
20976.562500,0.005407402732
20982.421875,0.003420792833
20988.281250,0.002943643773
20994.140625,0.000487240178
21000.000000,0.004431635775
21005.859375,0.004896045321
21011.718750,0.001610931354
21017.578125,0.003251783420
21023.437500,0.003870015566
21029.296875,0.004015286684
21035.156250,0.002577768134
21041.015625,0.003048072222
21046.875000,0.002585902167
21052.734375,0.002410706521
21058.593750,0.003118733318
21064.453125,0.004295969996
21070.312500,0.002435225969
21076.171875,0.001335068288
21082.031250,0.002726278272
21087.890625,0.001802011927
21093.750000,0.002557665677
21099.609375,0.001521155660
21105.468750,0.000845706294
21111.328125,0.003844001862
21117.187500,0.002159088502
21123.046875,0.001719804246
21128.906250,0.003896123462
21134.765625,0.004640346867
21140.625000,0.003393293949
21146.484375,0.001546694253
21152.343750,0.001861173445
21158.203125,0.002433507449
21164.062500,0.001908626216
21169.921875,0.002465139455
21175.781250,0.003234575803
21181.640625,0.003352949340
21187.500000,0.004041048889
21193.359375,0.003006555804
21199.218750,0.005844819512
21205.078125,0.005514710396
21210.937500,0.004804298094
21216.796875,0.004557170974
21222.656250,0.005303462154
21228.515625,0.001814350130
21234.375000,0.002150160779
21240.234375,0.002153491180
21246.093750,0.003272993925
21251.953125,0.003637486683
21257.812500,0.004185275213
21263.671875,0.003792061662
21269.531250,0.004377741047
21275.390625,0.004735762903
21281.250000,0.002834856858
21287.109375,0.002203669295
21292.968750,0.003638208206
21298.828125,0.002577822565
21304.687500,0.001144024932
21310.546875,0.001090228476
21316.406250,0.002282206593
21322.265625,0.001659553523
21328.125000,0.002336760513
21333.984375,0.007493240022
21339.843750,0.007026714689
21345.703125,0.002525275746
21351.562500,0.005675661331
21357.421875,0.006342995088
21363.281250,0.001514749549
21369.140625,0.005356173622
21375.000000,0.005046963096
21380.859375,0.003158913313
21386.718750,0.003296882356
21392.578125,0.002419616039
21398.437500,0.002928340991
21404.296875,0.004933067043
21410.156250,0.005367828713
21416.015625,0.003005185863
21421.875000,0.002066100720
21427.734375,0.004355203578
21433.593750,0.004817817105
21439.453125,0.002455014473
21445.312500,0.003092311461
21451.171875,0.003437601579
21457.031250,0.003049863593
21462.890625,0.003017487946
21468.750000,0.001770669605
21474.609375,0.002232181489
21480.468750,0.001551671835
21486.328125,0.002636625718
21492.187500,0.001946961855
21498.046875,0.003609841860
21503.906250,0.003532905335
21509.765625,0.002807555269
21515.625000,0.003305678210
21521.484375,0.004333843270
21527.343750,0.002356835546
21533.203125,0.001097759050
21539.062500,0.000486280929
21544.921875,0.001440017434
21550.781250,0.001260721551
21556.640625,0.001596522845
21562.500000,0.002952451368
21568.359375,0.003268408845
21574.218750,0.001306587543
21580.078125,0.002914642737
21585.937500,0.003102245087
21591.796875,0.001022017429
21597.656250,0.003500709179
21603.515625,0.003680001634
21609.375000,0.002174056698
21615.234375,0.002453782356
21621.093750,0.003710470129
21626.953125,0.001533565279
21632.812500,0.003796340380
21638.671875,0.004537160433
21644.531250,0.002874480801
21650.390625,0.001155641371
21656.250000,0.000650482939
21662.109375,0.001669513908
21667.968750,0.001272520492
21673.828125,0.002506223574
21679.687500,0.003925621540
21685.546875,0.003797267077
21691.406250,0.000272363277
21697.265625,0.001989474188
21703.125000,0.004254287501
21708.984375,0.005132597484
21714.843750,0.004410266939
21720.703125,0.003097163350
21726.562500,0.001088509146
21732.421875,0.001288617293
21738.281250,0.005178627738
21744.140625,0.005048483931
21750.000000,0.005966940216
21755.859375,0.005056160095
21761.718750,0.003541663995
21767.578125,0.005026606971
21773.437500,0.003472935980
21779.296875,0.001617437434
21785.156250,0.002785197681
21791.015625,0.004784174573
21796.875000,0.003518549160
21802.734375,0.002315275246
21808.593750,0.004285416230
21814.453125,0.002964114163
21820.312500,0.001096810968
21826.171875,0.002023549220
21832.031250,0.003041185831
21837.890625,0.003350350336
21843.750000,0.004966982638
21849.609375,0.001440098959
21855.468750,0.005322687451
21861.328125,0.005166483883
21867.187500,0.003479624761
21873.046875,0.002961524767
21878.906250,0.001945104740
21884.765625,0.003052756980
21890.625000,0.001020882973
21896.484375,0.001907327594
21902.343750,0.003816818048
21908.203125,0.001704316770
21914.062500,0.003415467293
21919.921875,0.003200874025
21925.781250,0.002343168262
21931.640625,0.002292665832
21937.500000,0.001577860202
21943.359375,0.002679460275
21949.218750,0.002563163491
21955.078125,0.001468253114
21960.937500,0.001821141153
21966.796875,0.000703733817
21972.656250,0.003544946124
21978.515625,0.004505699967
21984.375000,0.001369983785
21990.234375,0.000656695436
21996.093750,0.002972769966
22001.953125,0.000303793068
22007.812500,0.003635836041
22013.671875,0.002376401800
22019.531250,0.004160647634
22025.390625,0.004148726104
22031.250000,0.005971906315
22037.109375,0.004659759256
22042.968750,0.002667489490
22048.828125,0.001923403605
22054.687500,0.001279239198
22060.546875,0.001995243068
22066.406250,0.002647690126
22072.265625,0.002899694803
22078.125000,0.001636162682
22083.984375,0.001002269901
22089.843750,0.002084508954
22095.703125,0.001107421834
22101.562500,0.002022029148
22107.421875,0.003694261670
22113.281250,0.004334655387
22119.140625,0.001930886132
22125.000000,0.000785075865
22130.859375,0.000588316895
22136.718750,0.000807696635
22142.578125,0.000710002681
22148.437500,0.001293173339
22154.296875,0.001349303239
22160.156250,0.001034568633
22166.015625,0.003528824974
22171.875000,0.005586601762
22177.734375,0.004351013325
22183.593750,0.000953299249
22189.453125,0.001696250979
22195.312500,0.002775840536
22201.171875,0.003236031050
22207.031250,0.002033544483
22212.890625,0.000643247887
22218.750000,0.001312826346
22224.609375,0.001489462253
22230.468750,0.003218098730
22236.328125,0.001582808518
22242.187500,0.000816669744
22248.046875,0.002764620412
22253.906250,0.005256583799
22259.765625,0.004609017106
22265.625000,0.000900799758
22271.484375,0.004175378391
22277.343750,0.005639343376
22283.203125,0.004082179102
22289.062500,0.001392501192
22294.921875,0.001809436499
22300.781250,0.000597145093
22306.640625,0.000762764803
22312.500000,0.001906551627
22318.359375,0.004025470580
22324.218750,0.002871668120
22330.078125,0.001236495005
22335.937500,0.001769988855
22341.796875,0.004225478254
22347.656250,0.003280569029
22353.515625,0.002813681551
22359.375000,0.003093379310
22365.234375,0.001668599585
22371.093750,0.004775392013
22376.953125,0.006589477954
22382.812500,0.003560305317
22388.671875,0.003066405841
22394.531250,0.001437841735
22400.390625,0.004399232114
22406.250000,0.003039351431
22412.109375,0.001064547623
22417.968750,0.003917970245
22423.828125,0.005722754187
22429.687500,0.004869217424
22435.546875,0.002774098480
22441.406250,0.001529127035
22447.265625,0.000363638321
22453.125000,0.002936727050
22458.984375,0.002263282021
22464.843750,0.001001822370
22470.703125,0.002146000643
22476.562500,0.003762803245
22482.421875,0.003100296284
22488.281250,0.002122121067
22494.140625,0.005431889156
22500.000000,0.005237839785
22505.859375,0.004051122105
22511.718750,0.003687093119
22517.578125,0.001992410350
22523.437500,0.001945858336
22529.296875,0.002862530269
22535.156250,0.000450724940
22541.015625,0.003988684088
22546.875000,0.004875470675
22552.734375,0.005267902490
22558.593750,0.004283157482
22564.453125,0.003618893627
22570.312500,0.001426290475
22576.171875,0.001691353100
22582.031250,0.004481998690
22587.890625,0.004336925342
22593.750000,0.002461224556
22599.609375,0.001956596138
22605.468750,0.003659995320
22611.328125,0.004400399347
22617.187500,0.003012432026
22623.046875,0.001901330743
22628.906250,0.002394235654
22634.765625,0.004152603492
22640.625000,0.004991351421
22646.484375,0.003155960092
22652.343750,0.001549702604
22658.203125,0.001267866192
22664.062500,0.001293813226
22669.921875,0.001094714685
22675.781250,0.003861786852
22681.640625,0.003205703974
22687.500000,0.003000980389
22693.359375,0.002998530765
22699.218750,0.003565644158
22705.078125,0.002853823159
22710.937500,0.002325814051
22716.796875,0.003232738226
22722.656250,0.003499250315
22728.515625,0.001389413681
22734.375000,0.002174339144
22740.234375,0.001990107494
22746.093750,0.001951478213
22751.953125,0.002641928517
22757.812500,0.003685908745
22763.671875,0.001293579583
22769.531250,0.001353380577
22775.390625,0.002365673486
22781.250000,0.003254636177
22787.109375,0.004401643690
22792.968750,0.004496579329
22798.828125,0.002689671589
22804.687500,0.001933924513
22810.546875,0.005541162080
22816.406250,0.005453280521
22822.265625,0.002650199460
22828.125000,0.002790312693
22833.984375,0.002105781508
22839.843750,0.003249898845
22845.703125,0.003145117289
22851.562500,0.004480943371
22857.421875,0.003722853564
22863.281250,0.000367502701
22869.140625,0.001701387585
22875.000000,0.001750709923
22880.859375,0.000803471235
22886.718750,0.001476105430
22892.578125,0.001225936051
22898.437500,0.002259146194
22904.296875,0.001559029672
22910.156250,0.000860667042
22916.015625,0.000731731813
22921.875000,0.001111848812
22927.734375,0.001142961029
22933.593750,0.000514017422
22939.453125,0.000847177486
22945.312500,0.002410240772
22951.171875,0.002473105379
22957.031250,0.002240157740
22962.890625,0.002447528878
22968.750000,0.003374795375
22974.609375,0.004667807533
22980.468750,0.003373426123
22986.328125,0.001808556613
22992.187500,0.002452365410
22998.046875,0.000698383604
23003.906250,0.000974253187
23009.765625,0.001465439524
23015.625000,0.003391551021
23021.484375,0.001396799784
23027.343750,0.003112384856
23033.203125,0.004443381876
23039.062500,0.003061692012
23044.921875,0.001663820441
23050.781250,0.000164146055
23056.640625,0.002092454012
23062.500000,0.002180246320
23068.359375,0.002710230798
23074.218750,0.002448831681
23080.078125,0.006428828559
23085.937500,0.006902165466
23091.796875,0.004150436897
23097.656250,0.003641905452
23103.515625,0.003440341086
23109.375000,0.003620523115
23115.234375,0.000546848901
23121.093750,0.002977097220
23126.953125,0.003451433787
23132.812500,0.001656291686
23138.671875,0.001955715246
23144.531250,0.002304734261
23150.390625,0.002549850818
23156.250000,0.003544772289
23162.109375,0.001985488250
23167.968750,0.001876774994
23173.828125,0.002606909547
23179.687500,0.001685409033
23185.546875,0.000823250023
23191.406250,0.001237496440
23197.265625,0.000358070510
23203.125000,0.001110611135
23208.984375,0.001837291976
23214.843750,0.002702664677
23220.703125,0.003558052920
23226.562500,0.002152172490
23232.421875,0.001242333455
23238.281250,0.002455239011
23244.140625,0.003017834267
23250.000000,0.001893454551
23255.859375,0.001389644236
23261.718750,0.002717807227
23267.578125,0.002104427700
23273.437500,0.002485521025
23279.296875,0.001757575428
23285.156250,0.001432158794
23291.015625,0.002685409726
23296.875000,0.002704200955
23302.734375,0.001679347436
23308.593750,0.001176964759
23314.453125,0.001787817987
23320.312500,0.001601954567
23326.171875,0.002149296950
23332.031250,0.002975901442
23337.890625,0.000835857099
23343.750000,0.002830647203
23349.609375,0.003247395223
23355.468750,0.002552878734
23361.328125,0.002040788487
23367.187500,0.002358878576
23373.046875,0.001669807433
23378.906250,0.001464703100
23384.765625,0.004190820611
23390.625000,0.005714448076
23396.484375,0.004027968779
23402.343750,0.002947792002
23408.203125,0.002404621834
23414.062500,0.000452282698
23419.921875,0.001578282850
23425.781250,0.002566767503
23431.640625,0.005335351280
23437.500000,0.004091712329
23443.359375,0.001549138153
23449.218750,0.001431312498
23455.078125,0.005147021714
23460.937500,0.005627686095
23466.796875,0.002958140510
23472.656250,0.000767745709
23478.515625,0.001784560919
23484.375000,0.003815804528
23490.234375,0.004143822204
23496.093750,0.004305506845
23501.953125,0.002439376470
23507.812500,0.002570658366
23513.671875,0.001333540790
23519.531250,0.000351407579
23525.390625,0.002883824858
23531.250000,0.003821755536
23537.109375,0.000399660033
23542.968750,0.002839047132
23548.828125,0.002912110497
23554.687500,0.002712638460
23560.546875,0.001249094284
23566.406250,0.001089887908
23572.265625,0.000796100441
23578.125000,0.002539502182
23583.984375,0.004585063836
23589.843750,0.002263770828
23595.703125,0.003006416405
23601.562500,0.000586730830
23607.421875,0.000804853053
23613.281250,0.004291124457
23619.140625,0.006790394772
23625.000000,0.006108147221
23630.859375,0.002587389865
23636.718750,0.001192998641
23642.578125,0.002652615975
23648.437500,0.000498495229
23654.296875,0.004290298821
23660.156250,0.003190399345
23666.015625,0.002887766718
23671.875000,0.004726429500
23677.734375,0.001534065176
23683.593750,0.003022790069
23689.453125,0.004427781975
23695.312500,0.001389170600
23701.171875,0.002665099059
23707.031250,0.002679485506
23712.890625,0.002626953076
23718.750000,0.002289352368
23724.609375,0.001120042437
23730.468750,0.000913771229
23736.328125,0.002523607819
23742.187500,0.002828777051
23748.046875,0.000875649057
23753.906250,0.000986355746
23759.765625,0.001659239595
23765.625000,0.004337079584
23771.484375,0.005042418105
23777.343750,0.004221089476
23783.203125,0.002720759781
23789.062500,0.000712470136
23794.921875,0.000799919428
23800.781250,0.003386489401
23806.640625,0.006155330985
23812.500000,0.004720268332
23818.359375,0.002500710346
23824.218750,0.001004830420
23830.078125,0.000872501049
23835.937500,0.003144683832
23841.796875,0.004637730728
23847.656250,0.004202258044
23853.515625,0.004818830667
23859.375000,0.005214046735
23865.234375,0.001635162506
23871.093750,0.002435978325
23876.953125,0.000372791458
23882.812500,0.002414372179
23888.671875,0.003759335654
23894.531250,0.003665652919
23900.390625,0.001903443707
23906.250000,0.001617135931
23912.109375,0.002366313600
23917.968750,0.003693103870
23923.828125,0.001860820457
23929.687500,0.001058277215
23935.546875,0.001428896955
23941.406250,0.003880848509
23947.265625,0.004121084768
23953.125000,0.002344773212
23958.984375,0.002684897091
23964.843750,0.003967729805
23970.703125,0.003297305904
23976.562500,0.002197805096
23982.421875,0.004116623403
23988.281250,0.003255168168
23994.140625,0.003472506375
