source_file,260630_0019.wav
sample_rate_hz,48000
fft_size,8192
dominant_frequency_hz,5.859375
note,first-window FFT only; dominant_frequencies.csv uses full-file average spectrum

frequency_hz,magnitude
0.000000,22.691707486941
5.859375,17.629569474313
11.718750,2.442931550535
17.578125,16.553302245538
23.437500,13.301338599794
29.296875,14.621577323678
35.156250,14.396057912510
41.015625,4.600990704566
46.875000,10.562153704058
52.734375,3.631246441577
58.593750,7.676577482862
64.453125,8.288031487403
70.312500,9.538055350655
76.171875,8.256485926057
82.031250,5.196394382800
87.890625,5.900099665044
93.750000,1.333911343401
99.609375,2.891866122852
105.468750,1.753428192380
111.328125,1.606225419520
117.187500,2.533086254129
123.046875,2.643554243220
128.906250,2.649823877096
134.765625,4.383476866790
140.625000,6.873277246523
146.484375,5.082097244561
152.343750,3.570635234639
158.203125,1.776774602797
164.062500,0.581485854137
169.921875,1.533707275576
175.781250,2.879989457617
181.640625,2.271157212827
187.500000,1.370930903033
193.359375,0.799111503809
199.218750,0.775121889183
205.078125,1.298121108984
210.937500,1.405487135042
216.796875,1.751115318543
222.656250,1.598285936853
228.515625,0.937304172734
234.375000,0.702956519680
240.234375,0.440806970103
246.093750,1.543144831912
251.953125,1.050408270738
257.812500,0.984356588207
263.671875,0.754770039119
269.531250,0.179320247953
275.390625,1.074147010873
281.250000,0.868587967031
287.109375,0.487880303563
292.968750,0.486679223296
298.828125,0.168811695142
304.687500,0.325897700898
310.546875,0.380266601930
316.406250,0.389009310036
322.265625,0.368424715642
328.125000,0.261133729046
333.984375,0.178537695375
339.843750,0.309936558209
345.703125,0.361310645545
351.562500,0.465666084172
357.421875,0.339655474647
363.281250,0.373339694324
369.140625,0.927620930547
375.000000,1.066541084271
380.859375,1.023634107683
386.718750,0.694955411906
392.578125,0.104132880701
398.437500,0.256525579274
404.296875,0.528806035394
410.156250,0.247357720762
416.015625,0.435997655220
421.875000,0.713064612355
427.734375,0.502881262463
433.593750,0.952984814423
439.453125,0.466735011573
445.312500,0.178864323201
451.171875,0.248447366031
457.031250,0.320709478494
462.890625,0.420279342596
468.750000,0.388977375379
474.609375,0.273838305937
480.468750,0.464278467691
486.328125,0.235651508202
492.187500,0.666258213058
498.046875,0.525143338939
503.906250,0.371066659513
509.765625,1.552744792670
515.625000,1.344933989308
521.484375,0.495135145545
527.343750,0.662723078656
533.203125,0.158480540787
539.062500,1.119397084509
544.921875,1.404418525536
550.781250,0.982588209058
556.640625,0.284143759625
562.500000,0.536357126415
568.359375,0.342582495285
574.218750,0.689702795020
580.078125,0.352921016794
585.937500,0.500728010906
591.796875,0.984319733389
597.656250,0.930573526751
603.515625,0.532399598879
609.375000,0.540899759652
615.234375,0.775611623957
621.093750,0.260553686642
626.953125,0.558160797929
632.812500,0.485096804074
638.671875,0.495644810237
644.531250,0.902329695376
650.390625,0.648677168778
656.250000,0.865474246813
662.109375,1.210443720367
667.968750,0.638427662599
673.828125,0.691076348137
679.687500,0.702347912589
685.546875,0.679051212573
691.406250,0.605821502434
697.265625,0.522441393620
703.125000,0.657171864040
708.984375,0.660415378196
714.843750,0.246066567407
720.703125,0.741734220341
726.562500,0.673782294909
732.421875,0.584082040403
738.281250,0.337091890555
744.140625,0.505622148786
750.000000,0.546365935696
755.859375,0.516208533176
761.718750,0.292852170091
767.578125,0.293080803336
773.437500,0.119888500496
779.296875,0.413799874629
785.156250,0.460811750015
791.015625,0.288181294114
796.875000,0.735871566067
802.734375,0.889036393565
808.593750,0.394209185966
814.453125,0.853694332483
820.312500,0.833489040012
826.171875,0.235669476545
832.031250,0.429939733488
837.890625,0.418262099481
843.750000,0.806071705813
849.609375,0.898804153427
855.468750,0.643955554072
861.328125,0.699795392808
867.187500,0.505091134645
873.046875,0.221180378888
878.906250,0.226507283826
884.765625,0.496463776335
890.625000,0.610751656831
896.484375,0.128791695723
902.343750,0.449164829795
908.203125,0.261605642677
914.062500,0.359815646604
919.921875,0.321039573234
925.781250,0.479318159775
931.640625,0.608848532503
937.500000,0.705697833436
943.359375,0.525524253449
949.218750,0.375046449133
955.078125,0.218579954121
960.937500,0.292086672153
966.796875,0.342049910758
972.656250,0.409141938318
978.515625,0.376366184449
984.375000,0.419042299058
990.234375,0.796314754088
996.093750,0.392323820016
1001.953125,0.355684186126
1007.812500,0.617677553145
1013.671875,0.593411151998
1019.531250,0.433309362010
1025.390625,0.521355603827
1031.250000,0.116045116966
1037.109375,0.323384506044
1042.968750,0.313069265769
1048.828125,0.242609049735
1054.687500,0.485418239572
1060.546875,0.385376451775
1066.406250,0.555333448197
1072.265625,0.535186816716
1078.125000,0.294228201185
1083.984375,0.216908446391
1089.843750,0.368996309982
1095.703125,0.509839120970
1101.562500,0.216594384090
1107.421875,0.630564658677
1113.281250,0.716639317862
1119.140625,0.676305286673
1125.000000,0.375204874075
1130.859375,0.234994613627
1136.718750,0.490042974443
1142.578125,0.210487742836
1148.437500,0.280739883487
1154.296875,0.644085722777
1160.156250,0.627893685643
1166.015625,0.421905263220
1171.875000,0.099827333133
1177.734375,0.141211221060
1183.593750,0.206213402970
1189.453125,0.346237716370
1195.312500,0.380657995611
1201.171875,0.005696972487
1207.031250,0.337061454150
1212.890625,0.413122477337
1218.750000,0.543345056250
1224.609375,0.805512834052
1230.468750,0.605316262784
1236.328125,0.218745355094
1242.187500,0.237484660050
1248.046875,0.940124131657
1253.906250,0.564806912414
1259.765625,0.133572487441
1265.625000,0.102530431496
1271.484375,0.104953368587
1277.343750,0.433321489441
1283.203125,0.324073875342
1289.062500,0.185324646303
1294.921875,0.308667925102
1300.781250,0.152962798011
1306.640625,0.445731793724
1312.500000,0.352124401980
1318.359375,0.264842742904
1324.218750,0.275892035959
1330.078125,0.410516089022
1335.937500,0.165034575521
1341.796875,0.153406135930
1347.656250,0.117808709615
1353.515625,0.193324441626
1359.375000,0.094866875982
1365.234375,0.164943768920
1371.093750,0.129070683874
1376.953125,0.067942203841
1382.812500,0.087431451643
1388.671875,0.163613533766
1394.531250,0.272707809707
1400.390625,0.260452610954
1406.250000,0.333335822868
1412.109375,0.305674300219
1417.968750,0.417001870311
1423.828125,0.259347138461
1429.687500,0.397031110603
1435.546875,0.457601403571
1441.406250,0.335652154173
1447.265625,0.115027460855
1453.125000,0.191982825468
1458.984375,0.082548470903
1464.843750,0.252956656832
1470.703125,0.299736699055
1476.562500,0.272348025495
1482.421875,0.178935202064
1488.281250,0.187118102418
1494.140625,0.380701317906
1500.000000,0.209618847326
1505.859375,0.058561133093
1511.718750,0.163996800137
1517.578125,0.251396891691
1523.437500,0.283972285029
1529.296875,0.452121794026
1535.156250,0.393049538182
1541.015625,0.066253481241
1546.875000,0.226632877866
1552.734375,0.356861885878
1558.593750,0.553061955091
1564.453125,0.261940224592
1570.312500,0.328567220452
1576.171875,0.611809199221
1582.031250,0.319198515209
1587.890625,0.333108526998
1593.750000,0.519507050367
1599.609375,0.399385551965
1605.468750,0.447458963812
1611.328125,0.548164105853
1617.187500,0.234019227571
1623.046875,0.311159193723
1628.906250,0.218973170647
1634.765625,0.378647944457
1640.625000,0.610626935523
1646.484375,0.242610311872
1652.343750,0.226849464033
1658.203125,0.051003570021
1664.062500,0.276550784662
1669.921875,0.397224981451
1675.781250,0.478039878406
1681.640625,0.315426388018
1687.500000,0.453723944433
1693.359375,0.133293741914
1699.218750,0.201892210877
1705.078125,0.420589030604
1710.937500,0.462776709394
1716.796875,0.529541885588
1722.656250,0.334977283723
1728.515625,0.090596076398
1734.375000,0.320272066853
1740.234375,0.243082877483
1746.093750,0.062018149321
1751.953125,0.368754514217
1757.812500,0.574477281547
1763.671875,0.442305094907
1769.531250,0.361450784866
1775.390625,0.629774006012
1781.250000,0.414713139327
1787.109375,0.110351290693
1792.968750,0.072638269118
1798.828125,0.117757222128
1804.687500,0.176682757830
1810.546875,0.191545125839
1816.406250,0.230163281813
1822.265625,0.340239155925
1828.125000,0.305267868562
1833.984375,0.387311518849
1839.843750,0.429520400984
1845.703125,0.244706192375
1851.562500,0.183222649966
1857.421875,0.149153056299
1863.281250,0.511210016389
1869.140625,0.687019812567
1875.000000,0.377773326620
1880.859375,0.160487792380
1886.718750,0.171723163609
1892.578125,0.095981276015
1898.437500,0.075466162078
1904.296875,0.044488191300
1910.156250,0.317372161787
1916.015625,0.357775771349
1921.875000,0.327315577809
1927.734375,0.216488834018
1933.593750,0.324890806911
1939.453125,0.284782320667
1945.312500,0.113739986873
1951.171875,0.190197711709
1957.031250,0.138112423269
1962.890625,0.165702639607
1968.750000,0.127642761202
1974.609375,0.115290069980
1980.468750,0.121419126139
1986.328125,0.098500785405
1992.187500,0.092287407125
1998.046875,0.317037137466
2003.906250,0.375336426079
2009.765625,0.354831511991
2015.625000,0.288148406542
2021.484375,0.252934027011
2027.343750,0.375880807872
2033.203125,0.440336201501
2039.062500,0.126484518393
2044.921875,0.175702125818
2050.781250,0.412649926042
2056.640625,0.448060378867
2062.500000,0.171201646097
2068.359375,0.222170444622
2074.218750,0.240504436560
2080.078125,0.360283950283
2085.937500,0.338266557569
2091.796875,0.513367141932
2097.656250,0.318871004050
2103.515625,0.214604195317
2109.375000,0.365930473333
2115.234375,0.130484922135
2121.093750,0.501004468995
2126.953125,0.377412111002
2132.812500,0.195725503239
2138.671875,0.189893498267
2144.531250,0.183101878093
2150.390625,0.223176025246
2156.250000,0.265487952066
2162.109375,0.365805126212
2167.968750,0.569631500587
2173.828125,0.576462651588
2179.687500,0.403828367834
2185.546875,0.274383634405
2191.406250,0.167650104742
2197.265625,0.349499242647
2203.125000,0.265954664976
2208.984375,0.171124200248
2214.843750,0.539256521186
2220.703125,0.412025742908
2226.562500,0.237515812058
2232.421875,0.443417009471
2238.281250,0.334780674612
2244.140625,0.309981293397
2250.000000,0.166772207356
2255.859375,0.358894505093
2261.718750,0.400772383096
2267.578125,0.388511186788
2273.437500,0.293381200194
2279.296875,0.449515342287
2285.156250,0.542824853500
2291.015625,0.420487145737
2296.875000,0.384618405321
2302.734375,0.208162223429
2308.593750,0.269345014887
2314.453125,0.378297580789
2320.312500,0.517450260723
2326.171875,0.454944834612
2332.031250,0.118896796639
2337.890625,0.336883407345
2343.750000,0.484427115804
2349.609375,0.235925104354
2355.468750,0.091282764861
2361.328125,0.397953993454
2367.187500,0.512230048767
2373.046875,0.203833396944
2378.906250,0.281720820392
2384.765625,0.365981469238
2390.625000,0.413534846973
2396.484375,0.714572322513
2402.343750,0.615155431146
2408.203125,0.813223522307
2414.062500,0.676724780592
2419.921875,0.443652576452
2425.781250,0.419509184136
2431.640625,0.619563903426
2437.500000,0.282859836181
2443.359375,0.302305677843
2449.218750,0.196316130841
2455.078125,0.155604342864
2460.937500,0.237571183481
2466.796875,0.550634511533
2472.656250,0.354661850065
2478.515625,0.179504769054
2484.375000,0.151534652463
2490.234375,0.027884371788
2496.093750,0.094944362537
2501.953125,0.082663364523
2507.812500,0.080204208467
2513.671875,0.454203950530
2519.531250,0.614044477044
2525.390625,0.422896164211
2531.250000,0.124758628011
2537.109375,0.323728912563
2542.968750,0.222607263844
2548.828125,0.372633555416
2554.687500,0.171291062132
2560.546875,0.202352279793
2566.406250,0.176093846821
2572.265625,0.151245809328
2578.125000,0.078843944676
2583.984375,0.084505229010
2589.843750,0.142714887829
2595.703125,0.406028372089
2601.562500,0.247157628831
2607.421875,0.240776757729
2613.281250,0.225655338112
2619.140625,0.119438051736
2625.000000,0.337837661856
2630.859375,0.102016863701
2636.718750,0.357094962551
2642.578125,0.171278073126
2648.437500,0.068040474681
2654.296875,0.112106200685
2660.156250,0.140463355851
2666.015625,0.311603420791
2671.875000,0.076914316988
2677.734375,0.291808407266
2683.593750,0.459109266543
2689.453125,0.059225599202
2695.312500,0.270990880442
2701.171875,0.246097078339
2707.031250,0.112659132217
2712.890625,0.079449900174
2718.750000,0.215595264765
2724.609375,0.264107264752
2730.468750,0.097868624696
2736.328125,0.217088810774
2742.187500,0.063995709971
2748.046875,0.195927441573
2753.906250,0.076274349719
2759.765625,0.082657202570
2765.625000,0.029497814014
2771.484375,0.137290878409
2777.343750,0.051888694547
2783.203125,0.080065600115
2789.062500,0.220661824458
2794.921875,0.124523916487
2800.781250,0.235538372423
2806.640625,0.228670090234
2812.500000,0.129550376367
2818.359375,0.171551975650
2824.218750,0.269161985587
2830.078125,0.187206692388
2835.937500,0.225173308218
2841.796875,0.119794877177
2847.656250,0.086159277083
2853.515625,0.071779562526
2859.375000,0.143592569457
2865.234375,0.190674880741
2871.093750,0.345093666957
2876.953125,0.175708729699
2882.812500,0.207743573394
2888.671875,0.363319765077
2894.531250,0.101504905528
2900.390625,0.259076908849
2906.250000,0.476782048041
2912.109375,0.162571824155
2917.968750,0.255576975780
2923.828125,0.327719700783
2929.687500,0.185168148299
2935.546875,0.102215143017
2941.406250,0.243476062591
2947.265625,0.186096989274
2953.125000,0.096545078313
2958.984375,0.090949826760
2964.843750,0.137475115609
2970.703125,0.211203328622
2976.562500,0.098791787693
2982.421875,0.232989342770
2988.281250,0.232247006076
2994.140625,0.230883841168
3000.000000,0.289267497156
3005.859375,0.078893928055
3011.718750,0.186719585126
3017.578125,0.142115106331
3023.437500,0.052051520213
3029.296875,0.184411855426
3035.156250,0.076553132649
3041.015625,0.161355068748
3046.875000,0.156312082036
3052.734375,0.157330364253
3058.593750,0.202837038065
3064.453125,0.155840237995
3070.312500,0.258735224046
3076.171875,0.108884639559
3082.031250,0.281851674988
3087.890625,0.501593466280
3093.750000,0.306858368640
3099.609375,0.057615768752
3105.468750,0.098134295223
3111.328125,0.305774627882
3117.187500,0.273071369683
3123.046875,0.175137408556
3128.906250,0.130008202688
3134.765625,0.105116532201
3140.625000,0.074191544834
3146.484375,0.150445060484
3152.343750,0.144143683289
3158.203125,0.134353981639
3164.062500,0.197316468192
3169.921875,0.219682237120
3175.781250,0.139245804568
3181.640625,0.154488504982
3187.500000,0.099328701576
3193.359375,0.184415601640
3199.218750,0.259216740009
3205.078125,0.387654694053
3210.937500,0.129065553850
3216.796875,0.237859975323
3222.656250,0.031870097200
3228.515625,0.272504751711
3234.375000,0.177117192771
3240.234375,0.149678162057
3246.093750,0.046309769104
3251.953125,0.171259519094
3257.812500,0.146900042055
3263.671875,0.250017577382
3269.531250,0.234747885474
3275.390625,0.246626396798
3281.250000,0.324984582302
3287.109375,0.434817804437
3292.968750,0.192958176365
3298.828125,0.325999412631
3304.687500,0.258558740585
3310.546875,0.108732388303
3316.406250,0.148564545428
3322.265625,0.186989341784
3328.125000,0.444940163123
3333.984375,0.212388532730
3339.843750,0.306584023690
3345.703125,0.179791524326
3351.562500,0.569007215595
3357.421875,0.468613077095
3363.281250,0.218313592618
3369.140625,0.273514876010
3375.000000,0.376395899629
3380.859375,0.111544430013
3386.718750,0.120851653172
3392.578125,0.208613262993
3398.437500,0.066075110753
3404.296875,0.049250238912
3410.156250,0.315924997655
3416.015625,0.212380243140
3421.875000,0.087649440946
3427.734375,0.184881633863
3433.593750,0.067009555354
3439.453125,0.173294746964
3445.312500,0.139556362313
3451.171875,0.238385390549
3457.031250,0.186143497261
3462.890625,0.073296819323
3468.750000,0.153350443903
3474.609375,0.089887110916
3480.468750,0.043548193896
3486.328125,0.172513061128
3492.187500,0.202778267928
3498.046875,0.307457013577
3503.906250,0.459608815839
3509.765625,0.222671639251
3515.625000,0.122464825010
3521.484375,0.034645338709
3527.343750,0.047702998229
3533.203125,0.085321338132
3539.062500,0.026048068376
3544.921875,0.232184456101
3550.781250,0.175927573985
3556.640625,0.091857348719
3562.500000,0.044667898111
3568.359375,0.074200608309
3574.218750,0.149041860470
3580.078125,0.253441016532
3585.937500,0.164686066697
3591.796875,0.263860808597
3597.656250,0.190895534060
3603.515625,0.157099123718
3609.375000,0.277825531544
3615.234375,0.521999137407
3621.093750,0.102674442436
3626.953125,0.260302854524
3632.812500,0.180826892692
3638.671875,0.150219662791
3644.531250,0.125809380841
3650.390625,0.130803375529
3656.250000,0.122846219120
3662.109375,0.121502362025
3667.968750,0.162110836728
3673.828125,0.180446984747
3679.687500,0.037827178768
3685.546875,0.131794235805
3691.406250,0.169913938324
3697.265625,0.177300781425
3703.125000,0.144144403450
3708.984375,0.160339534224
3714.843750,0.182615985511
3720.703125,0.142292467994
3726.562500,0.047831475231
3732.421875,0.087398468194
3738.281250,0.085022919736
3744.140625,0.094358001341
3750.000000,0.222159052154
3755.859375,0.218885496114
3761.718750,0.076270354662
3767.578125,0.056165192475
3773.437500,0.177914662874
3779.296875,0.211156883187
3785.156250,0.031723686613
3791.015625,0.031920651807
3796.875000,0.160939636351
3802.734375,0.196278717169
3808.593750,0.143045914579
3814.453125,0.223009030323
3820.312500,0.133183065127
3826.171875,0.270215388301
3832.031250,0.357247233723
3837.890625,0.265126870513
3843.750000,0.114541732462
3849.609375,0.132585668199
3855.468750,0.242360008486
3861.328125,0.299021236676
3867.187500,0.069035441684
3873.046875,0.120450234436
3878.906250,0.285127589467
3884.765625,0.086833458571
3890.625000,0.162036590783
3896.484375,0.197357695262
3902.343750,0.467820975153
3908.203125,0.380992895977
3914.062500,0.211967453527
3919.921875,0.094171782018
3925.781250,0.285273575900
3931.640625,0.122418751712
3937.500000,0.426845169548
3943.359375,0.634551822672
3949.218750,0.259931523517
3955.078125,0.148382059717
3960.937500,0.163356416759
3966.796875,0.114460007995
3972.656250,0.382188884519
3978.515625,0.331679953798
3984.375000,0.219897302369
3990.234375,0.256298454896
3996.093750,0.241059100333
4001.953125,0.142276552209
4007.812500,0.059062150684
4013.671875,0.103136412889
4019.531250,0.160063205479
4025.390625,0.227385173127
4031.250000,0.175269221239
4037.109375,0.189346856037
4042.968750,0.177868146945
4048.828125,0.224398217697
4054.687500,0.145969360440
4060.546875,0.133352707325
4066.406250,0.144838226230
4072.265625,0.080899005388
4078.125000,0.353198895640
4083.984375,0.100364759073
4089.843750,0.272185366732
4095.703125,0.333198027837
4101.562500,0.147629672827
4107.421875,0.075808470816
4113.281250,0.065402672325
4119.140625,0.161847754406
4125.000000,0.253920243090
4130.859375,0.120939472203
4136.718750,0.348468577155
4142.578125,0.210110709004
4148.437500,0.461006679564
4154.296875,0.078721265189
4160.156250,0.186996053593
4166.015625,0.114767623539
4171.875000,0.064400713467
4177.734375,0.231984303158
4183.593750,0.221929407735
4189.453125,0.180254594853
4195.312500,0.185911990140
4201.171875,0.197064679314
4207.031250,0.216585481801
4212.890625,0.101978628099
4218.750000,0.123900667305
4224.609375,0.095045201617
4230.468750,0.146237529786
4236.328125,0.091123533766
4242.187500,0.084665509523
4248.046875,0.135306194131
4253.906250,0.043119810745
4259.765625,0.117494291699
4265.625000,0.375656586119
4271.484375,0.231133533015
4277.343750,0.107726332634
4283.203125,0.244331942654
4289.062500,0.313065613658
4294.921875,0.119200984678
4300.781250,0.103068641828
4306.640625,0.057972513297
4312.500000,0.043718549920
4318.359375,0.128038947246
4324.218750,0.073689813077
4330.078125,0.052147768319
4335.937500,0.191829292578
4341.796875,0.157645916813
4347.656250,0.168451184108
4353.515625,0.056538865290
4359.375000,0.235686859139
4365.234375,0.048311174918
4371.093750,0.074556866749
4376.953125,0.086236551418
4382.812500,0.173670921310
4388.671875,0.146942994857
4394.531250,0.437916599317
4400.390625,0.311126996222
4406.250000,0.080697105678
4412.109375,0.226299843524
4417.968750,0.117577472571
4423.828125,0.581130801215
4429.687500,0.515390654847
4435.546875,0.278373369959
4441.406250,0.226738328405
4447.265625,0.202370961691
4453.125000,0.022203789280
4458.984375,0.212580803311
4464.843750,0.187781511887
4470.703125,0.113857450857
4476.562500,0.106496052656
4482.421875,0.028130622658
4488.281250,0.122441892299
4494.140625,0.182724298255
4500.000000,0.062671127915
4505.859375,0.237112190086
4511.718750,0.128020792753
4517.578125,0.131458628240
4523.437500,0.100261315718
4529.296875,0.167692151698
4535.156250,0.087879447458
4541.015625,0.218413969215
4546.875000,0.479865065529
4552.734375,0.332408335432
4558.593750,0.481637084138
4564.453125,0.287529401257
4570.312500,0.107672735836
4576.171875,0.168864550256
4582.031250,0.131870530111
4587.890625,0.342546878074
4593.750000,0.356041870036
4599.609375,0.265457167768
4605.468750,0.245999102691
4611.328125,0.155799132998
4617.187500,0.072002742331
4623.046875,0.065618912198
4628.906250,0.445847497325
4634.765625,0.347513239945
4640.625000,0.037079629846
4646.484375,0.184903776444
4652.343750,0.256676849362
4658.203125,0.320548973832
4664.062500,0.258295172812
4669.921875,0.290988127175
4675.781250,0.069925677056
4681.640625,0.146642643984
4687.500000,0.312588426757
4693.359375,0.212586909359
4699.218750,0.090482507998
4705.078125,0.131371887901
4710.937500,0.273752476585
4716.796875,0.342098688496
4722.656250,0.103908335383
4728.515625,0.142025300192
4734.375000,0.346107516179
4740.234375,0.396991687832
4746.093750,0.126951310429
4751.953125,0.141266301447
4757.812500,0.221578332872
4763.671875,0.159632106948
4769.531250,0.366715243510
4775.390625,0.211649972680
4781.250000,0.092566240504
4787.109375,0.243572121685
4792.968750,0.368701775287
4798.828125,0.327428246739
4804.687500,0.259814752438
4810.546875,0.046690666911
4816.406250,0.104732376521
4822.265625,0.232402824578
4828.125000,0.480249525455
4833.984375,0.228110209504
4839.843750,0.127905517449
4845.703125,0.191520047086
4851.562500,0.166160481007
4857.421875,0.430651807700
4863.281250,0.313112690115
4869.140625,0.165903661371
4875.000000,0.098249532302
4880.859375,0.225695635176
4886.718750,0.272263849764
4892.578125,0.402566239847
4898.437500,0.176903018708
4904.296875,0.198168123453
4910.156250,0.239086607540
4916.015625,0.026784056681
4921.875000,0.071974961770
4927.734375,0.133185527392
4933.593750,0.107099922768
4939.453125,0.122526667277
4945.312500,0.247470296764
4951.171875,0.187867004759
4957.031250,0.151003410622
4962.890625,0.076440532457
4968.750000,0.120605761594
4974.609375,0.123271920609
4980.468750,0.062793994838
4986.328125,0.067694689784
4992.187500,0.147126072056
4998.046875,0.148430472690
5003.906250,0.116353604740
5009.765625,0.068688803711
5015.625000,0.079223352311
5021.484375,0.133749173280
5027.343750,0.046598429720
5033.203125,0.073230061220
5039.062500,0.009629872852
5044.921875,0.097368664102
5050.781250,0.084530602060
5056.640625,0.130851649252
5062.500000,0.172632576258
5068.359375,0.084182235169
5074.218750,0.064260522162
5080.078125,0.072937225824
5085.937500,0.112634538394
5091.796875,0.061298664054
5097.656250,0.176784101214
5103.515625,0.047861507613
5109.375000,0.034950572328
5115.234375,0.131997483462
5121.093750,0.236356111135
5126.953125,0.103057263740
5132.812500,0.100105018963
5138.671875,0.094195552913
5144.531250,0.028850166185
5150.390625,0.033771929830
5156.250000,0.075468597208
5162.109375,0.035562636558
5167.968750,0.087698890166
5173.828125,0.186438835526
5179.687500,0.089419449181
5185.546875,0.041289972233
5191.406250,0.160409917396
5197.265625,0.145668952938
5203.125000,0.015824013860
5208.984375,0.013798221989
5214.843750,0.037464087880
5220.703125,0.049356349260
5226.562500,0.078797089083
5232.421875,0.196312103001
5238.281250,0.119192988514
5244.140625,0.035314057989
5250.000000,0.062578261339
5255.859375,0.118082084666
5261.718750,0.040440765541
5267.578125,0.053190249689
5273.437500,0.083660652429
5279.296875,0.107012386009
5285.156250,0.078086001616
5291.015625,0.107097378386
5296.875000,0.111447715326
5302.734375,0.063204068888
5308.593750,0.060955097642
5314.453125,0.074682309976
5320.312500,0.059417847688
5326.171875,0.121332116116
5332.031250,0.058018134236
5337.890625,0.102112225530
5343.750000,0.068454402027
5349.609375,0.042607394379
5355.468750,0.090869465758
5361.328125,0.064463918383
5367.187500,0.044390845749
5373.046875,0.028814104271
5378.906250,0.062899663576
5384.765625,0.091907147017
5390.625000,0.148978961154
5396.484375,0.120527583233
5402.343750,0.096509624354
5408.203125,0.141950744676
5414.062500,0.067771155362
5419.921875,0.050249201963
5425.781250,0.056822490045
5431.640625,0.141554861157
5437.500000,0.110232352100
5443.359375,0.098164729060
5449.218750,0.030138638850
5455.078125,0.051917737054
5460.937500,0.071335981674
5466.796875,0.079318937523
5472.656250,0.051369873643
5478.515625,0.107597896933
5484.375000,0.084691418242
5490.234375,0.097759574252
5496.093750,0.075919622531
5501.953125,0.031432179998
5507.812500,0.011907377648
5513.671875,0.035726983953
5519.531250,0.068435194108
5525.390625,0.045499709586
5531.250000,0.038097754385
5537.109375,0.078665444980
5542.968750,0.092576904376
5548.828125,0.071990964175
5554.687500,0.047872695387
5560.546875,0.052738011660
5566.406250,0.120726481029
5572.265625,0.134917572426
5578.125000,0.048648691380
5583.984375,0.039178418218
5589.843750,0.060018185233
5595.703125,0.043653317304
5601.562500,0.045786506873
5607.421875,0.102108027725
5613.281250,0.097001276384
5619.140625,0.049252394657
5625.000000,0.033612436672
5630.859375,0.050867242373
5636.718750,0.075735067841
5642.578125,0.107962652678
5648.437500,0.114823788803
5654.296875,0.107701453212
5660.156250,0.117076925783
5666.015625,0.071785131362
5671.875000,0.072636103013
5677.734375,0.045445080475
5683.593750,0.164070918625
5689.453125,0.149745256074
5695.312500,0.046230654711
5701.171875,0.044665398023
5707.031250,0.088704379824
5712.890625,0.139979004366
5718.750000,0.114610573415
5724.609375,0.037495097123
5730.468750,0.065306595031
5736.328125,0.258433967288
5742.187500,0.318608500941
5748.046875,0.119220266864
5753.906250,0.066787115402
5759.765625,0.023522228808
5765.625000,0.070991464086
5771.484375,0.034966393375
5777.343750,0.122682057357
5783.203125,0.121762017437
5789.062500,0.036825748634
5794.921875,0.119727706285
5800.781250,0.181714684094
5806.640625,0.258152404517
5812.500000,0.119037751857
5818.359375,0.019648911284
5824.218750,0.113685883295
5830.078125,0.129774814136
5835.937500,0.079090298201
5841.796875,0.185594383454
5847.656250,0.080306811561
5853.515625,0.141146700733
5859.375000,0.151329826355
5865.234375,0.085598581684
5871.093750,0.082324021100
5876.953125,0.115118408763
5882.812500,0.248578984640
5888.671875,0.119952013168
5894.531250,0.105267567015
5900.390625,0.253378066838
5906.250000,0.218405145614
5912.109375,0.072566756921
5917.968750,0.160316388390
5923.828125,0.086558329619
5929.687500,0.116180877364
5935.546875,0.111021524593
5941.406250,0.232922809893
5947.265625,0.200319152607
5953.125000,0.025243265039
5958.984375,0.095353512845
5964.843750,0.129800316074
5970.703125,0.115217365095
5976.562500,0.104677523637
5982.421875,0.078072728644
5988.281250,0.036531653764
5994.140625,0.138740285808
6000.000000,0.188057571794
6005.859375,0.076254127678
6011.718750,0.089746765776
6017.578125,0.218345097075
6023.437500,0.179824854145
6029.296875,0.164397721935
6035.156250,0.157462427874
6041.015625,0.140659171799
6046.875000,0.089679401867
6052.734375,0.129599199791
6058.593750,0.230278661799
6064.453125,0.102847920951
6070.312500,0.307270705065
6076.171875,0.244209364135
6082.031250,0.219413930153
6087.890625,0.214961029475
6093.750000,0.229955947479
6099.609375,0.272741139073
6105.468750,0.160379715314
6111.328125,0.075682325202
6117.187500,0.162220334358
6123.046875,0.099685191631
6128.906250,0.029302306839
6134.765625,0.074431228135
6140.625000,0.082166773180
6146.484375,0.057442382814
6152.343750,0.022847090048
6158.203125,0.061050547079
6164.062500,0.091779275681
6169.921875,0.143092359463
6175.781250,0.137932211612
6181.640625,0.069875848971
6187.500000,0.104065321018
6193.359375,0.086029815608
6199.218750,0.074478274300
6205.078125,0.030045699555
6210.937500,0.039635915997
6216.796875,0.056531877434
6222.656250,0.058471472728
6228.515625,0.095756121541
6234.375000,0.121067469232
6240.234375,0.123369968795
6246.093750,0.147410761565
6251.953125,0.060649772709
6257.812500,0.111162182752
6263.671875,0.135701409422
6269.531250,0.108893604304
6275.390625,0.071060237018
6281.250000,0.062886046799
6287.109375,0.182560988710
6292.968750,0.088489920665
6298.828125,0.047266861474
6304.687500,0.032456579055
6310.546875,0.042967737924
6316.406250,0.090825475775
6322.265625,0.305551373722
6328.125000,0.161600869538
6333.984375,0.047866055225
6339.843750,0.099556655950
6345.703125,0.099828612139
6351.562500,0.131218912094
6357.421875,0.104596395696
6363.281250,0.185708802461
6369.140625,0.233448784205
6375.000000,0.108450366000
6380.859375,0.100107526645
6386.718750,0.116751707786
6392.578125,0.086564950815
6398.437500,0.141393798125
6404.296875,0.164339398160
6410.156250,0.073149087096
6416.015625,0.179880699317
6421.875000,0.240679014692
6427.734375,0.168870581988
6433.593750,0.033339007438
6439.453125,0.078246329515
6445.312500,0.075934222200
6451.171875,0.189878442155
6457.031250,0.163207598161
6462.890625,0.079266677277
6468.750000,0.221093751995
6474.609375,0.076316049382
6480.468750,0.175785250120
6486.328125,0.072680351383
6492.187500,0.275260637743
6498.046875,0.317072042429
6503.906250,0.106869042813
6509.765625,0.228713143336
6515.625000,0.167136546671
6521.484375,0.090410758005
6527.343750,0.253142131908
6533.203125,0.185522133470
6539.062500,0.061481521830
6544.921875,0.044086406794
6550.781250,0.072158861984
6556.640625,0.063650006422
6562.500000,0.203795207554
6568.359375,0.100896722698
6574.218750,0.066428856738
6580.078125,0.070694218555
6585.937500,0.159976634350
6591.796875,0.129239499943
6597.656250,0.063225391333
6603.515625,0.105335034025
6609.375000,0.047705031825
6615.234375,0.077779477462
6621.093750,0.062664010692
6626.953125,0.080163574589
6632.812500,0.099804111909
6638.671875,0.062425591691
6644.531250,0.121124435807
6650.390625,0.100404890868
6656.250000,0.098073873843
6662.109375,0.070023249192
6667.968750,0.083559827683
6673.828125,0.123227122622
6679.687500,0.060500282354
6685.546875,0.092020262096
6691.406250,0.072663707976
6697.265625,0.070704110643
6703.125000,0.144822242579
6708.984375,0.052909212000
6714.843750,0.058929932603
6720.703125,0.101969783039
6726.562500,0.061734800111
6732.421875,0.050791557899
6738.281250,0.059570813569
6744.140625,0.085553110599
6750.000000,0.046960744310
6755.859375,0.093273384447
6761.718750,0.110138782128
6767.578125,0.084850505710
6773.437500,0.103138560334
6779.296875,0.097610685336
6785.156250,0.140416539193
6791.015625,0.078156496889
6796.875000,0.029714756137
6802.734375,0.084298176126
6808.593750,0.172882396027
6814.453125,0.070129687105
6820.312500,0.026644713700
6826.171875,0.093602871582
6832.031250,0.124935696093
6837.890625,0.050590766563
6843.750000,0.072387013785
6849.609375,0.072521132732
6855.468750,0.034753240456
6861.328125,0.049186456410
6867.187500,0.039647671118
6873.046875,0.054171427535
6878.906250,0.030694433487
6884.765625,0.036049967400
6890.625000,0.050703759123
6896.484375,0.085851512917
6902.343750,0.100366062930
6908.203125,0.072327077818
6914.062500,0.134046345729
6919.921875,0.138060268578
6925.781250,0.102898090955
6931.640625,0.085731621171
6937.500000,0.123575968756
6943.359375,0.113175535568
6949.218750,0.069777987888
6955.078125,0.051648888264
6960.937500,0.071584136856
6966.796875,0.050241373651
6972.656250,0.067506208969
6978.515625,0.043297904683
6984.375000,0.079009251333
6990.234375,0.035949032536
6996.093750,0.059259666172
7001.953125,0.057600956436
7007.812500,0.024168692172
7013.671875,0.026936667240
7019.531250,0.030631885583
7025.390625,0.028461305692
7031.250000,0.060542979489
7037.109375,0.052581795954
7042.968750,0.026338532210
7048.828125,0.064932629744
7054.687500,0.019109781242
7060.546875,0.095788168674
7066.406250,0.121976456231
7072.265625,0.080763516182
7078.125000,0.073839298367
7083.984375,0.076672119257
7089.843750,0.050885698554
7095.703125,0.019538379652
7101.562500,0.047553292178
7107.421875,0.080778596633
7113.281250,0.061838275902
7119.140625,0.036038275828
7125.000000,0.050631356824
7130.859375,0.040848764767
7136.718750,0.015459707945
7142.578125,0.032957073635
7148.437500,0.053359070690
7154.296875,0.004879830900
7160.156250,0.064991659817
7166.015625,0.090451880330
7171.875000,0.075606353449
7177.734375,0.023464943320
7183.593750,0.023194336663
7189.453125,0.079530235334
7195.312500,0.087092924366
7201.171875,0.042779103627
7207.031250,0.035217056637
7212.890625,0.068662954621
7218.750000,0.068595547353
7224.609375,0.071570116532
7230.468750,0.054147735174
7236.328125,0.035412375741
7242.187500,0.020767100888
7248.046875,0.074626748896
7253.906250,0.077289300513
7259.765625,0.053566278582
7265.625000,0.033789206293
7271.484375,0.027872285517
7277.343750,0.078528182599
7283.203125,0.078864269923
7289.062500,0.027547494798
7294.921875,0.011162834720
7300.781250,0.044647929130
7306.640625,0.077752871426
7312.500000,0.031046388794
7318.359375,0.015612785780
7324.218750,0.025008262547
7330.078125,0.026775538150
7335.937500,0.093996810843
7341.796875,0.060172059543
7347.656250,0.044488787730
7353.515625,0.029371201119
7359.375000,0.063851620231
7365.234375,0.074824218290
7371.093750,0.069246741152
7376.953125,0.044790759150
7382.812500,0.030623641480
7388.671875,0.017658342107
7394.531250,0.045236187900
7400.390625,0.009096457516
7406.250000,0.031599098692
7412.109375,0.046172065692
7417.968750,0.064992751565
7423.828125,0.042597663054
7429.687500,0.051642292305
7435.546875,0.017707259283
7441.406250,0.057389320792
7447.265625,0.012741872174
7453.125000,0.045188068437
7458.984375,0.059755271293
7464.843750,0.050195928236
7470.703125,0.036582084846
7476.562500,0.039856472477
7482.421875,0.007554217528
7488.281250,0.008904141104
7494.140625,0.019897738081
7500.000000,0.034887023673
7505.859375,0.015023688697
7511.718750,0.025331889147
7517.578125,0.061893134886
7523.437500,0.042980555518
7529.296875,0.024105744604
7535.156250,0.045443031758
7541.015625,0.036534899998
7546.875000,0.029638343722
7552.734375,0.018382819473
7558.593750,0.041034789498
7564.453125,0.034102062220
7570.312500,0.047129357665
7576.171875,0.012124677904
7582.031250,0.010674159766
7587.890625,0.048437396282
7593.750000,0.025225360337
7599.609375,0.012254986148
7605.468750,0.057878391390
7611.328125,0.080531821697
7617.187500,0.076737548227
7623.046875,0.070599233081
7628.906250,0.079458893828
7634.765625,0.012292387469
7640.625000,0.032286819614
7646.484375,0.053413232096
7652.343750,0.080300633046
7658.203125,0.027877528700
7664.062500,0.026609830529
7669.921875,0.101871793305
7675.781250,0.071229090647
7681.640625,0.080356397984
7687.500000,0.050854929006
7693.359375,0.045472286720
7699.218750,0.037449318214
7705.078125,0.058759929973
7710.937500,0.066505625370
7716.796875,0.065527711336
7722.656250,0.073954362174
7728.515625,0.042343335834
7734.375000,0.043493734143
7740.234375,0.015985909359
7746.093750,0.035515565721
7751.953125,0.041841101129
7757.812500,0.068709088947
7763.671875,0.050967779510
7769.531250,0.046780170432
7775.390625,0.089142234635
7781.250000,0.070704796406
7787.109375,0.061442078745
7792.968750,0.027483629154
7798.828125,0.003236616603
7804.687500,0.044115827468
7810.546875,0.000863423490
7816.406250,0.056410387425
7822.265625,0.025349010037
7828.125000,0.023405480594
7833.984375,0.022637809289
7839.843750,0.071220961990
7845.703125,0.064489308490
7851.562500,0.032480740248
7857.421875,0.046159014873
7863.281250,0.043718145196
7869.140625,0.022698999664
7875.000000,0.048362385460
7880.859375,0.045208777287
7886.718750,0.024780662298
7892.578125,0.031193605165
7898.437500,0.015687521689
7904.296875,0.027612865821
7910.156250,0.023025874989
7916.015625,0.045393193866
7921.875000,0.028497035865
7927.734375,0.033647012492
7933.593750,0.029337621517
7939.453125,0.022619211406
7945.312500,0.026328729163
7951.171875,0.055209292560
7957.031250,0.061958183472
7962.890625,0.024130246718
7968.750000,0.016839270096
7974.609375,0.037991577681
7980.468750,0.041132474535
7986.328125,0.003050008514
7992.187500,0.037590673656
7998.046875,0.083523640898
8003.906250,0.059454000479
8009.765625,0.004267023987
8015.625000,0.037555285488
8021.484375,0.063796862376
8027.343750,0.031132241525
8033.203125,0.054979064682
8039.062500,0.016839595380
8044.921875,0.062534895153
8050.781250,0.064045162369
8056.640625,0.009573740987
8062.500000,0.061629696388
8068.359375,0.024798650953
8074.218750,0.040013281150
8080.078125,0.040927083015
8085.937500,0.022090571940
8091.796875,0.019611075830
8097.656250,0.028914441749
8103.515625,0.053372376546
8109.375000,0.011514467265
8115.234375,0.012320973878
8121.093750,0.029101740708
8126.953125,0.046334278625
8132.812500,0.043089062163
8138.671875,0.057841207796
8144.531250,0.038510974690
8150.390625,0.011861528691
8156.250000,0.034750063838
8162.109375,0.017733673072
8167.968750,0.044805384950
8173.828125,0.043340940377
8179.687500,0.032272683782
8185.546875,0.025421587545
8191.406250,0.028878044613
8197.265625,0.053821222738
8203.125000,0.022661773236
8208.984375,0.090175069493
8214.843750,0.047941260803
8220.703125,0.028844865812
8226.562500,0.054441040800
8232.421875,0.049702960102
8238.281250,0.115819943208
8244.140625,0.126099342459
8250.000000,0.031999984619
8255.859375,0.088602308659
8261.718750,0.069619511013
8267.578125,0.053224987662
8273.437500,0.044414850582
8279.296875,0.063375978729
8285.156250,0.048755514461
8291.015625,0.016385517055
8296.875000,0.044688424950
8302.734375,0.029120219677
8308.593750,0.038586305869
8314.453125,0.015054146963
8320.312500,0.031133996795
8326.171875,0.059280789519
8332.031250,0.027730308681
8337.890625,0.058996410229
8343.750000,0.064594072246
8349.609375,0.018232121137
8355.468750,0.022630576838
8361.328125,0.017205818212
8367.187500,0.024982168776
8373.046875,0.025546620049
8378.906250,0.024934155160
8384.765625,0.015885358373
8390.625000,0.045339332808
8396.484375,0.018169944861
8402.343750,0.034471884570
8408.203125,0.033709696471
8414.062500,0.010280852145
8419.921875,0.022344210580
8425.781250,0.031800243689
8431.640625,0.032092028828
8437.500000,0.028649566757
8443.359375,0.049039211829
8449.218750,0.054450452748
8455.078125,0.033462277873
8460.937500,0.025899133948
8466.796875,0.061956170497
8472.656250,0.027916261108
8478.515625,0.091225349253
8484.375000,0.086879700394
8490.234375,0.065069019638
8496.093750,0.029172565489
8501.953125,0.028335849632
8507.812500,0.013950676067
8513.671875,0.009225058145
8519.531250,0.030667628416
8525.390625,0.028169638019
8531.250000,0.019417566826
8537.109375,0.038443681955
8542.968750,0.015816862506
8548.828125,0.038763396882
8554.687500,0.058888850053
8560.546875,0.044142084257
8566.406250,0.055180382622
8572.265625,0.051456089674
8578.125000,0.037955981793
8583.984375,0.062116131305
8589.843750,0.047805599321
8595.703125,0.021317487151
8601.562500,0.050090140050
8607.421875,0.036740075521
8613.281250,0.037196809557
8619.140625,0.024806997238
8625.000000,0.027600802608
8630.859375,0.020112027991
8636.718750,0.040272968188
8642.578125,0.071680070513
8648.437500,0.074428642380
8654.296875,0.034253164603
8660.156250,0.031971817363
8666.015625,0.010505282287
8671.875000,0.035505033648
8677.734375,0.037676839419
8683.593750,0.035142135203
8689.453125,0.029087809718
8695.312500,0.013306406425
8701.171875,0.009775606674
8707.031250,0.025457395955
8712.890625,0.009567159234
8718.750000,0.021025472049
8724.609375,0.038079341235
8730.468750,0.011052016046
8736.328125,0.004452829352
8742.187500,0.008500528057
8748.046875,0.035132236182
8753.906250,0.030713580813
8759.765625,0.014675490458
8765.625000,0.025607358301
8771.484375,0.030718841489
8777.343750,0.037040742361
8783.203125,0.021997259548
8789.062500,0.019939877288
8794.921875,0.023786412441
8800.781250,0.023123087631
8806.640625,0.019602273307
8812.500000,0.025516851216
8818.359375,0.010948051295
8824.218750,0.045400988997
8830.078125,0.028421869735
8835.937500,0.012127453537
8841.796875,0.034124982231
8847.656250,0.046560976850
8853.515625,0.011625438032
8859.375000,0.013326502115
8865.234375,0.061003977115
8871.093750,0.030845636400
8876.953125,0.034200770777
8882.812500,0.026755926071
8888.671875,0.012930212947
8894.531250,0.025412677792
8900.390625,0.045027590066
8906.250000,0.025983804762
8912.109375,0.010061092584
8917.968750,0.042526907894
8923.828125,0.025583545492
8929.687500,0.027521277507
8935.546875,0.028736246500
8941.406250,0.028191626382
8947.265625,0.018213132106
8953.125000,0.029628599143
8958.984375,0.039615620520
8964.843750,0.029706021954
8970.703125,0.022404311252
8976.562500,0.054116978188
8982.421875,0.039315147590
8988.281250,0.030456717648
8994.140625,0.014161013917
9000.000000,0.060396795965
9005.859375,0.074727952949
9011.718750,0.047954972744
9017.578125,0.016532917748
9023.437500,0.015863127470
9029.296875,0.037239339707
9035.156250,0.015263745863
9041.015625,0.016079781320
9046.875000,0.037654937824
9052.734375,0.032669026749
9058.593750,0.027477639961
9064.453125,0.043888456398
9070.312500,0.058692221848
9076.171875,0.047485335168
9082.031250,0.038151030746
9087.890625,0.007523736067
9093.750000,0.043922264469
9099.609375,0.015176484978
9105.468750,0.029062208466
9111.328125,0.053670737929
9117.187500,0.076593054601
9123.046875,0.050407921603
9128.906250,0.019345705358
9134.765625,0.023198444339
9140.625000,0.007717156859
9146.484375,0.044747363513
9152.343750,0.046800641211
9158.203125,0.031972267467
9164.062500,0.014455239594
9169.921875,0.035749059077
9175.781250,0.005727570926
9181.640625,0.035616977313
9187.500000,0.013333146264
9193.359375,0.016499556436
9199.218750,0.033598195305
9205.078125,0.039486339945
9210.937500,0.062979560943
9216.796875,0.072933410901
9222.656250,0.041545130763
9228.515625,0.022224821919
9234.375000,0.063505409853
9240.234375,0.021185301664
9246.093750,0.031709141771
9251.953125,0.022881212501
9257.812500,0.057224156748
9263.671875,0.036421724527
9269.531250,0.024868660905
9275.390625,0.043744791988
9281.250000,0.029252558530
9287.109375,0.047481916854
9292.968750,0.050099020378
9298.828125,0.023860368273
9304.687500,0.015682901104
9310.546875,0.031315235288
9316.406250,0.028720464625
9322.265625,0.008868768645
9328.125000,0.027290998403
9333.984375,0.045531043154
9339.843750,0.023561459842
9345.703125,0.016498692706
9351.562500,0.025506855561
9357.421875,0.009829605836
9363.281250,0.032577996780
9369.140625,0.015787202860
9375.000000,0.034957076061
9380.859375,0.025838786623
9386.718750,0.011916729187
9392.578125,0.022789794355
9398.437500,0.005129936857
9404.296875,0.039358172700
9410.156250,0.013925680533
9416.015625,0.021652772961
9421.875000,0.044775771968
9427.734375,0.037416129650
9433.593750,0.029350938217
9439.453125,0.031896205197
9445.312500,0.020904200604
9451.171875,0.024742391823
9457.031250,0.058616262095
9462.890625,0.060798920640
9468.750000,0.008578624026
9474.609375,0.006471739780
9480.468750,0.060302229790
9486.328125,0.057806329892
9492.187500,0.019034861999
9498.046875,0.011152257045
9503.906250,0.011220668103
9509.765625,0.014222608451
9515.625000,0.026496457272
9521.484375,0.012247361657
9527.343750,0.023623921624
9533.203125,0.046614649627
9539.062500,0.022719242605
9544.921875,0.012570032670
9550.781250,0.030961668554
9556.640625,0.018356104466
9562.500000,0.039355570183
9568.359375,0.032238817541
9574.218750,0.038584931170
9580.078125,0.021528863361
9585.937500,0.067194388895
9591.796875,0.059665194350
9597.656250,0.035342930831
9603.515625,0.016266122132
9609.375000,0.048031223120
9615.234375,0.042314156757
9621.093750,0.087960247825
9626.953125,0.053504585851
9632.812500,0.021873728340
9638.671875,0.018307543745
9644.531250,0.037298509293
9650.390625,0.061935189039
9656.250000,0.074513545967
9662.109375,0.104173711162
9667.968750,0.006670751549
9673.828125,0.017359037352
9679.687500,0.031439796910
9685.546875,0.079963415933
9691.406250,0.024143160581
9697.265625,0.077373169738
9703.125000,0.137040142052
9708.984375,0.064838735156
9714.843750,0.032396289384
9720.703125,0.047727815627
9726.562500,0.034326798855
9732.421875,0.023641859968
9738.281250,0.076454830677
9744.140625,0.121048128939
9750.000000,0.106351525469
9755.859375,0.065201046558
9761.718750,0.006377549598
9767.578125,0.026175935623
9773.437500,0.012463002824
9779.296875,0.051486207395
9785.156250,0.056968101419
9791.015625,0.011424490714
9796.875000,0.051630695934
9802.734375,0.030415090844
9808.593750,0.031230808122
9814.453125,0.031709092423
9820.312500,0.036410890832
9826.171875,0.090402999772
9832.031250,0.076604699425
9837.890625,0.054644826716
9843.750000,0.062658921367
9849.609375,0.076495785110
9855.468750,0.084584445382
9861.328125,0.094485780578
9867.187500,0.057696447030
9873.046875,0.024194982305
9878.906250,0.030137981858
9884.765625,0.011729276174
9890.625000,0.044486317957
9896.484375,0.005613533923
9902.343750,0.054468435055
9908.203125,0.047005259711
9914.062500,0.016098503003
9919.921875,0.048963918498
9925.781250,0.040134726026
9931.640625,0.057876009092
9937.500000,0.048618378141
9943.359375,0.036383155938
9949.218750,0.032304321417
9955.078125,0.069231775863
9960.937500,0.023991765705
9966.796875,0.024439178235
9972.656250,0.031466078103
9978.515625,0.024630112198
9984.375000,0.041443267562
9990.234375,0.027696836024
9996.093750,0.029922206891
10001.953125,0.036447631875
10007.812500,0.047043328897
10013.671875,0.012113384262
10019.531250,0.015334131752
10025.390625,0.059552400193
10031.250000,0.082634955781
10037.109375,0.037686040412
10042.968750,0.019968493982
10048.828125,0.009196970210
10054.687500,0.021077382596
10060.546875,0.023636952207
10066.406250,0.017682869368
10072.265625,0.030581355336
10078.125000,0.037754569063
10083.984375,0.029482335230
10089.843750,0.025837318772
10095.703125,0.023751555207
10101.562500,0.033725112903
10107.421875,0.080263544692
10113.281250,0.081123017054
10119.140625,0.037846245828
10125.000000,0.039258728245
10130.859375,0.019112203287
10136.718750,0.040706319104
10142.578125,0.035788485432
10148.437500,0.031581920511
10154.296875,0.027129335501
10160.156250,0.075313681731
10166.015625,0.055449521638
10171.875000,0.040234532448
10177.734375,0.013227512180
10183.593750,0.014829803784
10189.453125,0.034746671608
10195.312500,0.023099821646
10201.171875,0.055996551543
10207.031250,0.058601455017
10212.890625,0.047490091342
10218.750000,0.050386995374
10224.609375,0.034039651466
10230.468750,0.032491950075
10236.328125,0.057958125661
10242.187500,0.048610490312
10248.046875,0.016245370896
10253.906250,0.022253699178
10259.765625,0.061943067559
10265.625000,0.051329479947
10271.484375,0.049365883912
10277.343750,0.077946697009
10283.203125,0.040274181121
10289.062500,0.023914596023
10294.921875,0.055533647927
10300.781250,0.079527435654
10306.640625,0.047789057842
10312.500000,0.056675852990
10318.359375,0.042238158898
10324.218750,0.041936092085
10330.078125,0.024086857062
10335.937500,0.014345446550
10341.796875,0.026509606564
10347.656250,0.061040442383
10353.515625,0.090134620214
10359.375000,0.039642139770
10365.234375,0.025961701588
10371.093750,0.023568518911
10376.953125,0.031800430586
10382.812500,0.049983143567
10388.671875,0.020748153466
10394.531250,0.051885645771
10400.390625,0.045783326859
10406.250000,0.082098208815
10412.109375,0.017675900755
10417.968750,0.073754507281
10423.828125,0.022204213093
10429.687500,0.028215988136
10435.546875,0.023038854585
10441.406250,0.004852862450
10447.265625,0.035840871890
10453.125000,0.042454621160
10458.984375,0.038116861370
10464.843750,0.041417037083
10470.703125,0.019654296901
10476.562500,0.032257631425
10482.421875,0.049233315286
10488.281250,0.047493262884
10494.140625,0.005544232877
10500.000000,0.083380621463
10505.859375,0.120174105481
10511.718750,0.086590525022
10517.578125,0.015648460008
10523.437500,0.019528496426
10529.296875,0.062236268983
10535.156250,0.033747652789
10541.015625,0.059216247024
10546.875000,0.022683864833
10552.734375,0.012705237646
10558.593750,0.029267205964
10564.453125,0.063452801623
10570.312500,0.048785414305
10576.171875,0.076001553955
10582.031250,0.053479141385
10587.890625,0.061843907942
10593.750000,0.061443898099
10599.609375,0.035636109577
10605.468750,0.027520539514
10611.328125,0.004766669516
10617.187500,0.038424592569
10623.046875,0.036491924915
10628.906250,0.093962234212
10634.765625,0.047768511417
10640.625000,0.067899452443
10646.484375,0.056107374837
10652.343750,0.021716381918
10658.203125,0.022796113857
10664.062500,0.092195013180
10669.921875,0.051600285454
10675.781250,0.071438373857
10681.640625,0.053667660664
10687.500000,0.037742616488
10693.359375,0.087760012352
10699.218750,0.070667966324
10705.078125,0.044472655037
10710.937500,0.044754636688
10716.796875,0.042758612192
10722.656250,0.026145924647
10728.515625,0.018249064301
10734.375000,0.087006026353
10740.234375,0.080484874784
10746.093750,0.013026325080
10751.953125,0.061801379540
10757.812500,0.078328975870
10763.671875,0.085771823590
10769.531250,0.059489608089
10775.390625,0.052861815674
10781.250000,0.052188290041
10787.109375,0.048919105280
10792.968750,0.064442336815
10798.828125,0.080704551789
10804.687500,0.090529217109
10810.546875,0.108477205082
10816.406250,0.066987937742
10822.265625,0.025682096794
10828.125000,0.039288499369
10833.984375,0.033379141895
10839.843750,0.118286488652
10845.703125,0.177892758466
10851.562500,0.127608556416
10857.421875,0.070101511890
10863.281250,0.051105329583
10869.140625,0.031447445121
10875.000000,0.033266597085
10880.859375,0.074138687229
10886.718750,0.045495925412
10892.578125,0.076976403044
10898.437500,0.132925324542
10904.296875,0.100924897492
10910.156250,0.088261633318
10916.015625,0.020630195229
10921.875000,0.087437583100
10927.734375,0.029149532390
10933.593750,0.049678363729
10939.453125,0.050745449377
10945.312500,0.046717118517
10951.171875,0.033915484778
10957.031250,0.058666242941
10962.890625,0.033999764468
10968.750000,0.067716816711
10974.609375,0.083072330020
10980.468750,0.066148711786
10986.328125,0.007352854876
10992.187500,0.120207598233
10998.046875,0.035756658958
11003.906250,0.049824806130
11009.765625,0.038810874620
11015.625000,0.039769166315
11021.484375,0.087045977143
11027.343750,0.065885918696
11033.203125,0.074726869129
11039.062500,0.059723667496
11044.921875,0.025296221241
11050.781250,0.043067722969
11056.640625,0.042634100493
11062.500000,0.015604711353
11068.359375,0.038078376181
11074.218750,0.059902938421
11080.078125,0.008068753100
11085.937500,0.047664305942
11091.796875,0.039340146682
11097.656250,0.067479657013
11103.515625,0.050816884284
11109.375000,0.116714200123
11115.234375,0.047658179599
11121.093750,0.043296281788
11126.953125,0.018592251161
11132.812500,0.039378574835
11138.671875,0.067459123277
11144.531250,0.038439360887
11150.390625,0.018003926050
11156.250000,0.038207034958
11162.109375,0.017114115324
11167.968750,0.043358404204
11173.828125,0.063592134829
11179.687500,0.084381502044
11185.546875,0.022401339067
11191.406250,0.065149104367
11197.265625,0.008374274449
11203.125000,0.036265967031
11208.984375,0.043496461351
11214.843750,0.091207493249
11220.703125,0.061591809066
11226.562500,0.041507701533
11232.421875,0.045554780042
11238.281250,0.043845716797
11244.140625,0.007699907269
11250.000000,0.028327180567
11255.859375,0.031982556227
11261.718750,0.005684251217
11267.578125,0.070361598207
11273.437500,0.056807314209
11279.296875,0.056609120817
11285.156250,0.039682255613
11291.015625,0.038720067831
11296.875000,0.024457336489
11302.734375,0.015394994880
11308.593750,0.055474690055
11314.453125,0.032836228949
11320.312500,0.065714200533
11326.171875,0.077103628654
11332.031250,0.002145638295
11337.890625,0.061841666761
11343.750000,0.091260700929
11349.609375,0.006504768929
11355.468750,0.031860981192
11361.328125,0.029902452285
11367.187500,0.018151927175
11373.046875,0.032456220205
11378.906250,0.054225418981
11384.765625,0.019499625512
11390.625000,0.093993307070
11396.484375,0.046537571830
11402.343750,0.020524521244
11408.203125,0.070101803963
11414.062500,0.039990455686
11419.921875,0.036021310683
11425.781250,0.066078038370
11431.640625,0.048594482917
11437.500000,0.057578756738
11443.359375,0.092771630100
11449.218750,0.100353397452
11455.078125,0.065570300386
11460.937500,0.033712869651
11466.796875,0.033375458251
11472.656250,0.065954142949
11478.515625,0.051257993189
11484.375000,0.027792862236
11490.234375,0.086721186405
11496.093750,0.068801248169
11501.953125,0.013040395427
11507.812500,0.037219925540
11513.671875,0.027014601632
11519.531250,0.027014323839
11525.390625,0.040159971805
11531.250000,0.018979412652
11537.109375,0.015497498238
11542.968750,0.038465026525
11548.828125,0.089474218796
11554.687500,0.071813837783
11560.546875,0.020454017144
11566.406250,0.029179830830
11572.265625,0.024181332210
11578.125000,0.083730012368
11583.984375,0.018904928656
11589.843750,0.087134664089
11595.703125,0.023440631814
11601.562500,0.048695428431
11607.421875,0.053221596359
11613.281250,0.033889169700
11619.140625,0.086417972962
11625.000000,0.143416727940
11630.859375,0.035837780384
11636.718750,0.080742218769
11642.578125,0.025911146819
11648.437500,0.092193845384
11654.296875,0.112092744979
11660.156250,0.071801081187
11666.015625,0.021436739546
11671.875000,0.101915316581
11677.734375,0.123245415034
11683.593750,0.089164530867
11689.453125,0.110400017410
11695.312500,0.086573918554
11701.171875,0.056063157947
11707.031250,0.010244214920
11712.890625,0.029154851573
11718.750000,0.070729675842
11724.609375,0.055661971635
11730.468750,0.034612226251
11736.328125,0.073617037860
11742.187500,0.104929792932
11748.046875,0.091411281298
11753.906250,0.069319582324
11759.765625,0.119307900058
11765.625000,0.101283844650
11771.484375,0.028962516733
11777.343750,0.056170597911
11783.203125,0.067056375010
11789.062500,0.061687567882
11794.921875,0.067566346293
11800.781250,0.088607451779
11806.640625,0.048429715666
11812.500000,0.040712422651
11818.359375,0.056034857576
11824.218750,0.055345632043
11830.078125,0.038962954379
11835.937500,0.040258919703
11841.796875,0.029021520608
11847.656250,0.063774156908
11853.515625,0.082060011417
11859.375000,0.059390351295
11865.234375,0.038572102449
11871.093750,0.032748859184
11876.953125,0.026931574580
11882.812500,0.036180015389
11888.671875,0.064014355247
11894.531250,0.014667554793
11900.390625,0.044801817114
11906.250000,0.022035018611
11912.109375,0.054124464871
11917.968750,0.020293444410
11923.828125,0.062156880768
11929.687500,0.038071070087
11935.546875,0.031334412039
11941.406250,0.065011861110
11947.265625,0.087690892642
11953.125000,0.029449011366
11958.984375,0.012710471256
11964.843750,0.025716488258
11970.703125,0.021866194204
11976.562500,0.063622489845
11982.421875,0.040505463741
11988.281250,0.022036839334
11994.140625,0.035781115586
12000.000000,0.059268730644
12005.859375,0.046609286259
12011.718750,0.050133813791
12017.578125,0.030057368614
12023.437500,0.007210601439
12029.296875,0.066121722616
12035.156250,0.092150888546
12041.015625,0.066351038052
12046.875000,0.068152439234
12052.734375,0.045291480176
12058.593750,0.020221347740
12064.453125,0.032019710511
12070.312500,0.023856744605
12076.171875,0.054809014790
12082.031250,0.041961238698
12087.890625,0.051773403189
12093.750000,0.065532440519
12099.609375,0.089002114251
12105.468750,0.019723565511
12111.328125,0.020155709986
12117.187500,0.024221668222
12123.046875,0.018286301480
12128.906250,0.014893723954
12134.765625,0.016239566858
12140.625000,0.027947214830
12146.484375,0.026355257480
12152.343750,0.044883918085
12158.203125,0.023018130064
12164.062500,0.033097008879
12169.921875,0.058579753606
12175.781250,0.043360764967
12181.640625,0.021742209677
12187.500000,0.031727045179
12193.359375,0.029400157910
12199.218750,0.055228765970
12205.078125,0.041596954263
12210.937500,0.038547690272
12216.796875,0.015368216004
12222.656250,0.044226504687
12228.515625,0.025997179643
12234.375000,0.018933111906
12240.234375,0.036914194950
12246.093750,0.019541618936
12251.953125,0.023158613245
12257.812500,0.021461964552
12263.671875,0.071417566497
12269.531250,0.053220517153
12275.390625,0.023633581226
12281.250000,0.030350017246
12287.109375,0.011012876040
12292.968750,0.028080735304
12298.828125,0.044800581664
12304.687500,0.082500767409
12310.546875,0.059733986077
12316.406250,0.029837494846
12322.265625,0.034795676123
12328.125000,0.027825703014
12333.984375,0.044220327203
12339.843750,0.012090658131
12345.703125,0.029259098824
12351.562500,0.034382072881
12357.421875,0.016107480918
12363.281250,0.031601009513
12369.140625,0.024841666915
12375.000000,0.033659645989
12380.859375,0.060486254673
12386.718750,0.093162190696
12392.578125,0.053340935033
12398.437500,0.038524805011
12404.296875,0.016670281719
12410.156250,0.046583254272
12416.015625,0.044239916276
12421.875000,0.049513981279
12427.734375,0.021653727883
12433.593750,0.031852409541
12439.453125,0.072390754614
12445.312500,0.044183292099
12451.171875,0.066083348052
12457.031250,0.037814408842
12462.890625,0.078799867731
12468.750000,0.075972999260
12474.609375,0.037280613869
12480.468750,0.011291310152
12486.328125,0.089247772644
12492.187500,0.051142595492
12498.046875,0.028928030461
12503.906250,0.042440581201
12509.765625,0.030431740145
12515.625000,0.061246742437
12521.484375,0.038516827315
12527.343750,0.016000984414
12533.203125,0.026650447695
12539.062500,0.015592955542
12544.921875,0.045824813227
12550.781250,0.048972180090
12556.640625,0.033396483573
12562.500000,0.012119170622
12568.359375,0.032660060588
12574.218750,0.047960483797
12580.078125,0.009133431860
12585.937500,0.009560640578
12591.796875,0.018437392827
12597.656250,0.032772558084
12603.515625,0.020891121888
12609.375000,0.035491411620
12615.234375,0.012203119369
12621.093750,0.026767865980
12626.953125,0.029620575227
12632.812500,0.039432389338
12638.671875,0.033195533656
12644.531250,0.031787544518
12650.390625,0.017433940348
12656.250000,0.032009377811
12662.109375,0.010684554287
12667.968750,0.026608804072
12673.828125,0.048496844727
12679.687500,0.053972658859
12685.546875,0.087754408139
12691.406250,0.059186351166
12697.265625,0.033626070272
12703.125000,0.019344477560
12708.984375,0.027319347209
12714.843750,0.007429391051
12720.703125,0.017894309638
12726.562500,0.029296135299
12732.421875,0.015899270605
12738.281250,0.041631307549
12744.140625,0.013004368304
12750.000000,0.013951440382
12755.859375,0.037068513172
12761.718750,0.011160097580
12767.578125,0.035997392054
12773.437500,0.035197798640
12779.296875,0.039244292750
12785.156250,0.009484938613
12791.015625,0.029245688837
12796.875000,0.055181364057
12802.734375,0.060134929601
12808.593750,0.049217115664
12814.453125,0.048900322610
12820.312500,0.038557282273
12826.171875,0.053999294969
12832.031250,0.022579312726
12837.890625,0.028964134208
12843.750000,0.015113638718
12849.609375,0.041242156113
12855.468750,0.024942646939
12861.328125,0.032169972542
12867.187500,0.016093160287
12873.046875,0.062233657945
12878.906250,0.023805183151
12884.765625,0.018047060190
12890.625000,0.057517605201
12896.484375,0.024834701072
12902.343750,0.054162383820
12908.203125,0.052332788977
12914.062500,0.045000364094
12919.921875,0.039690664018
12925.781250,0.051289171873
12931.640625,0.013537037093
12937.500000,0.017473298471
12943.359375,0.022296409673
12949.218750,0.042959568285
12955.078125,0.028467496850
12960.937500,0.049687080382
12966.796875,0.056125075968
12972.656250,0.080472608335
12978.515625,0.050928185341
12984.375000,0.046515901262
12990.234375,0.054438498275
12996.093750,0.078768090926
13001.953125,0.046437761599
13007.812500,0.044388227769
13013.671875,0.040492108858
13019.531250,0.040419069146
13025.390625,0.020453620744
13031.250000,0.017136215518
13037.109375,0.040748254322
13042.968750,0.017467827141
13048.828125,0.020004802133
13054.687500,0.043523327966
13060.546875,0.007337903785
13066.406250,0.011894103724
13072.265625,0.032943772539
13078.125000,0.049908761765
13083.984375,0.032233106261
13089.843750,0.030926846476
13095.703125,0.012480091995
13101.562500,0.035527855272
13107.421875,0.019350845634
13113.281250,0.044174645192
13119.140625,0.025310260164
13125.000000,0.021069076543
13130.859375,0.015154927405
13136.718750,0.027025073925
13142.578125,0.044223800982
13148.437500,0.041862796359
13154.296875,0.017470397225
13160.156250,0.004816258940
13166.015625,0.004801338101
13171.875000,0.006951772998
13177.734375,0.018558092671
13183.593750,0.018045721100
13189.453125,0.017594359925
13195.312500,0.033356722861
13201.171875,0.040769190245
13207.031250,0.053763225260
13212.890625,0.031074856223
13218.750000,0.015845242425
13224.609375,0.013493505669
13230.468750,0.017691337840
13236.328125,0.018426075951
13242.187500,0.009752270796
13248.046875,0.022619644469
13253.906250,0.021481145955
13259.765625,0.023828653132
13265.625000,0.033283594248
13271.484375,0.045875076227
13277.343750,0.016490119106
13283.203125,0.008314108150
13289.062500,0.029329135919
13294.921875,0.031457400408
13300.781250,0.017639970123
13306.640625,0.032637583606
13312.500000,0.042974863423
13318.359375,0.035035170957
13324.218750,0.056917163423
13330.078125,0.058997910685
13335.937500,0.012170075852
13341.796875,0.008011706686
13347.656250,0.009488078539
13353.515625,0.003610517216
13359.375000,0.018372317325
13365.234375,0.010433077429
13371.093750,0.018586433313
13376.953125,0.021232190825
13382.812500,0.013032166548
13388.671875,0.009275265897
13394.531250,0.006357950909
13400.390625,0.019110603113
13406.250000,0.023383640379
13412.109375,0.020618859233
13417.968750,0.044799493384
13423.828125,0.026725021854
13429.687500,0.004370906978
13435.546875,0.003870478146
13441.406250,0.009198003589
13447.265625,0.003426893450
13453.125000,0.023937423715
13458.984375,0.023711707271
13464.843750,0.027784192994
13470.703125,0.012474820492
13476.562500,0.026945221808
13482.421875,0.031949482861
13488.281250,0.030429377735
13494.140625,0.024014343209
13500.000000,0.023268593846
13505.859375,0.003964397864
13511.718750,0.012791124256
13517.578125,0.014433881322
13523.437500,0.025499064591
13529.296875,0.028813024222
13535.156250,0.019866175696
13541.015625,0.010014029985
13546.875000,0.013679995082
13552.734375,0.023115429729
13558.593750,0.038073737862
13564.453125,0.038346690527
13570.312500,0.016747810445
13576.171875,0.014754991041
13582.031250,0.023578772957
13587.890625,0.014389114028
13593.750000,0.023371831232
13599.609375,0.013096221843
13605.468750,0.013077040329
13611.328125,0.040741104429
13617.187500,0.029268811946
13623.046875,0.033026574599
13628.906250,0.030255398699
13634.765625,0.015697083482
13640.625000,0.015967140549
13646.484375,0.020968733266
13652.343750,0.009992975152
13658.203125,0.037325108140
13664.062500,0.033395125778
13669.921875,0.009884447872
13675.781250,0.015585610349
13681.640625,0.013766062375
13687.500000,0.017787387960
13693.359375,0.012441373546
13699.218750,0.016992263197
13705.078125,0.009714935118
13710.937500,0.011318462254
13716.796875,0.014351227272
13722.656250,0.004611150744
13728.515625,0.008396934996
13734.375000,0.036930429512
13740.234375,0.033445042748
13746.093750,0.016001096732
13751.953125,0.033348518117
13757.812500,0.024138330234
13763.671875,0.012220810907
13769.531250,0.021671219029
13775.390625,0.022780885637
13781.250000,0.008930756098
13787.109375,0.038348880475
13792.968750,0.039941091537
13798.828125,0.028335487096
13804.687500,0.005566904856
13810.546875,0.010218260844
13816.406250,0.013402873362
13822.265625,0.018819581341
13828.125000,0.026174786214
13833.984375,0.018789349918
13839.843750,0.030891736715
13845.703125,0.039792271732
13851.562500,0.039330900115
13857.421875,0.056881506162
13863.281250,0.019783046005
13869.140625,0.017926370752
13875.000000,0.012116486914
13880.859375,0.037308292251
13886.718750,0.030266985830
13892.578125,0.036933162943
13898.437500,0.038484671238
13904.296875,0.044269243886
13910.156250,0.010559056480
13916.015625,0.025696068488
13921.875000,0.014015424391
13927.734375,0.010369822994
13933.593750,0.030090932300
13939.453125,0.006166215845
13945.312500,0.019159251675
13951.171875,0.026488129720
13957.031250,0.050889744476
13962.890625,0.029406337515
13968.750000,0.027507901579
13974.609375,0.022613425204
13980.468750,0.033662541136
13986.328125,0.012110572535
13992.187500,0.023755677699
13998.046875,0.017138255311
14003.906250,0.015294487718
14009.765625,0.007691963610
14015.625000,0.020363750551
14021.484375,0.023176654536
14027.343750,0.022350060761
14033.203125,0.029010465470
14039.062500,0.028222143546
14044.921875,0.013784901819
14050.781250,0.030980196265
14056.640625,0.011602870056
14062.500000,0.028054705957
14068.359375,0.022881132836
14074.218750,0.010240776162
14080.078125,0.017728091464
14085.937500,0.018951353046
14091.796875,0.018806662396
14097.656250,0.021077251998
14103.515625,0.027488625425
14109.375000,0.013363504360
14115.234375,0.035010920353
14121.093750,0.034679408938
14126.953125,0.017260363947
14132.812500,0.013151991484
14138.671875,0.006399833694
14144.531250,0.012380447155
14150.390625,0.019421718341
14156.250000,0.025437121656
14162.109375,0.031797439192
14167.968750,0.027427515807
14173.828125,0.004904640429
14179.687500,0.010707830447
14185.546875,0.033809623371
14191.406250,0.016771209870
14197.265625,0.024121050778
14203.125000,0.033681218591
14208.984375,0.008491522198
14214.843750,0.014225599860
14220.703125,0.032854259429
14226.562500,0.008523231394
14232.421875,0.009705846503
14238.281250,0.016968179481
14244.140625,0.028149768045
14250.000000,0.019672969845
14255.859375,0.008470957581
14261.718750,0.013343013065
14267.578125,0.030730412733
14273.437500,0.013679655402
14279.296875,0.039432085065
14285.156250,0.020916131021
14291.015625,0.009982827051
14296.875000,0.021103745961
14302.734375,0.026770225774
14308.593750,0.012949651568
14314.453125,0.035070885835
14320.312500,0.024135611678
14326.171875,0.023001778991
14332.031250,0.015671600187
14337.890625,0.007743048661
14343.750000,0.023783777168
14349.609375,0.029218335287
14355.468750,0.041101235842
14361.328125,0.009589344747
14367.187500,0.007132655768
14373.046875,0.017887004329
14378.906250,0.010189864589
14384.765625,0.035801978224
14390.625000,0.045284479976
14396.484375,0.007671754508
14402.343750,0.017369358043
14408.203125,0.010010522205
14414.062500,0.021110155890
14419.921875,0.016339367576
14425.781250,0.008152703391
14431.640625,0.025683795990
14437.500000,0.009870392927
14443.359375,0.033155719169
14449.218750,0.022522203744
14455.078125,0.013449089215
14460.937500,0.009483069717
14466.796875,0.017841194509
14472.656250,0.034262430125
14478.515625,0.017251950250
14484.375000,0.011530554722
14490.234375,0.011363862755
14496.093750,0.025412641936
14501.953125,0.012132927397
14507.812500,0.037268089541
14513.671875,0.015191613548
14519.531250,0.027982705353
14525.390625,0.041666152308
14531.250000,0.060429008857
14537.109375,0.037768577477
14542.968750,0.029504640370
14548.828125,0.042281803052
14554.687500,0.010256077774
14560.546875,0.009212574534
14566.406250,0.010487034892
14572.265625,0.014290297191
14578.125000,0.007734147846
14583.984375,0.006304204571
14589.843750,0.017365407961
14595.703125,0.006978793616
14601.562500,0.010791984075
14607.421875,0.004366230131
14613.281250,0.010619364763
14619.140625,0.015623996162
14625.000000,0.011794085333
14630.859375,0.003678357280
14636.718750,0.006616282841
14642.578125,0.007687632847
14648.437500,0.002931569882
14654.296875,0.019088432088
14660.156250,0.018712066598
14666.015625,0.012936219561
14671.875000,0.012232460679
14677.734375,0.010312785677
14683.593750,0.006432500552
14689.453125,0.011985810485
14695.312500,0.028519401206
14701.171875,0.013310445979
14707.031250,0.024905963386
14712.890625,0.011731676373
14718.750000,0.004739758523
14724.609375,0.020856348219
14730.468750,0.011757779647
14736.328125,0.021068509963
14742.187500,0.009897874721
14748.046875,0.016526942301
14753.906250,0.024061389888
14759.765625,0.050506444982
14765.625000,0.057793449334
14771.484375,0.021885887430
14777.343750,0.035007274011
14783.203125,0.010642233809
14789.062500,0.027235533891
14794.921875,0.011422866948
14800.781250,0.013508319995
14806.640625,0.021155456835
14812.500000,0.019592732773
14818.359375,0.023084933937
14824.218750,0.025057777952
14830.078125,0.025127351996
14835.937500,0.036490354408
14841.796875,0.007589657720
14847.656250,0.012862871530
14853.515625,0.019412619549
14859.375000,0.003267845127
14865.234375,0.001780523137
14871.093750,0.012313429112
14876.953125,0.014326894116
14882.812500,0.026873409801
14888.671875,0.021368530369
14894.531250,0.012998325657
14900.390625,0.016404120842
14906.250000,0.016269480495
14912.109375,0.033676793417
14917.968750,0.012264974148
14923.828125,0.015266579241
14929.687500,0.014888827875
14935.546875,0.006796017678
14941.406250,0.003306719655
14947.265625,0.013144708826
14953.125000,0.018526298724
14958.984375,0.008441192551
14964.843750,0.020903182198
14970.703125,0.012473453083
14976.562500,0.016507124820
14982.421875,0.027234904028
14988.281250,0.016275817429
14994.140625,0.013012593633
15000.000000,0.003897803238
15005.859375,0.025199253711
15011.718750,0.017897573972
15017.578125,0.018149756422
15023.437500,0.010182474091
15029.296875,0.016925498304
15035.156250,0.007511769766
15041.015625,0.016673192605
15046.875000,0.009582788290
15052.734375,0.008271238450
15058.593750,0.008690813670
15064.453125,0.011068320904
15070.312500,0.009258061467
15076.171875,0.009742085166
15082.031250,0.018787934020
15087.890625,0.015020873913
15093.750000,0.018373140854
15099.609375,0.012514926813
15105.468750,0.005057643822
15111.328125,0.012525939239
15117.187500,0.020505513362
15123.046875,0.012805074704
15128.906250,0.006716955843
15134.765625,0.007615823558
15140.625000,0.007572119851
15146.484375,0.002473970761
15152.343750,0.002753117289
15158.203125,0.013131707720
15164.062500,0.013440571553
15169.921875,0.016880673303
15175.781250,0.010941537809
15181.640625,0.011733181806
15187.500000,0.006204916170
15193.359375,0.013343992830
15199.218750,0.012105184134
15205.078125,0.004376945459
15210.937500,0.009240152117
15216.796875,0.010592439409
15222.656250,0.011027412426
15228.515625,0.007025153060
15234.375000,0.019003775100
15240.234375,0.014017138410
15246.093750,0.005909082823
15251.953125,0.004087441501
15257.812500,0.006338480647
15263.671875,0.011804777473
15269.531250,0.007227273137
15275.390625,0.010901018888
15281.250000,0.006960679307
15287.109375,0.003490690333
15292.968750,0.008946398338
15298.828125,0.007058159352
15304.687500,0.002521222758
15310.546875,0.002430623027
15316.406250,0.010714204105
15322.265625,0.003667971023
15328.125000,0.008792797380
15333.984375,0.009391253468
15339.843750,0.008910122467
15345.703125,0.008809410860
15351.562500,0.003338462907
15357.421875,0.008238157350
15363.281250,0.006083463480
15369.140625,0.006511966038
15375.000000,0.004974076948
15380.859375,0.005059232991
15386.718750,0.011804437480
15392.578125,0.015445744562
15398.437500,0.019715029831
15404.296875,0.018902722610
15410.156250,0.010669320456
15416.015625,0.015055647414
15421.875000,0.012629890844
15427.734375,0.006022969359
15433.593750,0.008069278694
15439.453125,0.012316397398
15445.312500,0.005924757756
15451.171875,0.006343128937
15457.031250,0.001446825292
15462.890625,0.007653058741
15468.750000,0.019999866977
15474.609375,0.018052309651
15480.468750,0.001079855575
15486.328125,0.005346878939
15492.187500,0.015340417293
15498.046875,0.009071811944
15503.906250,0.008471032313
15509.765625,0.017110629145
15515.625000,0.014522696158
15521.484375,0.006358791647
15527.343750,0.011056640906
15533.203125,0.010594614035
15539.062500,0.012397791771
15544.921875,0.000367364659
15550.781250,0.010970619249
15556.640625,0.014961641464
15562.500000,0.017232193402
15568.359375,0.021921211387
15574.218750,0.016479656374
15580.078125,0.004992895268
15585.937500,0.005137855230
15591.796875,0.003228711652
15597.656250,0.006102103857
15603.515625,0.016951161073
15609.375000,0.013603519109
15615.234375,0.009207186819
15621.093750,0.014856136935
15626.953125,0.015766440038
15632.812500,0.010773013487
15638.671875,0.003788543960
15644.531250,0.008038017400
15650.390625,0.011542674972
15656.250000,0.005208539379
15662.109375,0.010565780802
15667.968750,0.007980755937
15673.828125,0.007528594195
15679.687500,0.002720675676
15685.546875,0.004849667148
15691.406250,0.003552269680
15697.265625,0.005677127158
15703.125000,0.002208798914
15708.984375,0.011349954318
15714.843750,0.020022636661
15720.703125,0.008229078484
15726.562500,0.008806415629
15732.421875,0.004128255783
15738.281250,0.008127992951
15744.140625,0.004516303083
15750.000000,0.006420496663
15755.859375,0.004558192630
15761.718750,0.008154828552
15767.578125,0.005371092027
15773.437500,0.006430868769
15779.296875,0.007314526765
15785.156250,0.009594721178
15791.015625,0.007348621250
15796.875000,0.000903082394
15802.734375,0.005768186561
15808.593750,0.007717430114
15814.453125,0.008368643095
15820.312500,0.015184654717
15826.171875,0.008088699838
15832.031250,0.020886427156
15837.890625,0.020482009995
15843.750000,0.002619493041
15849.609375,0.008479509793
15855.468750,0.008914457694
15861.328125,0.004698000534
15867.187500,0.015519687221
15873.046875,0.010906916523
15878.906250,0.008518253451
15884.765625,0.005281193663
15890.625000,0.005238531464
15896.484375,0.011379367076
15902.343750,0.009387659260
15908.203125,0.015311391722
15914.062500,0.015267501745
15919.921875,0.010735738817
15925.781250,0.002705453394
15931.640625,0.007553461134
15937.500000,0.002750002910
15943.359375,0.012324994706
15949.218750,0.016247784006
15955.078125,0.013083243213
15960.937500,0.010746779134
15966.796875,0.011703440467
15972.656250,0.011090775950
15978.515625,0.006310231633
15984.375000,0.007972417643
15990.234375,0.002239453337
15996.093750,0.007352764358
16001.953125,0.012525575814
16007.812500,0.018199702328
16013.671875,0.015055552254
16019.531250,0.005947679029
16025.390625,0.007165413098
16031.250000,0.005563061147
16037.109375,0.005602109059
16042.968750,0.006491846181
16048.828125,0.005172858780
16054.687500,0.007782177683
16060.546875,0.002798931942
16066.406250,0.009940390512
16072.265625,0.005871342772
16078.125000,0.013204121296
16083.984375,0.017048585621
16089.843750,0.008799513627
16095.703125,0.013998304010
16101.562500,0.013430520221
16107.421875,0.018873244635
16113.281250,0.022776235632
16119.140625,0.002609382153
16125.000000,0.007872198710
16130.859375,0.012920306203
16136.718750,0.008717534205
16142.578125,0.015628662077
16148.437500,0.009098909873
16154.296875,0.006470361920
16160.156250,0.009468924225
16166.015625,0.009050812196
16171.875000,0.019505214359
16177.734375,0.016726887102
16183.593750,0.010297043355
16189.453125,0.011349611894
16195.312500,0.005181031145
16201.171875,0.012569453351
16207.031250,0.007647336652
16212.890625,0.015411047952
16218.750000,0.011357882156
16224.609375,0.008616864493
16230.468750,0.007121329658
16236.328125,0.019091534910
16242.187500,0.011538391849
16248.046875,0.014786341063
16253.906250,0.012418439736
16259.765625,0.010523088087
16265.625000,0.003577664299
16271.484375,0.005260900693
16277.343750,0.024151717529
16283.203125,0.016021906733
16289.062500,0.014133714686
16294.921875,0.015337137611
16300.781250,0.011821363877
16306.640625,0.011810536427
16312.500000,0.012962086876
16318.359375,0.002122470962
16324.218750,0.017205934449
16330.078125,0.012693675942
16335.937500,0.007653552644
16341.796875,0.004634057502
16347.656250,0.009119962950
16353.515625,0.007772472966
16359.375000,0.013095665102
16365.234375,0.006770244411
16371.093750,0.003859390510
16376.953125,0.014077900099
16382.812500,0.019623006857
16388.671875,0.011305647419
16394.531250,0.003205982694
16400.390625,0.022238326121
16406.250000,0.002789965489
16412.109375,0.012719704199
16417.968750,0.002774145529
16423.828125,0.004861541783
16429.687500,0.010440543404
16435.546875,0.010571947479
16441.406250,0.020241791185
16447.265625,0.007102278365
16453.125000,0.008912302850
16458.984375,0.008370037653
16464.843750,0.003721877923
16470.703125,0.009687376889
16476.562500,0.006704549810
16482.421875,0.020015555783
16488.281250,0.004532647634
16494.140625,0.011434994914
16500.000000,0.003773595797
16505.859375,0.019355315307
16511.718750,0.009226301156
16517.578125,0.008629052517
16523.437500,0.004373327175
16529.296875,0.006519441195
16535.156250,0.010002519837
16541.015625,0.009199640004
16546.875000,0.010822723232
16552.734375,0.003737426120
16558.593750,0.011136988362
16564.453125,0.014650668053
16570.312500,0.009541257693
16576.171875,0.010655656816
16582.031250,0.010748523155
16587.890625,0.012112481528
16593.750000,0.011766233416
16599.609375,0.006012346624
16605.468750,0.013280167733
16611.328125,0.013011074275
16617.187500,0.018404980037
16623.046875,0.020974086655
16628.906250,0.014530345705
16634.765625,0.013959078195
16640.625000,0.002010284780
16646.484375,0.016179847922
16652.343750,0.008754798675
16658.203125,0.018013124788
16664.062500,0.013625393156
16669.921875,0.006488637763
16675.781250,0.017712467264
16681.640625,0.010183174360
16687.500000,0.025858884454
16693.359375,0.011109064478
16699.218750,0.005557319970
16705.078125,0.017364157795
16710.937500,0.009672406677
16716.796875,0.019401027853
16722.656250,0.009661020736
16728.515625,0.025083023965
16734.375000,0.016738002790
16740.234375,0.009591553845
16746.093750,0.005056247128
16751.953125,0.009813114180
16757.812500,0.009943523938
16763.671875,0.008281759351
16769.531250,0.008205420300
16775.390625,0.011376050187
16781.250000,0.007924342805
16787.109375,0.017345140920
16792.968750,0.018602199251
16798.828125,0.009074306960
16804.687500,0.008158377915
16810.546875,0.015379229831
16816.406250,0.004809178126
16822.265625,0.003821855976
16828.125000,0.003086810105
16833.984375,0.017162457115
16839.843750,0.009980884297
16845.703125,0.006059463499
16851.562500,0.010006573620
16857.421875,0.007447672784
16863.281250,0.006466671670
16869.140625,0.005694605281
16875.000000,0.005366415630
16880.859375,0.006870107804
16886.718750,0.012840080494
16892.578125,0.010901201474
16898.437500,0.004362700299
16904.296875,0.008733247108
16910.156250,0.008303383076
16916.015625,0.014065561335
16921.875000,0.009370392927
16927.734375,0.003383652812
16933.593750,0.014555683675
16939.453125,0.005873181144
16945.312500,0.003321690567
16951.171875,0.004753083209
16957.031250,0.003768343938
16962.890625,0.006002949216
16968.750000,0.017630874676
16974.609375,0.016856235354
16980.468750,0.000625077065
16986.328125,0.003879249253
16992.187500,0.019177993292
16998.046875,0.004635989498
17003.906250,0.008188049827
17009.765625,0.013586491364
17015.625000,0.016042857914
17021.484375,0.001904030010
17027.343750,0.009154092972
17033.203125,0.004818869875
17039.062500,0.008060586855
17044.921875,0.004715662835
17050.781250,0.002516668972
17056.640625,0.004644450657
17062.500000,0.007147029182
17068.359375,0.005083214737
17074.218750,0.018039297593
17080.078125,0.008025114889
17085.937500,0.005161570437
17091.796875,0.007248318008
17097.656250,0.004976317963
17103.515625,0.002390281192
17109.375000,0.006942065931
17115.234375,0.008349622928
17121.093750,0.012575492760
17126.953125,0.002545694677
17132.812500,0.003482013353
17138.671875,0.014183720527
17144.531250,0.014328178850
17150.390625,0.000712729205
17156.250000,0.007536344378
17162.109375,0.005029105873
17167.968750,0.005357649703
17173.828125,0.014239777386
17179.687500,0.023076373298
17185.546875,0.003368206926
17191.406250,0.021556639832
17197.265625,0.008756703822
17203.125000,0.017167567070
17208.984375,0.003330941700
17214.843750,0.013837638009
17220.703125,0.011239204390
17226.562500,0.009318377754
17232.421875,0.009677332207
17238.281250,0.017138691420
17244.140625,0.012915038700
17250.000000,0.005745889877
17255.859375,0.015662638884
17261.718750,0.008484418211
17267.578125,0.011376029181
17273.437500,0.009117131657
17279.296875,0.007447320329
17285.156250,0.014768299552
17291.015625,0.002255356775
17296.875000,0.007134617597
17302.734375,0.001994381140
17308.593750,0.006517956926
17314.453125,0.004704556432
17320.312500,0.002566863017
17326.171875,0.000305305353
17332.031250,0.008984012499
17337.890625,0.012275075878
17343.750000,0.013683652822
17349.609375,0.007926139827
17355.468750,0.012982066386
17361.328125,0.015815623234
17367.187500,0.006575204680
17373.046875,0.004635648671
17378.906250,0.000451247794
17384.765625,0.007240582003
17390.625000,0.007955567001
17396.484375,0.006705225504
17402.343750,0.012800770564
17408.203125,0.005919222458
17414.062500,0.005497768422
17419.921875,0.001442528410
17425.781250,0.007017497869
17431.640625,0.014981795745
17437.500000,0.007637386133
17443.359375,0.001662359749
17449.218750,0.002997284657
17455.078125,0.005828430661
17460.937500,0.001030470912
17466.796875,0.006328345917
17472.656250,0.006701935325
17478.515625,0.009279144882
17484.375000,0.010974272572
17490.234375,0.007290933334
17496.093750,0.012550382047
17501.953125,0.006293586667
17507.812500,0.010139545441
17513.671875,0.018295000159
17519.531250,0.008075175069
17525.390625,0.011571606323
17531.250000,0.012337038993
17537.109375,0.009812928417
17542.968750,0.005677573599
17548.828125,0.008772869653
17554.687500,0.014473717983
17560.546875,0.006705116370
17566.406250,0.009321372705
17572.265625,0.006379778897
17578.125000,0.008557003098
17583.984375,0.007413704380
17589.843750,0.009966838867
17595.703125,0.016921465316
17601.562500,0.013369176026
17607.421875,0.004550649456
17613.281250,0.012745508094
17619.140625,0.017689353509
17625.000000,0.007266075928
17630.859375,0.010047645963
17636.718750,0.010943240546
17642.578125,0.015253698484
17648.437500,0.003832750827
17654.296875,0.003034234896
17660.156250,0.004219233074
17666.015625,0.013769037705
17671.875000,0.006259510637
17677.734375,0.006891615539
17683.593750,0.010837631377
17689.453125,0.002798466905
17695.312500,0.009634741468
17701.171875,0.012268628357
17707.031250,0.014911354793
17712.890625,0.010814234205
17718.750000,0.009024994813
17724.609375,0.014686225641
17730.468750,0.005898459384
17736.328125,0.013587990321
17742.187500,0.003089635051
17748.046875,0.004685560093
17753.906250,0.006146387831
17759.765625,0.004379715549
17765.625000,0.008331405656
17771.484375,0.008468329306
17777.343750,0.005465927161
17783.203125,0.004935827864
17789.062500,0.008138474246
17794.921875,0.007414853019
17800.781250,0.008068393950
17806.640625,0.014666770623
17812.500000,0.010986957165
17818.359375,0.009416213322
17824.218750,0.008915989213
17830.078125,0.007764405875
17835.937500,0.004398606774
17841.796875,0.005143948526
17847.656250,0.016057019413
17853.515625,0.013427556667
17859.375000,0.007287133981
17865.234375,0.008199736876
17871.093750,0.013151975825
17876.953125,0.009617910044
17882.812500,0.010049206702
17888.671875,0.002201613789
17894.531250,0.002237482238
17900.390625,0.003364985088
17906.250000,0.017486247805
17912.109375,0.013176247217
17917.968750,0.012186168087
17923.828125,0.014320889717
17929.687500,0.009506197324
17935.546875,0.017040077412
17941.406250,0.020217956041
17947.265625,0.007715078286
17953.125000,0.012787141764
17958.984375,0.004489617288
17964.843750,0.014875038372
17970.703125,0.007897586714
17976.562500,0.004914927972
17982.421875,0.002288874150
17988.281250,0.012549106031
17994.140625,0.003338684780
18000.000000,0.004737412127
18005.859375,0.008087429901
18011.718750,0.004644021083
18017.578125,0.007860289073
18023.437500,0.016206191360
18029.296875,0.000963581111
18035.156250,0.011092035581
18041.015625,0.011498334784
18046.875000,0.014919794966
18052.734375,0.011835678455
18058.593750,0.008019293805
18064.453125,0.011302230167
18070.312500,0.013079785300
18076.171875,0.009238312647
18082.031250,0.003598818654
18087.890625,0.008730580334
18093.750000,0.010247626374
18099.609375,0.012279914540
18105.468750,0.004719706361
18111.328125,0.003906737852
18117.187500,0.011591996231
18123.046875,0.004879569310
18128.906250,0.008434503158
18134.765625,0.006417828551
18140.625000,0.011759565149
18146.484375,0.009066379042
18152.343750,0.003192357878
18158.203125,0.009024921309
18164.062500,0.008512352243
18169.921875,0.002239795816
18175.781250,0.001148100757
18181.640625,0.005320083237
18187.500000,0.001972793075
18193.359375,0.008906223516
18199.218750,0.007811072097
18205.078125,0.015888114922
18210.937500,0.013908549531
18216.796875,0.011538661890
18222.656250,0.013306443876
18228.515625,0.001542577749
18234.375000,0.003658276352
18240.234375,0.009478873456
18246.093750,0.002945251106
18251.953125,0.006059208436
18257.812500,0.003152895906
18263.671875,0.003835908849
18269.531250,0.003334853698
18275.390625,0.006853211882
18281.250000,0.019693710196
18287.109375,0.007713131467
18292.968750,0.001798845934
18298.828125,0.007923096120
18304.687500,0.006087817533
18310.546875,0.009371045826
18316.406250,0.006252023447
18322.265625,0.009404705887
18328.125000,0.012404764962
18333.984375,0.010300798213
18339.843750,0.007804225695
18345.703125,0.007792274934
18351.562500,0.008059663750
18357.421875,0.006498853982
18363.281250,0.003671006768
18369.140625,0.002447658648
18375.000000,0.007848045686
18380.859375,0.003209041218
18386.718750,0.008166069657
18392.578125,0.011487919771
18398.437500,0.014839460246
18404.296875,0.004498964865
18410.156250,0.006304860752
18416.015625,0.014630489042
18421.875000,0.014440846452
18427.734375,0.015725195081
18433.593750,0.011978431534
18439.453125,0.007602352231
18445.312500,0.007253779604
18451.171875,0.003560420656
18457.031250,0.011284504004
18462.890625,0.005551034167
18468.750000,0.012887623951
18474.609375,0.003884265807
18480.468750,0.014005751398
18486.328125,0.004801447324
18492.187500,0.003634059265
18498.046875,0.009600864023
18503.906250,0.001851123823
18509.765625,0.012243620165
18515.625000,0.010809448225
18521.484375,0.002554766153
18527.343750,0.012636781677
18533.203125,0.006634238732
18539.062500,0.010717802706
18544.921875,0.009127832389
18550.781250,0.007805017449
18556.640625,0.012370751808
18562.500000,0.009312083534
18568.359375,0.009457637352
18574.218750,0.007610001884
18580.078125,0.006870445051
18585.937500,0.011048451029
18591.796875,0.002121908369
18597.656250,0.010651662825
18603.515625,0.009732886305
18609.375000,0.008901814349
18615.234375,0.003189245607
18621.093750,0.005354946766
18626.953125,0.005218677385
18632.812500,0.007649817608
18638.671875,0.012269700172
18644.531250,0.009543240804
18650.390625,0.005117311566
18656.250000,0.012216728156
18662.109375,0.005447304110
18667.968750,0.010545680512
18673.828125,0.006730447050
18679.687500,0.010527426736
18685.546875,0.016334034446
18691.406250,0.003910471859
18697.265625,0.012757384279
18703.125000,0.005736324022
18708.984375,0.010677721707
18714.843750,0.011174227219
18720.703125,0.012751934692
18726.562500,0.006348462910
18732.421875,0.008182411872
18738.281250,0.005521104213
18744.140625,0.010258490249
18750.000000,0.005869129651
18755.859375,0.006493953676
18761.718750,0.003914094014
18767.578125,0.008504742523
18773.437500,0.008543526697
18779.296875,0.010290358446
18785.156250,0.012033570887
18791.015625,0.018384891205
18796.875000,0.005931231158
18802.734375,0.005801981506
18808.593750,0.003376853368
18814.453125,0.002595626974
18820.312500,0.001438460416
18826.171875,0.009978278223
18832.031250,0.012103962174
18837.890625,0.004939524496
18843.750000,0.005715380368
18849.609375,0.011725543129
18855.468750,0.005610518918
18861.328125,0.009844786919
18867.187500,0.005229142787
18873.046875,0.007936502266
18878.906250,0.012064470382
18884.765625,0.010934384448
18890.625000,0.015739321621
18896.484375,0.016577475573
18902.343750,0.002297548723
18908.203125,0.008351657319
18914.062500,0.007029883375
18919.921875,0.012642034031
18925.781250,0.003013717702
18931.640625,0.005334180821
18937.500000,0.001885337649
18943.359375,0.004087634544
18949.218750,0.003076654642
18955.078125,0.006937752090
18960.937500,0.001549761197
18966.796875,0.006303940328
18972.656250,0.006879561781
18978.515625,0.017426632322
18984.375000,0.009660159790
18990.234375,0.007734548121
18996.093750,0.006234871890
19001.953125,0.009866059978
19007.812500,0.006022213261
19013.671875,0.012372854524
19019.531250,0.010812252124
19025.390625,0.009819466035
19031.250000,0.012696925690
19037.109375,0.009921550780
19042.968750,0.004557956576
19048.828125,0.002684526455
19054.687500,0.010168075487
19060.546875,0.001274287231
19066.406250,0.006998366276
19072.265625,0.002703294856
19078.125000,0.001814026411
19083.984375,0.002225976422
19089.843750,0.004330193510
19095.703125,0.007380060815
19101.562500,0.007447321488
19107.421875,0.007984066592
19113.281250,0.004888223106
19119.140625,0.001356287850
19125.000000,0.006145617990
19130.859375,0.004218800894
19136.718750,0.005287511649
19142.578125,0.003998324366
19148.437500,0.003616959433
19154.296875,0.003498711909
19160.156250,0.010193081652
19166.015625,0.009399697147
19171.875000,0.002985391866
19177.734375,0.006052062338
19183.593750,0.003836648592
19189.453125,0.007381371042
19195.312500,0.009277492050
19201.171875,0.011529857641
19207.031250,0.005608514930
19212.890625,0.003639862173
19218.750000,0.005530574514
19224.609375,0.006293390779
19230.468750,0.005494185076
19236.328125,0.006010832180
19242.187500,0.005765539624
19248.046875,0.005538791066
19253.906250,0.003355523515
19259.765625,0.002928229301
19265.625000,0.001948270151
19271.484375,0.006166443316
19277.343750,0.004279380045
19283.203125,0.007059081091
19289.062500,0.006819330391
19294.921875,0.005195622678
19300.781250,0.004184803820
19306.640625,0.010536875045
19312.500000,0.004845967727
19318.359375,0.006634656214
19324.218750,0.013479423628
19330.078125,0.010245895012
19335.937500,0.009049895112
19341.796875,0.007473846360
19347.656250,0.004252053848
19353.515625,0.003449041755
19359.375000,0.006407979340
19365.234375,0.002956100759
19371.093750,0.012603550790
19376.953125,0.011829869938
19382.812500,0.020044949460
19388.671875,0.010772533516
19394.531250,0.008715252796
19400.390625,0.011351500235
19406.250000,0.003778744543
19412.109375,0.006182222661
19417.968750,0.008999496212
19423.828125,0.010534787474
19429.687500,0.005967180705
19435.546875,0.001972569683
19441.406250,0.007191998942
19447.265625,0.002644665263
19453.125000,0.007567204829
19458.984375,0.007368485578
19464.843750,0.007650023731
19470.703125,0.013790783670
19476.562500,0.004256201512
19482.421875,0.005464154443
19488.281250,0.006141021189
19494.140625,0.009909492874
19500.000000,0.006506723301
19505.859375,0.009383468332
19511.718750,0.001090314138
19517.578125,0.003428710631
19523.437500,0.003535739677
19529.296875,0.006360158750
19535.156250,0.003661703056
19541.015625,0.001786500114
19546.875000,0.002164193404
19552.734375,0.004937241832
19558.593750,0.004503737461
19564.453125,0.004581812928
19570.312500,0.005817018404
19576.171875,0.005196470034
19582.031250,0.003777157516
19587.890625,0.006242370085
19593.750000,0.001092733361
19599.609375,0.002687194706
19605.468750,0.003605277910
19611.328125,0.009592911995
19617.187500,0.001346717294
19623.046875,0.005096656142
19628.906250,0.006726894549
19634.765625,0.008531351458
19640.625000,0.003976815775
19646.484375,0.006536805786
19652.343750,0.003271797568
19658.203125,0.002742323718
19664.062500,0.002989213854
19669.921875,0.005889179418
19675.781250,0.004820223590
19681.640625,0.006912697601
19687.500000,0.008512089290
19693.359375,0.004204273537
19699.218750,0.001869627654
19705.078125,0.008450268757
19710.937500,0.004504885736
19716.796875,0.006976165956
19722.656250,0.006462314692
19728.515625,0.008531038162
19734.375000,0.008371706005
19740.234375,0.010694019830
19746.093750,0.007204550071
19751.953125,0.009575048613
19757.812500,0.005402060253
19763.671875,0.010803912849
19769.531250,0.008323213136
19775.390625,0.007512785755
19781.250000,0.005674847222
19787.109375,0.001505741057
19792.968750,0.002697740730
19798.828125,0.006106388597
19804.687500,0.006733472970
19810.546875,0.001139572412
19816.406250,0.001202451867
19822.265625,0.007674526144
19828.125000,0.005459161356
19833.984375,0.004666176368
19839.843750,0.004234019557
19845.703125,0.003224017096
19851.562500,0.002194831180
19857.421875,0.011008443269
19863.281250,0.007971586926
19869.140625,0.008253602565
19875.000000,0.006849340732
19880.859375,0.006007881777
19886.718750,0.004073912778
19892.578125,0.001567278113
19898.437500,0.002568465730
19904.296875,0.001262365182
19910.156250,0.000952281781
19916.015625,0.006524224186
19921.875000,0.006131266796
19927.734375,0.001117915304
19933.593750,0.003564457066
19939.453125,0.004635710461
19945.312500,0.007436546220
19951.171875,0.005755796376
19957.031250,0.007505301005
19962.890625,0.002821369650
19968.750000,0.010142923891
19974.609375,0.005195829461
19980.468750,0.005917082754
19986.328125,0.003379721020
19992.187500,0.008312614451
19998.046875,0.001560930633
20003.906250,0.007978584950
20009.765625,0.003184622300
20015.625000,0.005137291609
20021.484375,0.003459321171
20027.343750,0.006162108733
20033.203125,0.004453059506
20039.062500,0.004128968360
20044.921875,0.003678852809
20050.781250,0.005280442768
20056.640625,0.003600144486
20062.500000,0.003393797498
20068.359375,0.004365838613
20074.218750,0.003718940303
20080.078125,0.004067579649
20085.937500,0.006824799568
20091.796875,0.004785888820
20097.656250,0.001272435145
20103.515625,0.002660299539
20109.375000,0.005224495499
20115.234375,0.006785478041
20121.093750,0.002897990936
20126.953125,0.003934385766
20132.812500,0.007866563378
20138.671875,0.010243148062
20144.531250,0.006771097487
20150.390625,0.004946958757
20156.250000,0.002328846481
20162.109375,0.002517293404
20167.968750,0.006822093230
20173.828125,0.005512181477
20179.687500,0.005384604795
20185.546875,0.009844212420
20191.406250,0.003113038654
20197.265625,0.005851761099
20203.125000,0.004757596263
20208.984375,0.008793741253
20214.843750,0.007470020236
20220.703125,0.002546931487
20226.562500,0.005524457482
20232.421875,0.005042634076
20238.281250,0.001775307435
20244.140625,0.002953269548
20250.000000,0.003531779703
20255.859375,0.001959604732
20261.718750,0.006501179502
20267.578125,0.005333035933
20273.437500,0.001301627644
20279.296875,0.001774256928
20285.156250,0.007358858204
20291.015625,0.008633431365
20296.875000,0.008191388833
20302.734375,0.009539611584
20308.593750,0.006196337872
20314.453125,0.005338778047
20320.312500,0.004848915204
20326.171875,0.001159844618
20332.031250,0.001110431664
20337.890625,0.007127128083
20343.750000,0.007883116640
20349.609375,0.005077780841
20355.468750,0.005613526526
20361.328125,0.005883888040
20367.187500,0.000721318411
20373.046875,0.004495386243
20378.906250,0.008739589000
20384.765625,0.007376014686
20390.625000,0.001644056705
20396.484375,0.003424841753
20402.343750,0.003524135161
20408.203125,0.005965159098
20414.062500,0.005854600639
20419.921875,0.004710147053
20425.781250,0.004501399205
20431.640625,0.006840691441
20437.500000,0.003807716860
20443.359375,0.007045562088
20449.218750,0.001799759769
20455.078125,0.002100145433
20460.937500,0.002128431409
20466.796875,0.004129395255
20472.656250,0.005850296314
20478.515625,0.004429413192
20484.375000,0.004160302767
20490.234375,0.003689037400
20496.093750,0.002742455633
20501.953125,0.002251793419
20507.812500,0.002400275243
20513.671875,0.004507238589
20519.531250,0.002047941753
20525.390625,0.003076620400
20531.250000,0.007422695953
20537.109375,0.003019175991
20542.968750,0.002730949907
20548.828125,0.000578082586
20554.687500,0.001909895039
20560.546875,0.001567981089
20566.406250,0.001690330202
20572.265625,0.005069451528
20578.125000,0.006419462533
20583.984375,0.002262356105
20589.843750,0.008577481958
20595.703125,0.003473728980
20601.562500,0.002656545984
20607.421875,0.004985939843
20613.281250,0.005142617365
20619.140625,0.003243148718
20625.000000,0.002470992578
20630.859375,0.002503796700
20636.718750,0.005026705183
20642.578125,0.003079167555
20648.437500,0.005833881421
20654.296875,0.009015721724
20660.156250,0.004010464360
20666.015625,0.002091720231
20671.875000,0.002006170760
20677.734375,0.004126654656
20683.593750,0.000571869096
20689.453125,0.003878987371
20695.312500,0.000716799502
20701.171875,0.005735246446
20707.031250,0.001988310457
20712.890625,0.004170564087
20718.750000,0.003458553729
20724.609375,0.000522245071
20730.468750,0.001621894544
20736.328125,0.001149924202
20742.187500,0.001036301079
20748.046875,0.005367290178
20753.906250,0.002471339505
20759.765625,0.005519392449
20765.625000,0.008892119140
20771.484375,0.007075725007
20777.343750,0.003383686588
20783.203125,0.003315989129
20789.062500,0.003776944737
20794.921875,0.002810891617
20800.781250,0.003057806295
20806.640625,0.002992688129
20812.500000,0.002314094546
20818.359375,0.000908082745
20824.218750,0.003790552524
20830.078125,0.004748196683
20835.937500,0.002688938693
20841.796875,0.002114038154
20847.656250,0.003056902420
20853.515625,0.001891687326
20859.375000,0.004058050163
20865.234375,0.002449390399
20871.093750,0.002104788826
20876.953125,0.003971900912
20882.812500,0.004825333954
20888.671875,0.001633407101
20894.531250,0.004541616840
20900.390625,0.004815992324
20906.250000,0.002441285690
20912.109375,0.001450178385
20917.968750,0.004370875361
20923.828125,0.002931341612
20929.687500,0.006550687887
20935.546875,0.002299442076
20941.406250,0.004332126236
20947.265625,0.004179792272
20953.125000,0.002916224413
20958.984375,0.002856074754
20964.843750,0.001595814312
20970.703125,0.004491443743
20976.562500,0.005142721944
20982.421875,0.004257481705
20988.281250,0.006139304247
20994.140625,0.002910892389
21000.000000,0.003443199392
21005.859375,0.002732784108
21011.718750,0.003541534513
21017.578125,0.003311360586
21023.437500,0.003681259085
21029.296875,0.001988383686
21035.156250,0.008452369284
21041.015625,0.008218188863
21046.875000,0.002287116088
21052.734375,0.003436883504
21058.593750,0.001238377104
21064.453125,0.001745580557
21070.312500,0.001980553389
21076.171875,0.005396842159
21082.031250,0.005864808090
21087.890625,0.008395443745
21093.750000,0.003368630970
21099.609375,0.005852625052
21105.468750,0.008892018761
21111.328125,0.002086497693
21117.187500,0.006785737161
21123.046875,0.005152245209
21128.906250,0.005099523463
21134.765625,0.010837738211
21140.625000,0.007033973895
21146.484375,0.007484890159
21152.343750,0.001926107639
21158.203125,0.004711941991
21164.062500,0.001730826656
21169.921875,0.002582651483
21175.781250,0.001431981913
21181.640625,0.000911976778
21187.500000,0.005123107509
21193.359375,0.001969908267
21199.218750,0.005340095636
21205.078125,0.002899322938
21210.937500,0.001620085885
21216.796875,0.006348042574
21222.656250,0.006296686182
21228.515625,0.002067771211
21234.375000,0.000157795767
21240.234375,0.004244880591
21246.093750,0.003190889470
21251.953125,0.002302256132
21257.812500,0.003648794891
21263.671875,0.002166333791
21269.531250,0.002276285767
21275.390625,0.003066364526
21281.250000,0.004503334478
21287.109375,0.001562145385
21292.968750,0.002597087144
21298.828125,0.002318036786
21304.687500,0.003359016975
21310.546875,0.002666235260
21316.406250,0.003735677578
21322.265625,0.002652893696
21328.125000,0.004000382440
21333.984375,0.004930712676
21339.843750,0.002394210561
21345.703125,0.003789092511
21351.562500,0.004995214997
21357.421875,0.002820736449
21363.281250,0.002909351937
21369.140625,0.004842801256
21375.000000,0.004868299061
21380.859375,0.001578056510
21386.718750,0.004958072001
21392.578125,0.002686841198
21398.437500,0.008772850261
21404.296875,0.003680385189
21410.156250,0.000092212552
21416.015625,0.003082970757
21421.875000,0.004260757106
21427.734375,0.005281947524
21433.593750,0.005591757553
21439.453125,0.003264443331
21445.312500,0.005526482082
21451.171875,0.007005582111
21457.031250,0.005107303275
21462.890625,0.000548074075
21468.750000,0.005032801833
21474.609375,0.006541194300
21480.468750,0.006770474911
21486.328125,0.002814359614
21492.187500,0.003966214461
21498.046875,0.001609123237
21503.906250,0.002302406946
21509.765625,0.002762940293
21515.625000,0.004910221185
21521.484375,0.002388576882
21527.343750,0.002940796059
21533.203125,0.002264215160
21539.062500,0.003256750857
21544.921875,0.003408135474
21550.781250,0.002650034802
21556.640625,0.004137410416
21562.500000,0.003685315302
21568.359375,0.003583108424
21574.218750,0.003396929361
21580.078125,0.001671076570
21585.937500,0.002634923148
21591.796875,0.005355773590
21597.656250,0.004608972263
21603.515625,0.005750913367
21609.375000,0.004136603996
21615.234375,0.005703761467
21621.093750,0.005266367114
21626.953125,0.003371541573
21632.812500,0.005710734904
21638.671875,0.006826606391
21644.531250,0.004467391395
21650.390625,0.005511680401
21656.250000,0.004559497871
21662.109375,0.002941792431
21667.968750,0.005382721119
21673.828125,0.001709849261
21679.687500,0.003825716182
21685.546875,0.000766904038
21691.406250,0.001112478086
21697.265625,0.008313459281
21703.125000,0.005478486456
21708.984375,0.005181834709
21714.843750,0.004531588911
21720.703125,0.002627807784
21726.562500,0.003084604830
21732.421875,0.003389068660
21738.281250,0.003069499689
21744.140625,0.001597211188
21750.000000,0.004707904407
21755.859375,0.003321626469
21761.718750,0.001938784554
21767.578125,0.002001519126
21773.437500,0.001228943750
21779.296875,0.003281116928
21785.156250,0.004224765426
21791.015625,0.007957408683
21796.875000,0.007070707399
21802.734375,0.003893181338
21808.593750,0.002840443937
21814.453125,0.003337180758
21820.312500,0.002286573537
21826.171875,0.005280687217
21832.031250,0.003439730789
21837.890625,0.006747104214
21843.750000,0.006562667009
21849.609375,0.000310761137
21855.468750,0.003593091466
21861.328125,0.001266244049
21867.187500,0.004500387641
21873.046875,0.005171082737
21878.906250,0.005575666495
21884.765625,0.003855378071
21890.625000,0.001162041155
21896.484375,0.003959260119
21902.343750,0.001725273793
21908.203125,0.001467366313
21914.062500,0.001549140837
21919.921875,0.001816444780
21925.781250,0.003598383104
21931.640625,0.004063501797
21937.500000,0.003686889706
21943.359375,0.003831940332
21949.218750,0.006916916117
21955.078125,0.001745376342
21960.937500,0.002124002645
21966.796875,0.000576846768
21972.656250,0.003135419194
21978.515625,0.002797321580
21984.375000,0.004579047606
21990.234375,0.003550506492
21996.093750,0.004417055466
22001.953125,0.004281160949
22007.812500,0.004519812770
22013.671875,0.003602656476
22019.531250,0.003956187202
22025.390625,0.003958746593
22031.250000,0.004440857307
22037.109375,0.005200050982
22042.968750,0.004426724563
22048.828125,0.001765165224
22054.687500,0.004155331635
22060.546875,0.003113009570
22066.406250,0.003562786115
22072.265625,0.004068474501
22078.125000,0.002879331253
22083.984375,0.003445148395
22089.843750,0.006590556982
22095.703125,0.002690351031
22101.562500,0.004956259212
22107.421875,0.000166226314
22113.281250,0.002310841899
22119.140625,0.007303354599
22125.000000,0.005375180460
22130.859375,0.003735649451
22136.718750,0.005644904583
22142.578125,0.007248703146
22148.437500,0.003465242122
22154.296875,0.004983394147
22160.156250,0.003985882192
22166.015625,0.006693600483
22171.875000,0.001134920381
22177.734375,0.003296931126
22183.593750,0.003546624487
22189.453125,0.006182010686
22195.312500,0.003908121163
22201.171875,0.003223971087
22207.031250,0.006333763355
22212.890625,0.008537495354
22218.750000,0.006043709934
22224.609375,0.004924976289
22230.468750,0.003007638673
22236.328125,0.001871619887
22242.187500,0.001336403561
22248.046875,0.001570403569
22253.906250,0.003590238702
22259.765625,0.006342369649
22265.625000,0.005720380557
22271.484375,0.005251425744
22277.343750,0.006264584724
22283.203125,0.004728808461
22289.062500,0.005378447392
22294.921875,0.004870226767
22300.781250,0.004575684136
22306.640625,0.002901059652
22312.500000,0.003812521333
22318.359375,0.006049451951
22324.218750,0.002577614078
22330.078125,0.004179992334
22335.937500,0.002439238259
22341.796875,0.011010877206
22347.656250,0.006503043711
22353.515625,0.004441056221
22359.375000,0.005045577194
22365.234375,0.002209824689
22371.093750,0.002810852857
22376.953125,0.001181108070
22382.812500,0.002162070069
22388.671875,0.003037009129
22394.531250,0.002761764874
22400.390625,0.003535905327
22406.250000,0.003925547651
22412.109375,0.005053458022
22417.968750,0.005092648584
22423.828125,0.005445464786
22429.687500,0.006033469437
22435.546875,0.007993671319
22441.406250,0.008208741595
22447.265625,0.004593303518
22453.125000,0.003948051305
22458.984375,0.009246026962
22464.843750,0.008750478743
22470.703125,0.001617446380
22476.562500,0.007754028383
22482.421875,0.003922815234
22488.281250,0.003185320012
22494.140625,0.000451003003
22500.000000,0.002916802922
22505.859375,0.001626977664
22511.718750,0.003576698941
22517.578125,0.000958343248
22523.437500,0.004655682894
22529.296875,0.006285070923
22535.156250,0.005835376692
22541.015625,0.009313582097
22546.875000,0.007175808383
22552.734375,0.006099733413
22558.593750,0.007152933900
22564.453125,0.008847418067
22570.312500,0.010752094144
22576.171875,0.008148201426
22582.031250,0.010022561982
22587.890625,0.014306200899
22593.750000,0.009184373745
22599.609375,0.006174799661
22605.468750,0.001754192071
22611.328125,0.002461683754
22617.187500,0.005499631115
22623.046875,0.008766546562
22628.906250,0.005930745977
22634.765625,0.007263632587
22640.625000,0.013488086912
22646.484375,0.015284053680
22652.343750,0.007841474602
22658.203125,0.005503680057
22664.062500,0.011150727845
22669.921875,0.013490128910
22675.781250,0.011978243443
22681.640625,0.006521254370
22687.500000,0.005241346568
22693.359375,0.007158112582
22699.218750,0.004996394486
22705.078125,0.005763136221
22710.937500,0.002123440859
22716.796875,0.000834662124
22722.656250,0.004437996005
22728.515625,0.004674522307
22734.375000,0.001266991995
22740.234375,0.002775522655
22746.093750,0.001970594071
22751.953125,0.005414710284
22757.812500,0.006417069997
22763.671875,0.004367063788
22769.531250,0.005328816293
22775.390625,0.006687415347
22781.250000,0.005810209539
22787.109375,0.003939116711
22792.968750,0.004278566963
22798.828125,0.005223629913
22804.687500,0.001093735771
22810.546875,0.001750962071
22816.406250,0.004621492019
22822.265625,0.008157581772
22828.125000,0.007358593799
22833.984375,0.001964313711
22839.843750,0.005660192133
22845.703125,0.002617753828
22851.562500,0.004670431635
22857.421875,0.006680877119
22863.281250,0.005817855305
22869.140625,0.008732540878
22875.000000,0.008007932881
22880.859375,0.003796368169
22886.718750,0.003269161803
22892.578125,0.005847923729
22898.437500,0.005993371138
22904.296875,0.010011597333
22910.156250,0.010415803899
22916.015625,0.002003527304
22921.875000,0.005487945216
22927.734375,0.006748703536
22933.593750,0.008296597349
22939.453125,0.010600684859
22945.312500,0.007571687564
22951.171875,0.007332870810
22957.031250,0.006316017255
22962.890625,0.003109286836
22968.750000,0.003353397208
22974.609375,0.001736311624
22980.468750,0.000933666888
22986.328125,0.001657886954
22992.187500,0.002574389961
22998.046875,0.002376034797
23003.906250,0.001467393251
23009.765625,0.001697178623
23015.625000,0.001834123306
23021.484375,0.001772459640
23027.343750,0.006073709376
23033.203125,0.008709679792
23039.062500,0.008349608075
23044.921875,0.002670821154
23050.781250,0.005548416294
23056.640625,0.004979340983
23062.500000,0.003307766803
23068.359375,0.004584038076
23074.218750,0.001743258526
23080.078125,0.006000475777
23085.937500,0.002858816670
23091.796875,0.003021977511
23097.656250,0.002936769900
23103.515625,0.007339983483
23109.375000,0.004129381645
23115.234375,0.002190914463
23121.093750,0.006901328149
23126.953125,0.006045076506
23132.812500,0.003173825464
23138.671875,0.006179891859
23144.531250,0.003645097218
23150.390625,0.001987407028
23156.250000,0.003476030091
23162.109375,0.003427154280
23167.968750,0.004754571869
23173.828125,0.003023608460
23179.687500,0.001146733671
23185.546875,0.002239504312
23191.406250,0.002492664134
23197.265625,0.004963534032
23203.125000,0.004967675006
23208.984375,0.002181732764
23214.843750,0.005124676693
23220.703125,0.000183957890
23226.562500,0.004540541824
23232.421875,0.004767489071
23238.281250,0.001271368903
23244.140625,0.003989074413
23250.000000,0.003455712914
23255.859375,0.002898715368
23261.718750,0.002002905932
23267.578125,0.003064534692
23273.437500,0.001634687200
23279.296875,0.003168385236
23285.156250,0.006273326663
23291.015625,0.007065638236
23296.875000,0.004900821280
23302.734375,0.001661403459
23308.593750,0.005087140632
23314.453125,0.007320907001
23320.312500,0.004747698150
23326.171875,0.001953255181
23332.031250,0.001295645296
23337.890625,0.001079411870
23343.750000,0.002824643215
23349.609375,0.004519673646
23355.468750,0.007444503142
23361.328125,0.006102994046
23367.187500,0.006422756772
23373.046875,0.002833162307
23378.906250,0.001663901622
23384.765625,0.002437464816
23390.625000,0.004159501049
23396.484375,0.004676136415
23402.343750,0.003405524692
23408.203125,0.006220328890
23414.062500,0.005398576340
23419.921875,0.002479729803
23425.781250,0.003090410268
23431.640625,0.001624880634
23437.500000,0.005258146042
23443.359375,0.003512299632
23449.218750,0.002810396101
23455.078125,0.005079377230
23460.937500,0.005205460953
23466.796875,0.002965668305
23472.656250,0.002556774186
23478.515625,0.003484809193
23484.375000,0.002479532886
23490.234375,0.003405617371
23496.093750,0.002360670109
23501.953125,0.000640303192
23507.812500,0.004173869114
23513.671875,0.004836428345
23519.531250,0.003947457003
23525.390625,0.002254283275
23531.250000,0.001120132167
23537.109375,0.002409038814
23542.968750,0.003603540202
23548.828125,0.003766418236
23554.687500,0.005865577751
23560.546875,0.005287198681
23566.406250,0.002249166525
23572.265625,0.004981765160
23578.125000,0.006318912925
23583.984375,0.005967630881
23589.843750,0.005988394007
23595.703125,0.002565512814
23601.562500,0.002516429076
23607.421875,0.002960747149
23613.281250,0.006903792959
23619.140625,0.001132735403
23625.000000,0.002485697114
23630.859375,0.005503585337
23636.718750,0.003614242802
23642.578125,0.003354500388
23648.437500,0.004318171783
23654.296875,0.005935496761
23660.156250,0.005316925950
23666.015625,0.002262280593
23671.875000,0.003542627780
23677.734375,0.004280220100
23683.593750,0.004854252315
23689.453125,0.001499825330
23695.312500,0.005435154875
23701.171875,0.008571906551
23707.031250,0.006668380972
23712.890625,0.003658732541
23718.750000,0.005490811546
23724.609375,0.002805271817
23730.468750,0.002495552219
23736.328125,0.000849937225
23742.187500,0.002753159853
23748.046875,0.004016216024
23753.906250,0.003727855665
23759.765625,0.003385737262
23765.625000,0.003315536801
23771.484375,0.001332182570
23777.343750,0.001211207529
23783.203125,0.001796604769
23789.062500,0.003194492287
23794.921875,0.001032158819
23800.781250,0.003288554915
23806.640625,0.004320275743
23812.500000,0.000964682249
23818.359375,0.005496766748
23824.218750,0.003707852218
23830.078125,0.001105479925
23835.937500,0.001859733245
23841.796875,0.003317190851
23847.656250,0.002842214986
23853.515625,0.002085853102
23859.375000,0.003477976019
23865.234375,0.003744308518
23871.093750,0.001920246526
23876.953125,0.001120687106
23882.812500,0.000820861612
23888.671875,0.001518223516
23894.531250,0.002573031773
23900.390625,0.001057633889
23906.250000,0.004450892104
23912.109375,0.002003563094
23917.968750,0.001181525463
23923.828125,0.003070187999
23929.687500,0.003098891819
23935.546875,0.001675650870
23941.406250,0.000896646355
23947.265625,0.001507953334
23953.125000,0.001592069461
23958.984375,0.000615347245
23964.843750,0.001411245364
23970.703125,0.001745963717
23976.562500,0.001658137718
23982.421875,0.001322678029
23988.281250,0.001780429992
23994.140625,0.003244907697
