source_file,260630_0018.wav
sample_rate_hz,48000
fft_size,8192
dominant_frequency_hz,351.562500
note,first-window FFT only; dominant_frequencies.csv uses full-file average spectrum

frequency_hz,magnitude
0.000000,7.651858559307
5.859375,4.727418269528
11.718750,7.224726976553
17.578125,1.998885078914
23.437500,2.993492111088
29.296875,5.645839295095
35.156250,13.241710880439
41.015625,13.543374797240
46.875000,13.134326218448
52.734375,18.338967689434
58.593750,9.472761985549
64.453125,7.302254103462
70.312500,4.687006561583
76.171875,3.966516119847
82.031250,5.371679091312
87.890625,4.660567545183
93.750000,5.175965370382
99.609375,7.704599833779
105.468750,7.586381801866
111.328125,6.920156695279
117.187500,5.361226506787
123.046875,5.144678874234
128.906250,4.120820927774
134.765625,8.280087689378
140.625000,21.609460287986
146.484375,29.015284277512
152.343750,18.581396936814
158.203125,18.572706814487
164.062500,14.932119667253
169.921875,18.133270237665
175.781250,25.605658786387
181.640625,10.568287222531
187.500000,28.583924926337
193.359375,20.439657252257
199.218750,13.447199107135
205.078125,21.134521770788
210.937500,19.967531294416
216.796875,11.294462779935
222.656250,11.355536828876
228.515625,11.240096427338
234.375000,12.506930302541
240.234375,5.847149723776
246.093750,10.492722934417
251.953125,17.935266856846
257.812500,8.449346082520
263.671875,5.596146037902
269.531250,11.507143626057
275.390625,9.112595249726
281.250000,2.986068500857
287.109375,1.119705485804
292.968750,1.928126763788
298.828125,3.686756827596
304.687500,3.427912542118
310.546875,3.434416411949
316.406250,6.100946681407
322.265625,5.857209897958
328.125000,3.113016951851
333.984375,11.099085277165
339.843750,23.087843348758
345.703125,22.862617965096
351.562500,37.680984722082
357.421875,32.790093431362
363.281250,21.972816426808
369.140625,12.014470110548
375.000000,5.069022177188
380.859375,8.270336861527
386.718750,11.317741138762
392.578125,6.151168043548
398.437500,5.130487934114
404.296875,5.176374968230
410.156250,7.142226117632
416.015625,9.428004625889
421.875000,7.191179125681
427.734375,2.834796275654
433.593750,2.107070006619
439.453125,0.737645487954
445.312500,0.578819273084
451.171875,1.083372240073
457.031250,3.141006571854
462.890625,2.634864605957
468.750000,2.102250584608
474.609375,1.989425719778
480.468750,1.818295970405
486.328125,2.958777729653
492.187500,1.371502379979
498.046875,0.246119769483
503.906250,2.334997676548
509.765625,3.415435104908
515.625000,2.284879009905
521.484375,4.595416780741
527.343750,2.084447815439
533.203125,2.521596088365
539.062500,1.192600874811
544.921875,5.180519181055
550.781250,5.617426250115
556.640625,1.127033342293
562.500000,3.944597580148
568.359375,5.510279723022
574.218750,7.650029568198
580.078125,3.755766509140
585.937500,2.622457649625
591.796875,1.082461070523
597.656250,2.151721325122
603.515625,1.636608012176
609.375000,3.799370671519
615.234375,8.499279661296
621.093750,8.778002730263
626.953125,2.487403324792
632.812500,5.136488589968
638.671875,8.304291317241
644.531250,12.395711308597
650.390625,8.458592835687
656.250000,3.368658744860
662.109375,5.376786784404
667.968750,5.599222338530
673.828125,2.071778546201
679.687500,1.432517587145
685.546875,3.201052371662
691.406250,1.469719469393
697.265625,2.942349831310
703.125000,0.903595578148
708.984375,4.546690113074
714.843750,0.910045824134
720.703125,2.023637209406
726.562500,0.818627227044
732.421875,1.464029758967
738.281250,1.794880054115
744.140625,2.417843720715
750.000000,1.421703536802
755.859375,1.586859979645
761.718750,1.611773770993
767.578125,1.337752809172
773.437500,4.306836544109
779.296875,4.027094938497
785.156250,4.097023027560
791.015625,2.423181418200
796.875000,1.682381045109
802.734375,2.454122142864
808.593750,1.491530409930
814.453125,1.658863029168
820.312500,1.697318661466
826.171875,1.084428084443
832.031250,1.719106921783
837.890625,0.593700362583
843.750000,1.804963954633
849.609375,2.242126569353
855.468750,1.513147809776
861.328125,0.938867668967
867.187500,1.624722812972
873.046875,1.007451471557
878.906250,0.303613353397
884.765625,0.250540614615
890.625000,0.392814575353
896.484375,0.707860211441
902.343750,0.857813965357
908.203125,0.994210365685
914.062500,1.475231157315
919.921875,1.533361148942
925.781250,1.190683398924
931.640625,1.037574875490
937.500000,0.581062543512
943.359375,0.599404550451
949.218750,1.147395521412
955.078125,0.760262034230
960.937500,0.528158979452
966.796875,0.624235673349
972.656250,0.229570706617
978.515625,1.083899618929
984.375000,1.291675593127
990.234375,0.816472416852
996.093750,0.894509666415
1001.953125,0.966026823743
1007.812500,1.122911799546
1013.671875,0.860823356162
1019.531250,0.790570503745
1025.390625,0.545703723471
1031.250000,0.572874967243
1037.109375,0.810082908264
1042.968750,0.159038623232
1048.828125,0.345175800754
1054.687500,0.153226139376
1060.546875,1.128277038680
1066.406250,1.020513648432
1072.265625,0.373026657044
1078.125000,0.568239119377
1083.984375,0.337021718235
1089.843750,0.250028165468
1095.703125,0.181715536914
1101.562500,0.115149149937
1107.421875,0.084006310277
1113.281250,0.112790044569
1119.140625,0.359586191024
1125.000000,0.158552197479
1130.859375,0.395577274795
1136.718750,0.063775433747
1142.578125,0.345687730558
1148.437500,0.374878173152
1154.296875,0.098637427735
1160.156250,0.472680240659
1166.015625,0.801581213656
1171.875000,0.306061725969
1177.734375,0.434355785493
1183.593750,0.176434039703
1189.453125,0.149031606873
1195.312500,0.433368652001
1201.171875,0.733599351777
1207.031250,0.888875144801
1212.890625,0.752336812199
1218.750000,0.550543240766
1224.609375,0.656881294018
1230.468750,0.349763307959
1236.328125,0.206213409344
1242.187500,0.045156879514
1248.046875,0.283173496971
1253.906250,0.163726953550
1259.765625,0.255919300785
1265.625000,0.626715970870
1271.484375,0.843234112200
1277.343750,0.625209918932
1283.203125,0.090611161868
1289.062500,0.152152014095
1294.921875,0.150911939598
1300.781250,0.255837077209
1306.640625,0.246295288999
1312.500000,0.163247184795
1318.359375,0.218034298961
1324.218750,0.163208732797
1330.078125,0.375707004990
1335.937500,0.507640547540
1341.796875,0.412029777203
1347.656250,0.479640275341
1353.515625,0.382843036916
1359.375000,0.242490847418
1365.234375,0.049479394134
1371.093750,0.188426545060
1376.953125,0.153132852878
1382.812500,0.111872597803
1388.671875,0.195553378048
1394.531250,0.231208841732
1400.390625,0.146811871573
1406.250000,0.139592387185
1412.109375,0.375560842022
1417.968750,0.311489663847
1423.828125,0.229801693439
1429.687500,0.317381950675
1435.546875,0.341569909583
1441.406250,0.247135460981
1447.265625,0.154137673092
1453.125000,0.148642394639
1458.984375,0.346994963645
1464.843750,0.205926275336
1470.703125,0.246807816806
1476.562500,0.126906245892
1482.421875,0.101455728568
1488.281250,0.100974100929
1494.140625,0.118211216287
1500.000000,0.198479793618
1505.859375,0.289799745583
1511.718750,0.112817847067
1517.578125,0.285806317706
1523.437500,0.309205386428
1529.296875,0.190544608745
1535.156250,0.354857955792
1541.015625,0.553530744493
1546.875000,0.482577495602
1552.734375,0.339885378368
1558.593750,0.752486867468
1564.453125,0.450936250546
1570.312500,0.245834692919
1576.171875,0.210249357004
1582.031250,0.135636612860
1587.890625,0.115047258834
1593.750000,0.289100240526
1599.609375,0.241525481305
1605.468750,0.069491431951
1611.328125,0.213578816629
1617.187500,0.367890266831
1623.046875,0.240712757158
1628.906250,0.127639407215
1634.765625,0.181181960996
1640.625000,0.151529147411
1646.484375,0.046055165950
1652.343750,0.256212394547
1658.203125,0.336542109504
1664.062500,0.226800999297
1669.921875,0.171606169483
1675.781250,0.311184542206
1681.640625,0.315240291643
1687.500000,0.478363892026
1693.359375,0.565575911528
1699.218750,0.417171257663
1705.078125,0.089823638036
1710.937500,0.216931030150
1716.796875,0.211055255524
1722.656250,0.274680925860
1728.515625,0.207326894935
1734.375000,0.443162422653
1740.234375,0.517877230875
1746.093750,0.581773604443
1751.953125,0.377397812793
1757.812500,0.189067207851
1763.671875,0.192769573151
1769.531250,0.258843612008
1775.390625,0.280877746363
1781.250000,0.236973769685
1787.109375,0.141206140713
1792.968750,0.265025554206
1798.828125,0.262733792770
1804.687500,0.159410242835
1810.546875,0.090128639593
1816.406250,0.043370931220
1822.265625,0.300978673919
1828.125000,0.249898511982
1833.984375,0.327294258292
1839.843750,0.382048853186
1845.703125,0.259896536466
1851.562500,0.053402804841
1857.421875,0.189856729887
1863.281250,0.176348618999
1869.140625,0.380188238403
1875.000000,0.395767426284
1880.859375,0.389300340524
1886.718750,0.358350312513
1892.578125,0.255922851986
1898.437500,0.237610358780
1904.296875,0.374055001453
1910.156250,0.174344695431
1916.015625,0.176377791533
1921.875000,0.274500923396
1927.734375,0.176276560782
1933.593750,0.080007260464
1939.453125,0.199202734564
1945.312500,0.524555824505
1951.171875,0.749857001265
1957.031250,0.325096566672
1962.890625,0.573732113969
1968.750000,0.782144359232
1974.609375,0.386144896393
1980.468750,0.178610468834
1986.328125,0.394423896310
1992.187500,0.540248990930
1998.046875,0.365181336959
2003.906250,0.081693889669
2009.765625,0.212618021553
2015.625000,0.308380882940
2021.484375,0.082660616762
2027.343750,0.146715752989
2033.203125,0.361078720282
2039.062500,0.396670557120
2044.921875,0.222323625667
2050.781250,0.185599113280
2056.640625,0.169905890557
2062.500000,0.110846644288
2068.359375,0.230937688815
2074.218750,0.152906971939
2080.078125,0.008816246149
2085.937500,0.135731814257
2091.796875,0.146334462542
2097.656250,0.108149905300
2103.515625,0.175026887282
2109.375000,0.206665178988
2115.234375,0.241970239003
2121.093750,0.206736139074
2126.953125,0.176965305276
2132.812500,0.114128807645
2138.671875,0.170628602545
2144.531250,0.016824965904
2150.390625,0.276456669458
2156.250000,0.314743777574
2162.109375,0.152993276006
2167.968750,0.128359296975
2173.828125,0.144444502831
2179.687500,0.057226603592
2185.546875,0.110511121502
2191.406250,0.208807288306
2197.265625,0.221706560435
2203.125000,0.159626175871
2208.984375,0.150754658611
2214.843750,0.256515260565
2220.703125,0.236838349386
2226.562500,0.087287972743
2232.421875,0.128827055577
2238.281250,0.100043418212
2244.140625,0.029379960521
2250.000000,0.194243473240
2255.859375,0.203217177841
2261.718750,0.130678638966
2267.578125,0.288586620722
2273.437500,0.204755429582
2279.296875,0.101198532062
2285.156250,0.205770881938
2291.015625,0.318622383239
2296.875000,0.283866661456
2302.734375,0.263300900003
2308.593750,0.252835305159
2314.453125,0.246637064851
2320.312500,0.162660922191
2326.171875,0.055471615954
2332.031250,0.083236605836
2337.890625,0.201663177714
2343.750000,0.220393870888
2349.609375,0.474611230435
2355.468750,0.275792280084
2361.328125,0.182944889294
2367.187500,0.146767653644
2373.046875,0.186673072077
2378.906250,0.197397332821
2384.765625,0.092316111099
2390.625000,0.035946687814
2396.484375,0.148697896383
2402.343750,0.053184456000
2408.203125,0.040033902282
2414.062500,0.070269358045
2419.921875,0.094281131966
2425.781250,0.213300099321
2431.640625,0.154577818228
2437.500000,0.122327669706
2443.359375,0.139725242632
2449.218750,0.152078339858
2455.078125,0.202004017403
2460.937500,0.092383141125
2466.796875,0.057486623080
2472.656250,0.088311404143
2478.515625,0.044914451644
2484.375000,0.062198977340
2490.234375,0.155367475934
2496.093750,0.225591513778
2501.953125,0.238013664070
2507.812500,0.170708141876
2513.671875,0.105959423267
2519.531250,0.259768966721
2525.390625,0.433951697455
2531.250000,0.456967304445
2537.109375,0.180884654146
2542.968750,0.143027303192
2548.828125,0.155615886200
2554.687500,0.134887803649
2560.546875,0.221366916842
2566.406250,0.196759770834
2572.265625,0.042048718723
2578.125000,0.120377886681
2583.984375,0.195790465801
2589.843750,0.287264880698
2595.703125,0.572971004249
2601.562500,0.460669819476
2607.421875,0.232199408282
2613.281250,0.314337300120
2619.140625,0.246032183053
2625.000000,0.122040375537
2630.859375,0.141173712380
2636.718750,0.227408625856
2642.578125,0.363981073348
2648.437500,0.343936429302
2654.296875,0.279267963593
2660.156250,0.188812579703
2666.015625,0.069773447083
2671.875000,0.066014444341
2677.734375,0.043664184209
2683.593750,0.128685486084
2689.453125,0.177556866273
2695.312500,0.370875422374
2701.171875,0.203320734404
2707.031250,0.025966910374
2712.890625,0.146888439442
2718.750000,0.157446739020
2724.609375,0.033805725276
2730.468750,0.152515238334
2736.328125,0.320186772557
2742.187500,0.310953331935
2748.046875,0.036675331056
2753.906250,0.169891874730
2759.765625,0.101406381268
2765.625000,0.122338243682
2771.484375,0.205020122593
2777.343750,0.225178393835
2783.203125,0.322744827733
2789.062500,0.248377295190
2794.921875,0.090541612570
2800.781250,0.193998700537
2806.640625,0.010643062642
2812.500000,0.113905550068
2818.359375,0.052757397795
2824.218750,0.159962727497
2830.078125,0.160604822698
2835.937500,0.223321637762
2841.796875,0.401618801243
2847.656250,0.102472430050
2853.515625,0.103203536972
2859.375000,0.031983479331
2865.234375,0.208393254753
2871.093750,0.259666441144
2876.953125,0.341695865574
2882.812500,0.538354268309
2888.671875,0.513883234113
2894.531250,0.173385080780
2900.390625,0.166352667011
2906.250000,0.104382346024
2912.109375,0.124445261661
2917.968750,0.091866354436
2923.828125,0.167528646139
2929.687500,0.359209306021
2935.546875,0.383672080064
2941.406250,0.147170118685
2947.265625,0.203471212354
2953.125000,0.164513269979
2958.984375,0.158914550964
2964.843750,0.032315303853
2970.703125,0.218141459164
2976.562500,0.235211843216
2982.421875,0.161199140524
2988.281250,0.229304515031
2994.140625,0.199866945303
3000.000000,0.120101871985
3005.859375,0.164503733509
3011.718750,0.187063023918
3017.578125,0.174918304233
3023.437500,0.235854493921
3029.296875,0.358931081045
3035.156250,0.313520074394
3041.015625,0.187773530177
3046.875000,0.229719235481
3052.734375,0.254140865102
3058.593750,0.257322180591
3064.453125,0.202191307850
3070.312500,0.225707886597
3076.171875,0.367096363603
3082.031250,0.783676288684
3087.890625,1.064952109508
3093.750000,0.675221297401
3099.609375,0.214870424559
3105.468750,0.147191143076
3111.328125,0.178763616026
3117.187500,0.123133995872
3123.046875,0.398363430947
3128.906250,0.701525864927
3134.765625,0.863743949813
3140.625000,0.209744060844
3146.484375,0.201009657217
3152.343750,0.181860599030
3158.203125,0.290487269467
3164.062500,0.110434710279
3169.921875,0.108890662508
3175.781250,0.310294299757
3181.640625,0.374611272140
3187.500000,0.321469371925
3193.359375,0.233118839781
3199.218750,0.268393445299
3205.078125,0.280158210107
3210.937500,0.368341614653
3216.796875,0.331454220177
3222.656250,0.273445553399
3228.515625,0.414960070150
3234.375000,0.427807472628
3240.234375,0.290339134031
3246.093750,0.307815221165
3251.953125,0.257336521757
3257.812500,0.283936230088
3263.671875,0.272299587945
3269.531250,0.266399273540
3275.390625,0.129571880841
3281.250000,0.236386423193
3287.109375,0.133553442264
3292.968750,0.108344853090
3298.828125,0.133541438498
3304.687500,0.051105251905
3310.546875,0.337258950089
3316.406250,0.332709068854
3322.265625,0.360561000647
3328.125000,0.322368479573
3333.984375,0.086913910793
3339.843750,0.321090121988
3345.703125,0.247310242863
3351.562500,0.186131619507
3357.421875,0.149623491447
3363.281250,0.337397461341
3369.140625,0.465962081648
3375.000000,0.350436298916
3380.859375,0.420792913577
3386.718750,0.325063113970
3392.578125,0.265320241987
3398.437500,0.258489872748
3404.296875,0.088183870496
3410.156250,0.169828908411
3416.015625,0.348819207286
3421.875000,0.413400403236
3427.734375,0.442536926052
3433.593750,0.314068345128
3439.453125,0.101860651322
3445.312500,0.244093728948
3451.171875,0.194202653239
3457.031250,0.015608388161
3462.890625,0.197956663258
3468.750000,0.317896722950
3474.609375,0.270636553176
3480.468750,0.282455575603
3486.328125,0.283958728751
3492.187500,0.228613752000
3498.046875,0.348553716408
3503.906250,0.109875916711
3509.765625,0.317079907426
3515.625000,0.404050339366
3521.484375,0.123136762570
3527.343750,0.291918488685
3533.203125,0.269646455636
3539.062500,0.310918205847
3544.921875,0.257945227805
3550.781250,0.058449638417
3556.640625,0.174923867539
3562.500000,0.315646125017
3568.359375,0.259788410014
3574.218750,0.166431665220
3580.078125,0.059272040014
3585.937500,0.254895884608
3591.796875,0.356548611785
3597.656250,0.229017748177
3603.515625,0.015327088857
3609.375000,0.132916178385
3615.234375,0.120587616541
3621.093750,0.046200650360
3626.953125,0.257402231832
3632.812500,0.427660806194
3638.671875,0.315418376681
3644.531250,0.138556691307
3650.390625,0.063652617049
3656.250000,0.103874824873
3662.109375,0.081604813173
3667.968750,0.101933170941
3673.828125,0.318337546481
3679.687500,0.305416451452
3685.546875,0.241693810131
3691.406250,0.252113339521
3697.265625,0.052880571250
3703.125000,0.088264709119
3708.984375,0.072235179431
3714.843750,0.261505558414
3720.703125,1.127455847624
3726.562500,0.903552088952
3732.421875,0.134476819010
3738.281250,0.083401009153
3744.140625,0.093595015098
3750.000000,0.098558750983
3755.859375,0.149420651160
3761.718750,0.199211751074
3767.578125,0.360862587524
3773.437500,0.286585475475
3779.296875,0.074081321832
3785.156250,0.253759873323
3791.015625,0.321996767292
3796.875000,0.149337723408
3802.734375,0.188843173494
3808.593750,0.207869032951
3814.453125,0.062694192754
3820.312500,0.028960284348
3826.171875,0.044553636977
3832.031250,0.082154937139
3837.890625,0.068170214791
3843.750000,0.205881964227
3849.609375,0.139487853882
3855.468750,0.126876159703
3861.328125,0.118519034785
3867.187500,0.095700717689
3873.046875,0.051228618138
3878.906250,0.126205413112
3884.765625,0.041463138734
3890.625000,0.133792577838
3896.484375,0.054259462774
3902.343750,0.111386846722
3908.203125,0.192289446279
3914.062500,0.274809025728
3919.921875,0.278567674067
3925.781250,0.112116411771
3931.640625,0.119222303014
3937.500000,0.210261490925
3943.359375,0.164493078563
3949.218750,0.083910637615
3955.078125,0.011019872063
3960.937500,0.149569754952
3966.796875,0.226059976187
3972.656250,0.252924099516
3978.515625,0.248098591934
3984.375000,0.210490607366
3990.234375,0.171664968959
3996.093750,0.034513069007
4001.953125,0.124836226320
4007.812500,0.071543713747
4013.671875,0.323327937272
4019.531250,0.214518813575
4025.390625,0.178235365983
4031.250000,0.163609181431
4037.109375,0.143907835909
4042.968750,0.126554317780
4048.828125,0.148166221969
4054.687500,0.042054889580
4060.546875,0.054425007814
4066.406250,0.043027487991
4072.265625,0.146393557878
4078.125000,0.308779051709
4083.984375,0.180446858534
4089.843750,0.041385067075
4095.703125,0.119813628429
4101.562500,0.105056485489
4107.421875,0.204481993051
4113.281250,0.586197095752
4119.140625,0.424734484414
4125.000000,0.191944071244
4130.859375,0.216381779774
4136.718750,0.155870657206
4142.578125,0.239475891143
4148.437500,0.111390819334
4154.296875,0.144941811450
4160.156250,0.049977945692
4166.015625,0.118365085836
4171.875000,0.121024692976
4177.734375,0.129878800939
4183.593750,0.296202872374
4189.453125,0.264961419795
4195.312500,0.127109535303
4201.171875,0.031138243672
4207.031250,0.099771155405
4212.890625,0.079702465324
4218.750000,0.084880063490
4224.609375,0.167409742726
4230.468750,0.242896320069
4236.328125,0.115989495140
4242.187500,0.125704526084
4248.046875,0.058218911230
4253.906250,0.182490653930
4259.765625,0.037138131369
4265.625000,0.222378408934
4271.484375,0.393851560419
4277.343750,0.342164383399
4283.203125,0.102009104196
4289.062500,0.050902226307
4294.921875,0.142836777143
4300.781250,0.237186601382
4306.640625,0.150406744178
4312.500000,0.129292295439
4318.359375,0.076738825779
4324.218750,0.125770859713
4330.078125,0.227069109007
4335.937500,0.153766856761
4341.796875,0.115057673556
4347.656250,0.124731300464
4353.515625,0.102263826794
4359.375000,0.229860767220
4365.234375,0.139118700764
4371.093750,0.032046982128
4376.953125,0.028861413298
4382.812500,0.097642591578
4388.671875,0.111616220660
4394.531250,0.138303799424
4400.390625,0.204420945136
4406.250000,0.549719293175
4412.109375,0.423876198682
4417.968750,0.113278146585
4423.828125,0.101177377913
4429.687500,0.097821648505
4435.546875,0.068808923258
4441.406250,0.141135133902
4447.265625,0.174698043853
4453.125000,0.110613290118
4458.984375,0.118653506416
4464.843750,0.050640906800
4470.703125,0.104462836481
4476.562500,0.132747367348
4482.421875,0.245156230172
4488.281250,0.232765577298
4494.140625,0.135239022967
4500.000000,0.057202345021
4505.859375,0.062932529095
4511.718750,0.191942829488
4517.578125,0.231222319572
4523.437500,0.138527455630
4529.296875,0.011689496673
4535.156250,0.114794804633
4541.015625,0.063003595616
4546.875000,0.142370865514
4552.734375,0.319991875945
4558.593750,0.378429454283
4564.453125,0.289205522118
4570.312500,0.147870431188
4576.171875,0.096581267092
4582.031250,0.113620993419
4587.890625,0.126600127810
4593.750000,0.136206040510
4599.609375,0.118487917377
4605.468750,0.087871207144
4611.328125,0.122184570204
4617.187500,0.111477982744
4623.046875,0.077434162052
4628.906250,0.181584287319
4634.765625,0.170112046755
4640.625000,0.159460687190
4646.484375,0.035708898875
4652.343750,0.083325174513
4658.203125,0.145482872607
4664.062500,0.099325484142
4669.921875,0.151361199331
4675.781250,0.162685054673
4681.640625,0.110632395665
4687.500000,0.131941759541
4693.359375,0.093426036374
4699.218750,0.088575158889
4705.078125,0.082053670577
4710.937500,0.083397021063
4716.796875,0.120974492090
4722.656250,0.061407840846
4728.515625,0.089561150298
4734.375000,0.073679394010
4740.234375,0.011277591013
4746.093750,0.127135506255
4751.953125,0.154225915172
4757.812500,0.167394267792
4763.671875,0.147034933676
4769.531250,0.080501286535
4775.390625,0.099872827404
4781.250000,0.140791341107
4787.109375,0.137264954266
4792.968750,0.154255416256
4798.828125,0.383056162611
4804.687500,0.254090304104
4810.546875,0.052820593621
4816.406250,0.072760273950
4822.265625,0.104614380962
4828.125000,0.112098724780
4833.984375,0.069801800907
4839.843750,0.114746638647
4845.703125,0.046744965205
4851.562500,0.079571206671
4857.421875,0.086896897570
4863.281250,0.120217287872
4869.140625,0.134954943185
4875.000000,0.058138523938
4880.859375,0.095386060618
4886.718750,0.112348141895
4892.578125,0.064691507732
4898.437500,0.136238312442
4904.296875,0.063797848924
4910.156250,0.041567085533
4916.015625,0.089885625442
4921.875000,0.115123320513
4927.734375,0.136255109844
4933.593750,0.148676564352
4939.453125,0.096163089226
4945.312500,0.015737181668
4951.171875,0.037369670846
4957.031250,0.080655954642
4962.890625,0.111290665614
4968.750000,0.138064166912
4974.609375,0.049764758841
4980.468750,0.074620609876
4986.328125,0.027863639679
4992.187500,0.202756208094
4998.046875,0.289675763515
5003.906250,0.089924413881
5009.765625,0.045553969194
5015.625000,0.018305012830
5021.484375,0.038348840971
5027.343750,0.046715194624
5033.203125,0.058239185029
5039.062500,0.034561301889
5044.921875,0.046539696352
5050.781250,0.039778550344
5056.640625,0.024385223018
5062.500000,0.053660858056
5068.359375,0.096280136513
5074.218750,0.102406936367
5080.078125,0.057637669059
5085.937500,0.016085888791
5091.796875,0.035986366214
5097.656250,0.067770785142
5103.515625,0.057224839832
5109.375000,0.031008243310
5115.234375,0.056258973400
5121.093750,0.036892983410
5126.953125,0.080209555688
5132.812500,0.053234154302
5138.671875,0.089917847441
5144.531250,0.112802556227
5150.390625,0.026398157722
5156.250000,0.028338053021
5162.109375,0.038576186154
5167.968750,0.016483625010
5173.828125,0.031101664085
5179.687500,0.066470261559
5185.546875,0.069855821942
5191.406250,0.031314269702
5197.265625,0.040559215068
5203.125000,0.059015059764
5208.984375,0.088662229029
5214.843750,0.033139019242
5220.703125,0.055559284141
5226.562500,0.049936391071
5232.421875,0.034685248756
5238.281250,0.062182396749
5244.140625,0.058434938439
5250.000000,0.033014718041
5255.859375,0.072074397835
5261.718750,0.086679615992
5267.578125,0.053114490369
5273.437500,0.007356860368
5279.296875,0.051163304299
5285.156250,0.096112416345
5291.015625,0.114093147803
5296.875000,0.038543889075
5302.734375,0.052955338032
5308.593750,0.037244924715
5314.453125,0.018569089589
5320.312500,0.029489814504
5326.171875,0.041552354964
5332.031250,0.049805338609
5337.890625,0.056150362541
5343.750000,0.034532669198
5349.609375,0.036497401620
5355.468750,0.033434749010
5361.328125,0.015638425632
5367.187500,0.009919278601
5373.046875,0.001930939570
5378.906250,0.020637714428
5384.765625,0.029786709825
5390.625000,0.021175326190
5396.484375,0.025907266513
5402.343750,0.024978597166
5408.203125,0.031399033647
5414.062500,0.052650668174
5419.921875,0.047602162891
5425.781250,0.041495245671
5431.640625,0.079835672954
5437.500000,0.099977827036
5443.359375,0.078270851378
5449.218750,0.065640592516
5455.078125,0.058323638325
5460.937500,0.024797300784
5466.796875,0.064498328719
5472.656250,0.098682973457
5478.515625,0.061052641402
5484.375000,0.013124680604
5490.234375,0.051739483313
5496.093750,0.089638890679
5501.953125,0.046718344632
5507.812500,0.012347403327
5513.671875,0.009193952074
5519.531250,0.079243533767
5525.390625,0.099076557710
5531.250000,0.033184195331
5537.109375,0.033690332076
5542.968750,0.055934010582
5548.828125,0.104658909097
5554.687500,0.059895368671
5560.546875,0.054740148937
5566.406250,0.090809781231
5572.265625,0.112489438026
5578.125000,0.078871413737
5583.984375,0.036122255855
5589.843750,0.019487194233
5595.703125,0.010287556327
5601.562500,0.027519891994
5607.421875,0.047446329597
5613.281250,0.026248595217
5619.140625,0.028973479425
5625.000000,0.054883380435
5630.859375,0.073024184727
5636.718750,0.122732065289
5642.578125,0.119525436763
5648.437500,0.087772810273
5654.296875,0.055973902673
5660.156250,0.020411717025
5666.015625,0.030315634423
5671.875000,0.085388905689
5677.734375,0.097505951181
5683.593750,0.028425342014
5689.453125,0.075027536978
5695.312500,0.024123273812
5701.171875,0.049346498529
5707.031250,0.064205752695
5712.890625,0.070305656821
5718.750000,0.025596862697
5724.609375,0.031937734469
5730.468750,0.044389573432
5736.328125,0.049865496307
5742.187500,0.086393771480
5748.046875,0.048448009766
5753.906250,0.035021815420
5759.765625,0.059246388006
5765.625000,0.035990466182
5771.484375,0.031130418352
5777.343750,0.014674683011
5783.203125,0.023158735272
5789.062500,0.057947670105
5794.921875,0.063550567994
5800.781250,0.054090571151
5806.640625,0.055892368392
5812.500000,0.030965223900
5818.359375,0.025861768555
5824.218750,0.055220894716
5830.078125,0.023370745133
5835.937500,0.013978540827
5841.796875,0.032403363943
5847.656250,0.066879591317
5853.515625,0.044452685394
5859.375000,0.044269248749
5865.234375,0.094483770917
5871.093750,0.080272885661
5876.953125,0.141101167384
5882.812500,0.147459539184
5888.671875,0.086239904853
5894.531250,0.053254936436
5900.390625,0.011220781120
5906.250000,0.016754869431
5912.109375,0.040552927456
5917.968750,0.064753488015
5923.828125,0.050611539325
5929.687500,0.068675696621
5935.546875,0.075065631472
5941.406250,0.103177610394
5947.265625,0.120596016499
5953.125000,0.105172103441
5958.984375,0.091481288574
5964.843750,0.064720418491
5970.703125,0.044858735175
5976.562500,0.042675591358
5982.421875,0.077484604541
5988.281250,0.033594473158
5994.140625,0.101904392500
6000.000000,0.059673100259
6005.859375,0.068368359314
6011.718750,0.108517348369
6017.578125,0.051767723696
6023.437500,0.012624181049
6029.296875,0.029575166454
6035.156250,0.096862672794
6041.015625,0.142860582054
6046.875000,0.111322356700
6052.734375,0.113609943554
6058.593750,0.082278531621
6064.453125,0.039743726035
6070.312500,0.070741453712
6076.171875,0.068698374484
6082.031250,0.026311964232
6087.890625,0.091228666155
6093.750000,0.128393978198
6099.609375,0.117555639404
6105.468750,0.108171085837
6111.328125,0.109861980694
6117.187500,0.082340469710
6123.046875,0.058197795945
6128.906250,0.080023313612
6134.765625,0.068957286664
6140.625000,0.036557374312
6146.484375,0.076496391982
6152.343750,0.011644594082
6158.203125,0.024784740272
6164.062500,0.044435142468
6169.921875,0.080333224117
6175.781250,0.050450750720
6181.640625,0.092622484304
6187.500000,0.090902079732
6193.359375,0.073113412227
6199.218750,0.075358889664
6205.078125,0.063576291631
6210.937500,0.062153444458
6216.796875,0.091605102873
6222.656250,0.125599214976
6228.515625,0.063984410446
6234.375000,0.019120283364
6240.234375,0.048612579926
6246.093750,0.062648119693
6251.953125,0.055332561949
6257.812500,0.050978543830
6263.671875,0.096347631367
6269.531250,0.105636999416
6275.390625,0.037583612400
6281.250000,0.082551980247
6287.109375,0.139867595687
6292.968750,0.131365633190
6298.828125,0.059931485512
6304.687500,0.014329637369
6310.546875,0.036793622464
6316.406250,0.041891526645
6322.265625,0.009368826619
6328.125000,0.032414089610
6333.984375,0.035378233962
6339.843750,0.030652494957
6345.703125,0.029258053397
6351.562500,0.058359381705
6357.421875,0.097572547590
6363.281250,0.124021030080
6369.140625,0.065091717956
6375.000000,0.060079735750
6380.859375,0.099708953965
6386.718750,0.076932000156
6392.578125,0.076397195865
6398.437500,0.074772930729
6404.296875,0.075252600827
6410.156250,0.036733986480
6416.015625,0.023645355617
6421.875000,0.053913099941
6427.734375,0.038584065493
6433.593750,0.022262637192
6439.453125,0.034783656787
6445.312500,0.047680540894
6451.171875,0.004377007577
6457.031250,0.044495221476
6462.890625,0.036566803790
6468.750000,0.028534075021
6474.609375,0.018620082482
6480.468750,0.038722256148
6486.328125,0.059724397978
6492.187500,0.034564190094
6498.046875,0.033655528120
6503.906250,0.038740230584
6509.765625,0.017653749496
6515.625000,0.021178543827
6521.484375,0.047642198080
6527.343750,0.088310033043
6533.203125,0.078981222955
6539.062500,0.055829040497
6544.921875,0.030772391333
6550.781250,0.010384101457
6556.640625,0.025311623997
6562.500000,0.030826522376
6568.359375,0.028531115234
6574.218750,0.031732226902
6580.078125,0.033241357922
6585.937500,0.062902730577
6591.796875,0.044692254923
6597.656250,0.011751078571
6603.515625,0.010048559113
6609.375000,0.019331781951
6615.234375,0.037453015691
6621.093750,0.053006743410
6626.953125,0.046866112943
6632.812500,0.025837620340
6638.671875,0.004113504965
6644.531250,0.009411580559
6650.390625,0.018774403380
6656.250000,0.003415578423
6662.109375,0.031447103861
6667.968750,0.029142304881
6673.828125,0.015494446254
6679.687500,0.007333284543
6685.546875,0.004000557361
6691.406250,0.015006881355
6697.265625,0.030367897214
6703.125000,0.033817787420
6708.984375,0.022661077944
6714.843750,0.003913821045
6720.703125,0.014236025909
6726.562500,0.017363053276
6732.421875,0.011027425222
6738.281250,0.008778991045
6744.140625,0.006377042305
6750.000000,0.015869030207
6755.859375,0.023282595069
6761.718750,0.023194033893
6767.578125,0.011178440725
6773.437500,0.026968372323
6779.296875,0.016654035418
6785.156250,0.014103145466
6791.015625,0.030866094984
6796.875000,0.027019679294
6802.734375,0.010201917026
6808.593750,0.018334141781
6814.453125,0.009572142369
6820.312500,0.009895663446
6826.171875,0.016219523543
6832.031250,0.006895672162
6837.890625,0.011935188379
6843.750000,0.006107877880
6849.609375,0.007029160081
6855.468750,0.009494176702
6861.328125,0.004353566335
6867.187500,0.017771347131
6873.046875,0.023919631206
6878.906250,0.003045444612
6884.765625,0.016552305078
6890.625000,0.030865065685
6896.484375,0.012838978719
6902.343750,0.019568143369
6908.203125,0.021384886988
6914.062500,0.006353551033
6919.921875,0.004607840455
6925.781250,0.008721033675
6931.640625,0.015556418042
6937.500000,0.014526711296
6943.359375,0.006990716088
6949.218750,0.010695151297
6955.078125,0.002147959102
6960.937500,0.026053702418
6966.796875,0.032772381767
6972.656250,0.041976141832
6978.515625,0.030963745188
6984.375000,0.006365616740
6990.234375,0.018783816571
6996.093750,0.010833556340
7001.953125,0.021348070545
7007.812500,0.015723629002
7013.671875,0.019784663851
7019.531250,0.029886228469
7025.390625,0.032554997746
7031.250000,0.047517909676
7037.109375,0.035418740634
7042.968750,0.012595855131
7048.828125,0.018276608164
7054.687500,0.028137225635
7060.546875,0.021831682208
7066.406250,0.026220773010
7072.265625,0.018374857606
7078.125000,0.022196968844
7083.984375,0.033165840094
7089.843750,0.030457039609
7095.703125,0.011975295643
7101.562500,0.018035578962
7107.421875,0.019370158998
7113.281250,0.016155737683
7119.140625,0.014480563175
7125.000000,0.020537331855
7130.859375,0.013173277699
7136.718750,0.003916772948
7142.578125,0.014228894954
7148.437500,0.014843778802
7154.296875,0.008458400637
7160.156250,0.007326485893
7166.015625,0.027010395596
7171.875000,0.029161389588
7177.734375,0.019831066657
7183.593750,0.011013255008
7189.453125,0.023327781934
7195.312500,0.017857715189
7201.171875,0.009319193780
7207.031250,0.001591091108
7212.890625,0.007725294260
7218.750000,0.012442114015
7224.609375,0.023337482301
7230.468750,0.013274063225
7236.328125,0.017361798352
7242.187500,0.030005310345
7248.046875,0.004772469389
7253.906250,0.012749908652
7259.765625,0.026641442037
7265.625000,0.047152513688
7271.484375,0.033594137596
7277.343750,0.046964935557
7283.203125,0.077141928273
7289.062500,0.074980253162
7294.921875,0.046943184587
7300.781250,0.038182449632
7306.640625,0.029382419963
7312.500000,0.017005719265
7318.359375,0.040900224683
7324.218750,0.038763897801
7330.078125,0.020039754696
7335.937500,0.032122706378
7341.796875,0.044128346467
7347.656250,0.034686262477
7353.515625,0.014604131317
7359.375000,0.013697019398
7365.234375,0.047972999896
7371.093750,0.057737035210
7376.953125,0.021579341311
7382.812500,0.032533202799
7388.671875,0.010047186342
7394.531250,0.033487786825
7400.390625,0.029875790500
7406.250000,0.010351730433
7412.109375,0.029380151927
7417.968750,0.041472969860
7423.828125,0.035925723523
7429.687500,0.020018288156
7435.546875,0.019145249876
7441.406250,0.030374258579
7447.265625,0.035537151040
7453.125000,0.036747154702
7458.984375,0.046286661072
7464.843750,0.069641320930
7470.703125,0.072963905395
7476.562500,0.041847006101
7482.421875,0.013059117706
7488.281250,0.024884048930
7494.140625,0.048898889411
7500.000000,0.059386040346
7505.859375,0.054641163081
7511.718750,0.038383248018
7517.578125,0.031574052798
7523.437500,0.037422473332
7529.296875,0.030955869122
7535.156250,0.021567594884
7541.015625,0.050183956765
7546.875000,0.059486431436
7552.734375,0.048676707841
7558.593750,0.032367115737
7564.453125,0.058482045875
7570.312500,0.042867887623
7576.171875,0.028978327731
7582.031250,0.045570241679
7587.890625,0.016469147710
7593.750000,0.002190158476
7599.609375,0.007050661987
7605.468750,0.008914402914
7611.328125,0.011803566063
7617.187500,0.023339410393
7623.046875,0.028011660188
7628.906250,0.013669313965
7634.765625,0.030342103898
7640.625000,0.015205742077
7646.484375,0.033088499828
7652.343750,0.042344655183
7658.203125,0.034184992474
7664.062500,0.034037197728
7669.921875,0.036831746671
7675.781250,0.026300038199
7681.640625,0.015572125910
7687.500000,0.037935610159
7693.359375,0.049679025512
7699.218750,0.039382398743
7705.078125,0.040472003136
7710.937500,0.021400414298
7716.796875,0.014643645325
7722.656250,0.013644986763
7728.515625,0.033386640726
7734.375000,0.040908700357
7740.234375,0.027772547312
7746.093750,0.009528546005
7751.953125,0.008239191674
7757.812500,0.006732233911
7763.671875,0.032635797631
7769.531250,0.060916336797
7775.390625,0.072706115726
7781.250000,0.033254631031
7787.109375,0.082978631019
7792.968750,0.046578739561
7798.828125,0.032233865813
7804.687500,0.053290380796
7810.546875,0.047003667157
7816.406250,0.017582787779
7822.265625,0.007657776477
7828.125000,0.023222147174
7833.984375,0.046306627650
7839.843750,0.027090566053
7845.703125,0.018654065713
7851.562500,0.005379591373
7857.421875,0.017935700534
7863.281250,0.024946247877
7869.140625,0.019587663039
7875.000000,0.010978691059
7880.859375,0.024301838331
7886.718750,0.036966373231
7892.578125,0.022179173655
7898.437500,0.034222360276
7904.296875,0.039982852393
7910.156250,0.052746252428
7916.015625,0.047177901660
7921.875000,0.036055881428
7927.734375,0.039271245723
7933.593750,0.044621048930
7939.453125,0.034869719025
7945.312500,0.018380061949
7951.171875,0.008087983150
7957.031250,0.021493661588
7962.890625,0.035773499099
7968.750000,0.024852715639
7974.609375,0.019035328726
7980.468750,0.017326112583
7986.328125,0.051781698509
7992.187500,0.080540542202
7998.046875,0.051048085823
8003.906250,0.029406457499
8009.765625,0.029120010111
8015.625000,0.018590559572
8021.484375,0.022825033123
8027.343750,0.036713045895
8033.203125,0.011752451933
8039.062500,0.029151608080
8044.921875,0.007493375810
8050.781250,0.036138638315
8056.640625,0.089443272493
8062.500000,0.099158607457
8068.359375,0.035979268882
8074.218750,0.018470205793
8080.078125,0.017982105039
8085.937500,0.052728532501
8091.796875,0.045499720085
8097.656250,0.022414699804
8103.515625,0.014439078356
8109.375000,0.031877876509
8115.234375,0.040325579922
8121.093750,0.036097102685
8126.953125,0.018836373898
8132.812500,0.021124124951
8138.671875,0.005311123484
8144.531250,0.038978998737
8150.390625,0.024415854305
8156.250000,0.003207653298
8162.109375,0.027922781240
8167.968750,0.045300943476
8173.828125,0.045972882665
8179.687500,0.044652144605
8185.546875,0.045936860456
8191.406250,0.063382466628
8197.265625,0.091898823596
8203.125000,0.063258850566
8208.984375,0.025223242652
8214.843750,0.035282260775
8220.703125,0.065441960594
8226.562500,0.060418311601
8232.421875,0.044926197199
8238.281250,0.053522804500
8244.140625,0.049172061984
8250.000000,0.006683856109
8255.859375,0.027244740760
8261.718750,0.025785558084
8267.578125,0.065500626460
8273.437500,0.018416961524
8279.296875,0.033818855129
8285.156250,0.043515017072
8291.015625,0.041734819215
8296.875000,0.020270044453
8302.734375,0.059905394909
8308.593750,0.059588981053
8314.453125,0.029274003016
8320.312500,0.036552864754
8326.171875,0.032242133389
8332.031250,0.012894288970
8337.890625,0.008328118592
8343.750000,0.010888900699
8349.609375,0.008242199971
8355.468750,0.004812213115
8361.328125,0.038081733544
8367.187500,0.055220048809
8373.046875,0.033389357727
8378.906250,0.064096112902
8384.765625,0.058009305600
8390.625000,0.016010399300
8396.484375,0.038429109703
8402.343750,0.061623353500
8408.203125,0.055264430122
8414.062500,0.022135813493
8419.921875,0.012067508411
8425.781250,0.003029098952
8431.640625,0.020980862201
8437.500000,0.047353884274
8443.359375,0.057297999022
8449.218750,0.039165236535
8455.078125,0.053531462066
8460.937500,0.026347348256
8466.796875,0.017697743150
8472.656250,0.031920419618
8478.515625,0.037795560748
8484.375000,0.034868528825
8490.234375,0.030589485252
8496.093750,0.032359763528
8501.953125,0.010066112724
8507.812500,0.005187444660
8513.671875,0.014820082874
8519.531250,0.044379590445
8525.390625,0.049441353407
8531.250000,0.032653198179
8537.109375,0.032773332450
8542.968750,0.038399527450
8548.828125,0.028147031788
8554.687500,0.008356761513
8560.546875,0.012898091537
8566.406250,0.043976708531
8572.265625,0.053278198913
8578.125000,0.036100029836
8583.984375,0.019815946786
8589.843750,0.006135970221
8595.703125,0.006606387908
8601.562500,0.037004677336
8607.421875,0.044426638780
8613.281250,0.011760878929
8619.140625,0.033257802906
8625.000000,0.033387876624
8630.859375,0.026085060299
8636.718750,0.028061496326
8642.578125,0.025440635260
8648.437500,0.025094143052
8654.296875,0.018007937408
8660.156250,0.027601943717
8666.015625,0.041270690876
8671.875000,0.044280116304
8677.734375,0.032488107734
8683.593750,0.011603910173
8689.453125,0.063919876877
8695.312500,0.046427114407
8701.171875,0.010864121374
8707.031250,0.016589988637
8712.890625,0.014797290120
8718.750000,0.004097320061
8724.609375,0.018519856656
8730.468750,0.023160777924
8736.328125,0.017496563593
8742.187500,0.017927013182
8748.046875,0.024997340554
8753.906250,0.032224629078
8759.765625,0.043352473169
8765.625000,0.051662350771
8771.484375,0.051809386526
8777.343750,0.029930926192
8783.203125,0.020015323169
8789.062500,0.039592962591
8794.921875,0.062465883220
8800.781250,0.051964217876
8806.640625,0.031903115671
8812.500000,0.022813347860
8818.359375,0.025477929804
8824.218750,0.013440828623
8830.078125,0.032229457782
8835.937500,0.043929530866
8841.796875,0.038267365316
8847.656250,0.031921058564
8853.515625,0.027460294074
8859.375000,0.029878362889
8865.234375,0.026692627434
8871.093750,0.023537404487
8876.953125,0.017842960735
8882.812500,0.013604253829
8888.671875,0.023950238278
8894.531250,0.006204525978
8900.390625,0.023358544091
8906.250000,0.022351538869
8912.109375,0.044853085318
8917.968750,0.018432637286
8923.828125,0.019544557275
8929.687500,0.036137845115
8935.546875,0.035057106179
8941.406250,0.014816832989
8947.265625,0.044771600425
8953.125000,0.045937287041
8958.984375,0.039890311124
8964.843750,0.033829596445
8970.703125,0.041085037552
8976.562500,0.035885240860
8982.421875,0.040349301212
8988.281250,0.073166051591
8994.140625,0.059602779598
9000.000000,0.074662661701
9005.859375,0.054708109601
9011.718750,0.024060571018
9017.578125,0.024212522233
9023.437500,0.028396167099
9029.296875,0.065560669560
9035.156250,0.087023838080
9041.015625,0.064198221334
9046.875000,0.034063890278
9052.734375,0.035697992242
9058.593750,0.036275173888
9064.453125,0.008522556119
9070.312500,0.014360762607
9076.171875,0.033825823231
9082.031250,0.047643899654
9087.890625,0.047514996789
9093.750000,0.008276698578
9099.609375,0.015282542715
9105.468750,0.065736268045
9111.328125,0.102148280869
9117.187500,0.077571510532
9123.046875,0.036160824967
9128.906250,0.007938178973
9134.765625,0.038661312658
9140.625000,0.070536947138
9146.484375,0.059090589290
9152.343750,0.025390715009
9158.203125,0.045816304037
9164.062500,0.039470958574
9169.921875,0.023966932546
9175.781250,0.059361915506
9181.640625,0.061021924967
9187.500000,0.035376406344
9193.359375,0.029896130874
9199.218750,0.033720783255
9205.078125,0.026969272212
9210.937500,0.016100393292
9216.796875,0.010795613433
9222.656250,0.006543615814
9228.515625,0.004210841413
9234.375000,0.007060348648
9240.234375,0.030311916146
9246.093750,0.042337307999
9251.953125,0.029952690252
9257.812500,0.027281695401
9263.671875,0.048166776572
9269.531250,0.037431880289
9275.390625,0.003782937183
9281.250000,0.037188994412
9287.109375,0.035826888340
9292.968750,0.033556495757
9298.828125,0.024754231312
9304.687500,0.018595370246
9310.546875,0.012870121964
9316.406250,0.015208745270
9322.265625,0.009593461903
9328.125000,0.024652527349
9333.984375,0.019813475913
9339.843750,0.019596045030
9345.703125,0.028234621192
9351.562500,0.014926113668
9357.421875,0.038133145522
9363.281250,0.011298750919
9369.140625,0.021713926735
9375.000000,0.019644531084
9380.859375,0.008504634655
9386.718750,0.019591983353
9392.578125,0.045929108565
9398.437500,0.032702480163
9404.296875,0.011540134630
9410.156250,0.006534475046
9416.015625,0.036541625292
9421.875000,0.050829870615
9427.734375,0.029100948426
9433.593750,0.013984940576
9439.453125,0.029268037889
9445.312500,0.053616521636
9451.171875,0.058309250869
9457.031250,0.060887995306
9462.890625,0.062877536283
9468.750000,0.060279674146
9474.609375,0.065105590594
9480.468750,0.102230342886
9486.328125,0.120026780499
9492.187500,0.087334691143
9498.046875,0.067049150437
9503.906250,0.031761288392
9509.765625,0.017899078406
9515.625000,0.037048257779
9521.484375,0.077965862552
9527.343750,0.070079220470
9533.203125,0.054224143177
9539.062500,0.046262733210
9544.921875,0.014451170914
9550.781250,0.049015655599
9556.640625,0.039854936999
9562.500000,0.044873306062
9568.359375,0.060399284839
9574.218750,0.021088665174
9580.078125,0.016302324402
9585.937500,0.048203760105
9591.796875,0.052296650563
9597.656250,0.018371046916
9603.515625,0.016732101738
9609.375000,0.048977314035
9615.234375,0.067332745112
9621.093750,0.057483720652
9626.953125,0.041148659487
9632.812500,0.036444931811
9638.671875,0.020355857134
9644.531250,0.027298082880
9650.390625,0.051912030057
9656.250000,0.041681721098
9662.109375,0.016333662349
9667.968750,0.022845580583
9673.828125,0.027750827539
9679.687500,0.029972926875
9685.546875,0.047281795019
9691.406250,0.080898946124
9697.265625,0.111345841834
9703.125000,0.080854925640
9708.984375,0.050295109685
9714.843750,0.052127397303
9720.703125,0.080151605147
9726.562500,0.108520513141
9732.421875,0.093391650762
9738.281250,0.092358852267
9744.140625,0.079250493441
9750.000000,0.013112758257
9755.859375,0.033985807923
9761.718750,0.048526281399
9767.578125,0.030674132869
9773.437500,0.015336810903
9779.296875,0.014803470542
9785.156250,0.017587953639
9791.015625,0.019795954805
9796.875000,0.063577316264
9802.734375,0.056421244964
9808.593750,0.021562590785
9814.453125,0.056779767268
9820.312500,0.096495042655
9826.171875,0.104173736419
9832.031250,0.096630092702
9837.890625,0.048443975544
9843.750000,0.053797211296
9849.609375,0.066367615746
9855.468750,0.065191015718
9861.328125,0.085698838428
9867.187500,0.075413239835
9873.046875,0.039111965648
9878.906250,0.027254554381
9884.765625,0.036874991180
9890.625000,0.043356291617
9896.484375,0.041839674265
9902.343750,0.041709541752
9908.203125,0.045210274525
9914.062500,0.043699724065
9919.921875,0.021882382245
9925.781250,0.016498244162
9931.640625,0.015264354768
9937.500000,0.031184536334
9943.359375,0.013236432652
9949.218750,0.006090009957
9955.078125,0.007163290589
9960.937500,0.036789557793
9966.796875,0.046626795611
9972.656250,0.019196052006
9978.515625,0.022053988072
9984.375000,0.020293816483
9990.234375,0.048860751457
9996.093750,0.048834393058
10001.953125,0.028862923711
10007.812500,0.047325966252
10013.671875,0.069272255172
10019.531250,0.086698565164
10025.390625,0.090922493597
10031.250000,0.086069983577
10037.109375,0.053024802633
10042.968750,0.007320917875
10048.828125,0.018650428865
10054.687500,0.066080883189
10060.546875,0.066587172267
10066.406250,0.030770846633
10072.265625,0.031213923292
10078.125000,0.062370045362
10083.984375,0.067795362411
10089.843750,0.081767464340
10095.703125,0.056271025725
10101.562500,0.034691974926
10107.421875,0.033431778594
10113.281250,0.025949804972
10119.140625,0.032913976907
10125.000000,0.033481856023
10130.859375,0.027426646028
10136.718750,0.052171077224
10142.578125,0.056630046789
10148.437500,0.042351660366
10154.296875,0.070223296197
10160.156250,0.060071916878
10166.015625,0.047898456619
10171.875000,0.049976682785
10177.734375,0.028932683433
10183.593750,0.023096092126
10189.453125,0.040994975571
10195.312500,0.024985876145
10201.171875,0.039053846224
10207.031250,0.030978822527
10212.890625,0.026105376001
10218.750000,0.034464143495
10224.609375,0.034532079936
10230.468750,0.025071515053
10236.328125,0.037453694615
10242.187500,0.060872377331
10248.046875,0.039624328226
10253.906250,0.005842028768
10259.765625,0.035401362471
10265.625000,0.052098319857
10271.484375,0.081265652044
10277.343750,0.101838576848
10283.203125,0.060168415553
10289.062500,0.018640652252
10294.921875,0.033550494478
10300.781250,0.022273388709
10306.640625,0.010678242728
10312.500000,0.005252244441
10318.359375,0.032559301622
10324.218750,0.032168808934
10330.078125,0.015730276319
10335.937500,0.049548142334
10341.796875,0.038032058572
10347.656250,0.032893987682
10353.515625,0.038384995775
10359.375000,0.066046549312
10365.234375,0.043119983176
10371.093750,0.033903530005
10376.953125,0.040845832822
10382.812500,0.042752743079
10388.671875,0.054649465951
10394.531250,0.059472569079
10400.390625,0.051728457994
10406.250000,0.034082971857
10412.109375,0.031213392167
10417.968750,0.043659221868
10423.828125,0.035627622068
10429.687500,0.055565600260
10435.546875,0.067563446967
10441.406250,0.015539895573
10447.265625,0.017704831603
10453.125000,0.019168301811
10458.984375,0.042693742903
10464.843750,0.049988338658
10470.703125,0.025600631033
10476.562500,0.015155759307
10482.421875,0.023094835718
10488.281250,0.034333781161
10494.140625,0.045176300724
10500.000000,0.044212095108
10505.859375,0.044141405408
10511.718750,0.047925553734
10517.578125,0.042862232653
10523.437500,0.027261529284
10529.296875,0.011419749880
10535.156250,0.016808845463
10541.015625,0.016680739647
10546.875000,0.032812787482
10552.734375,0.051241861218
10558.593750,0.043327958863
10564.453125,0.031011657563
10570.312500,0.023586185597
10576.171875,0.064649029050
10582.031250,0.055718790934
10587.890625,0.036265661158
10593.750000,0.040667394581
10599.609375,0.054570949206
10605.468750,0.050177211528
10611.328125,0.048153477796
10617.187500,0.046477151989
10623.046875,0.045016916519
10628.906250,0.039104141037
10634.765625,0.031401316314
10640.625000,0.010952940870
10646.484375,0.031042159382
10652.343750,0.028518663390
10658.203125,0.019710950497
10664.062500,0.013582662693
10669.921875,0.010266937645
10675.781250,0.044275451652
10681.640625,0.030128396522
10687.500000,0.009029964372
10693.359375,0.036224999772
10699.218750,0.030169315824
10705.078125,0.007098429315
10710.937500,0.014163189494
10716.796875,0.014576332163
10722.656250,0.032046522285
10728.515625,0.063323845055
10734.375000,0.040387912814
10740.234375,0.020783050536
10746.093750,0.013116502038
10751.953125,0.036492386853
10757.812500,0.079942315419
10763.671875,0.054907692787
10769.531250,0.003372857584
10775.390625,0.012026274940
10781.250000,0.026326461677
10787.109375,0.033388976661
10792.968750,0.050199559458
10798.828125,0.035662813817
10804.687500,0.049399851185
10810.546875,0.052898024554
10816.406250,0.027142400638
10822.265625,0.063352567089
10828.125000,0.066395512473
10833.984375,0.058949718703
10839.843750,0.042449794467
10845.703125,0.030718793064
10851.562500,0.008680219652
10857.421875,0.019502603029
10863.281250,0.034224644535
10869.140625,0.046585248862
10875.000000,0.037686620654
10880.859375,0.065760357988
10886.718750,0.057252376918
10892.578125,0.015937128248
10898.437500,0.005040950919
10904.296875,0.029082135376
10910.156250,0.055313857704
10916.015625,0.024324471319
10921.875000,0.055108998003
10927.734375,0.032198345364
10933.593750,0.029275128656
10939.453125,0.037572257745
10945.312500,0.014838256430
10951.171875,0.020842389399
10957.031250,0.019533768227
10962.890625,0.013852308484
10968.750000,0.045633373421
10974.609375,0.021080816293
10980.468750,0.032000876930
10986.328125,0.004507205462
10992.187500,0.017937279606
10998.046875,0.007935861975
11003.906250,0.017510007646
11009.765625,0.021430002488
11015.625000,0.012496182708
11021.484375,0.018298403169
11027.343750,0.007312728206
11033.203125,0.029029380704
11039.062500,0.018274948703
11044.921875,0.013389105636
11050.781250,0.001750718261
11056.640625,0.008109973702
11062.500000,0.024598915636
11068.359375,0.032334617785
11074.218750,0.017356503969
11080.078125,0.026420616616
11085.937500,0.043471209583
11091.796875,0.016105435977
11097.656250,0.049021933562
11103.515625,0.084461741673
11109.375000,0.110500240849
11115.234375,0.116673959225
11121.093750,0.084460402946
11126.953125,0.057984540588
11132.812500,0.048618536511
11138.671875,0.013244789525
11144.531250,0.033408948920
11150.390625,0.031992186250
11156.250000,0.017630352287
11162.109375,0.020244101360
11167.968750,0.017274094024
11173.828125,0.026337651345
11179.687500,0.029146880968
11185.546875,0.034779561405
11191.406250,0.035195531572
11197.265625,0.036307264171
11203.125000,0.031664703324
11208.984375,0.033812591070
11214.843750,0.021351267791
11220.703125,0.028778957825
11226.562500,0.045301797789
11232.421875,0.026895769813
11238.281250,0.020733162048
11244.140625,0.030792575377
11250.000000,0.005781676213
11255.859375,0.019092434850
11261.718750,0.048874850308
11267.578125,0.088841961760
11273.437500,0.041803124663
11279.296875,0.031278837926
11285.156250,0.020984880754
11291.015625,0.038120555369
11296.875000,0.063159898595
11302.734375,0.063549463846
11308.593750,0.048724526919
11314.453125,0.038090434945
11320.312500,0.032897426654
11326.171875,0.052334202346
11332.031250,0.057499555810
11337.890625,0.026201213238
11343.750000,0.008994822061
11349.609375,0.031641286250
11355.468750,0.047553380402
11361.328125,0.061399187066
11367.187500,0.056374096155
11373.046875,0.040768939430
11378.906250,0.004109439265
11384.765625,0.028361443945
11390.625000,0.020490981460
11396.484375,0.023684543899
11402.343750,0.038118774544
11408.203125,0.052545718593
11414.062500,0.015227560464
11419.921875,0.049136802959
11425.781250,0.056756869355
11431.640625,0.028037352532
11437.500000,0.028058343434
11443.359375,0.042294761873
11449.218750,0.065609302091
11455.078125,0.036995573510
11460.937500,0.004389312530
11466.796875,0.023569589396
11472.656250,0.030349236630
11478.515625,0.017442647544
11484.375000,0.009738083715
11490.234375,0.024092823860
11496.093750,0.013482805412
11501.953125,0.027565819412
11507.812500,0.068211292833
11513.671875,0.075348332189
11519.531250,0.039928009013
11525.390625,0.007361387693
11531.250000,0.010609029689
11537.109375,0.025164338470
11542.968750,0.027572408295
11548.828125,0.030608660016
11554.687500,0.071173051430
11560.546875,0.059696587022
11566.406250,0.061203163735
11572.265625,0.081877619267
11578.125000,0.048420269639
11583.984375,0.016522922889
11589.843750,0.045225197906
11595.703125,0.008704731922
11601.562500,0.047312369206
11607.421875,0.053697222710
11613.281250,0.038518411201
11619.140625,0.021955279916
11625.000000,0.025099151507
11630.859375,0.020060171443
11636.718750,0.026265645547
11642.578125,0.009432665460
11648.437500,0.035254149026
11654.296875,0.044640584136
11660.156250,0.036767321156
11666.015625,0.033814021397
11671.875000,0.074005955241
11677.734375,0.096895258197
11683.593750,0.039282011514
11689.453125,0.017065603572
11695.312500,0.051722503461
11701.171875,0.051151743523
11707.031250,0.046674574814
11712.890625,0.038279393605
11718.750000,0.020869427666
11724.609375,0.023211291227
11730.468750,0.018009115141
11736.328125,0.036265335288
11742.187500,0.028420980539
11748.046875,0.039388497996
11753.906250,0.076420210353
11759.765625,0.088031405945
11765.625000,0.090379545913
11771.484375,0.063363115054
11777.343750,0.019533330390
11783.203125,0.041169459580
11789.062500,0.055690922012
11794.921875,0.075012672193
11800.781250,0.048151601992
11806.640625,0.036541175608
11812.500000,0.013156535203
11818.359375,0.008923080643
11824.218750,0.015376092274
11830.078125,0.010447199230
11835.937500,0.041828075435
11841.796875,0.055672437244
11847.656250,0.036514629522
11853.515625,0.013118657869
11859.375000,0.015225535977
11865.234375,0.067481078585
11871.093750,0.070483284338
11876.953125,0.037406879781
11882.812500,0.033395254361
11888.671875,0.028337223239
11894.531250,0.031614401464
11900.390625,0.059000994685
11906.250000,0.064164872188
11912.109375,0.032765256061
11917.968750,0.035204231405
11923.828125,0.039425980567
11929.687500,0.046859112974
11935.546875,0.049936899427
11941.406250,0.034016465386
11947.265625,0.022876959272
11953.125000,0.027361770623
11958.984375,0.024825764164
11964.843750,0.063047789645
11970.703125,0.087031150228
11976.562500,0.055538716939
11982.421875,0.024735820497
11988.281250,0.013687471824
11994.140625,0.034421670624
12000.000000,0.049420250350
12005.859375,0.021989648587
12011.718750,0.022758907547
12017.578125,0.028873982913
12023.437500,0.005283635603
12029.296875,0.039111555982
12035.156250,0.071564803431
12041.015625,0.074252505969
12046.875000,0.070782352991
12052.734375,0.040894659586
12058.593750,0.018469689918
12064.453125,0.052756925039
12070.312500,0.054775485879
12076.171875,0.029655354079
12082.031250,0.046923437754
12087.890625,0.066642525208
12093.750000,0.045704589065
12099.609375,0.034437903729
12105.468750,0.081261330365
12111.328125,0.061421263570
12117.187500,0.022287963302
12123.046875,0.041667184021
12128.906250,0.090826224772
12134.765625,0.071101032428
12140.625000,0.029092125160
12146.484375,0.031020211698
12152.343750,0.060795472529
12158.203125,0.053593058562
12164.062500,0.023485766424
12169.921875,0.021847577405
12175.781250,0.017480597612
12181.640625,0.034854269189
12187.500000,0.063715572530
12193.359375,0.116695535386
12199.218750,0.128373529301
12205.078125,0.061039090216
12210.937500,0.002335404928
12216.796875,0.029354937944
12222.656250,0.041307932773
12228.515625,0.040176325685
12234.375000,0.024411794759
12240.234375,0.033255945567
12246.093750,0.035385466208
12251.953125,0.009537111346
12257.812500,0.030344579032
12263.671875,0.031799151962
12269.531250,0.038181786560
12275.390625,0.044866954193
12281.250000,0.084833344788
12287.109375,0.154708625833
12292.968750,0.137671522970
12298.828125,0.125095468278
12304.687500,0.152123454499
12310.546875,0.125772553929
12316.406250,0.080785136931
12322.265625,0.052325009013
12328.125000,0.071732358950
12333.984375,0.081426937558
12339.843750,0.069175719777
12345.703125,0.067905803192
12351.562500,0.108584462416
12357.421875,0.125526798446
12363.281250,0.099972679761
12369.140625,0.067404726703
12375.000000,0.060626134547
12380.859375,0.108808629576
12386.718750,0.144412976222
12392.578125,0.117690733514
12398.437500,0.065726087148
12404.296875,0.006492883956
12410.156250,0.081681630151
12416.015625,0.106602070017
12421.875000,0.104202398402
12427.734375,0.089540430432
12433.593750,0.041150259604
12439.453125,0.044957967560
12445.312500,0.080713720089
12451.171875,0.087249468727
12457.031250,0.076516948872
12462.890625,0.061560696040
12468.750000,0.053219017494
12474.609375,0.100514315820
12480.468750,0.102835271535
12486.328125,0.039100949380
12492.187500,0.087116910113
12498.046875,0.086599929866
12503.906250,0.072854958060
12509.765625,0.051786383476
12515.625000,0.056006848307
12521.484375,0.083194327139
12527.343750,0.080086614535
12533.203125,0.064199963077
12539.062500,0.066384471874
12544.921875,0.067178372754
12550.781250,0.060514497325
12556.640625,0.082166546995
12562.500000,0.121435599160
12568.359375,0.138883036325
12574.218750,0.134306897208
12580.078125,0.111624472392
12585.937500,0.101553653434
12591.796875,0.166650094149
12597.656250,0.203245391842
12603.515625,0.200781585585
12609.375000,0.169426333128
12615.234375,0.142476893014
12621.093750,0.154735789148
12626.953125,0.146000392584
12632.812500,0.104628141143
12638.671875,0.091301575143
12644.531250,0.073283608855
12650.390625,0.037458285752
12656.250000,0.028910208015
12662.109375,0.048784415171
12667.968750,0.049203787549
12673.828125,0.045939325057
12679.687500,0.042375209710
12685.546875,0.035757904842
12691.406250,0.029699330284
12697.265625,0.045334947873
12703.125000,0.082784334928
12708.984375,0.091566145176
12714.843750,0.074923361883
12720.703125,0.080136904909
12726.562500,0.091346497401
12732.421875,0.058177577291
12738.281250,0.054588216380
12744.140625,0.106988313811
12750.000000,0.139644926218
12755.859375,0.127813757606
12761.718750,0.105801649516
12767.578125,0.089712345818
12773.437500,0.083135247800
12779.296875,0.087612816972
12785.156250,0.080739946411
12791.015625,0.068827153847
12796.875000,0.069878000036
12802.734375,0.067922354394
12808.593750,0.034513340332
12814.453125,0.014660979530
12820.312500,0.049361447950
12826.171875,0.049340895803
12832.031250,0.029311988165
12837.890625,0.019790866870
12843.750000,0.036229900368
12849.609375,0.046014322741
12855.468750,0.051558072097
12861.328125,0.069424900144
12867.187500,0.047805035754
12873.046875,0.023317270899
12878.906250,0.024124976727
12884.765625,0.005457234320
12890.625000,0.029686702745
12896.484375,0.042425860587
12902.343750,0.037769496275
12908.203125,0.023765503106
12914.062500,0.048091679622
12919.921875,0.060425312562
12925.781250,0.055037217978
12931.640625,0.059716741833
12937.500000,0.055128593769
12943.359375,0.050214982693
12949.218750,0.044913810449
12955.078125,0.032815722743
12960.937500,0.043066011749
12966.796875,0.048482448993
12972.656250,0.044553811609
12978.515625,0.055200226582
12984.375000,0.063628732737
12990.234375,0.039966840023
12996.093750,0.014630433194
13001.953125,0.011338112862
13007.812500,0.010642230453
13013.671875,0.017672314770
13019.531250,0.014086357062
13025.390625,0.025027285600
13031.250000,0.029563517982
13037.109375,0.011368840275
13042.968750,0.013915728958
13048.828125,0.011577451271
13054.687500,0.020650540277
13060.546875,0.032969376345
13066.406250,0.039657219265
13072.265625,0.045239302555
13078.125000,0.042440531691
13083.984375,0.038927966749
13089.843750,0.034140488680
13095.703125,0.026078663588
13101.562500,0.041218899274
13107.421875,0.031792635574
13113.281250,0.019249260043
13119.140625,0.010535547225
13125.000000,0.019041124212
13130.859375,0.016273189816
13136.718750,0.003935098789
13142.578125,0.004112380119
13148.437500,0.002726720650
13154.296875,0.011218282997
13160.156250,0.019778585229
13166.015625,0.025500653717
13171.875000,0.031726414745
13177.734375,0.038115952746
13183.593750,0.043821727372
13189.453125,0.030839749654
13195.312500,0.027842677801
13201.171875,0.022275633167
13207.031250,0.019648660777
13212.890625,0.019276090077
13218.750000,0.035256033874
13224.609375,0.030645689072
13230.468750,0.020811687842
13236.328125,0.037370038084
13242.187500,0.031538934398
13248.046875,0.041261848481
13253.906250,0.035294409391
13259.765625,0.007139858016
13265.625000,0.004710175574
13271.484375,0.012869588566
13277.343750,0.014525457047
13283.203125,0.011206970237
13289.062500,0.013269761716
13294.921875,0.024019436200
13300.781250,0.044597856790
13306.640625,0.044463323931
13312.500000,0.019296380696
13318.359375,0.006838680967
13324.218750,0.032446177792
13330.078125,0.049333356795
13335.937500,0.042967125837
13341.796875,0.038174539892
13347.656250,0.037068140889
13353.515625,0.045642226994
13359.375000,0.024883599941
13365.234375,0.002456827780
13371.093750,0.024915026864
13376.953125,0.029261248645
13382.812500,0.007950777943
13388.671875,0.030794953912
13394.531250,0.050669249186
13400.390625,0.038831954875
13406.250000,0.017549119896
13412.109375,0.013134810175
13417.968750,0.027181572069
13423.828125,0.024800928472
13429.687500,0.014519994937
13435.546875,0.025138572579
13441.406250,0.034701816046
13447.265625,0.023552110282
13453.125000,0.018172158253
13458.984375,0.002107907267
13464.843750,0.009467286225
13470.703125,0.020351645102
13476.562500,0.008875416252
13482.421875,0.005632862776
13488.281250,0.016797749919
13494.140625,0.015345844187
13500.000000,0.003359229303
13505.859375,0.022314181774
13511.718750,0.025956752425
13517.578125,0.041937600803
13523.437500,0.046246135326
13529.296875,0.046038218762
13535.156250,0.042038061366
13541.015625,0.018322756262
13546.875000,0.031170806748
13552.734375,0.046561261113
13558.593750,0.023045710734
13564.453125,0.015685460760
13570.312500,0.017893126284
13576.171875,0.039512657553
13582.031250,0.050155261621
13587.890625,0.041205008807
13593.750000,0.028676485657
13599.609375,0.019343431475
13605.468750,0.039171004406
13611.328125,0.042019935085
13617.187500,0.030553395337
13623.046875,0.025226084613
13628.906250,0.010642398839
13634.765625,0.032205861376
13640.625000,0.044113807393
13646.484375,0.011275527089
13652.343750,0.010463259407
13658.203125,0.005936230926
13664.062500,0.038096302779
13669.921875,0.050710721279
13675.781250,0.053324148732
13681.640625,0.040398770460
13687.500000,0.037293126866
13693.359375,0.028058375731
13699.218750,0.016630564424
13705.078125,0.005213707433
13710.937500,0.009091257920
13716.796875,0.012865907565
13722.656250,0.009406511213
13728.515625,0.009120507510
13734.375000,0.022870472526
13740.234375,0.023455776032
13746.093750,0.016610272089
13751.953125,0.011790335459
13757.812500,0.010235984028
13763.671875,0.013225026812
13769.531250,0.022916784061
13775.390625,0.027184186880
13781.250000,0.016328572736
13787.109375,0.030524738032
13792.968750,0.037369774658
13798.828125,0.010825003317
13804.687500,0.028184787037
13810.546875,0.029462805842
13816.406250,0.034434976398
13822.265625,0.019199885591
13828.125000,0.009254195765
13833.984375,0.024281939124
13839.843750,0.021384084933
13845.703125,0.010383187857
13851.562500,0.009059800785
13857.421875,0.012444945219
13863.281250,0.018413126550
13869.140625,0.026371934175
13875.000000,0.024305999612
13880.859375,0.014425790545
13886.718750,0.011259187848
13892.578125,0.021796790596
13898.437500,0.020964388906
13904.296875,0.012586293767
13910.156250,0.012486498448
13916.015625,0.019508945566
13921.875000,0.002029818957
13927.734375,0.018798465760
13933.593750,0.025556315367
13939.453125,0.024756888331
13945.312500,0.020829151842
13951.171875,0.011329598401
13957.031250,0.020042004042
13962.890625,0.030705062612
13968.750000,0.024053735928
13974.609375,0.022292489002
13980.468750,0.012091827381
13986.328125,0.022669915082
13992.187500,0.020777053039
13998.046875,0.026325804871
14003.906250,0.024280821248
14009.765625,0.026679323152
14015.625000,0.050161854857
14021.484375,0.046527080695
14027.343750,0.020817154006
14033.203125,0.007094845140
14039.062500,0.019415920729
14044.921875,0.030354710978
14050.781250,0.048968426336
14056.640625,0.037476125828
14062.500000,0.026119472303
14068.359375,0.012599265497
14074.218750,0.016959344273
14080.078125,0.032397186663
14085.937500,0.055348024760
14091.796875,0.040933501394
14097.656250,0.010278210177
14103.515625,0.016122479991
14109.375000,0.022551362265
14115.234375,0.020328989107
14121.093750,0.026516754005
14126.953125,0.035028289775
14132.812500,0.040255836518
14138.671875,0.025284796133
14144.531250,0.008753585604
14150.390625,0.019951505656
14156.250000,0.040695533780
14162.109375,0.047673202499
14167.968750,0.042503248012
14173.828125,0.030146887847
14179.687500,0.031776615880
14185.546875,0.034655927223
14191.406250,0.007823235035
14197.265625,0.013543342265
14203.125000,0.021488200787
14208.984375,0.031433109771
14214.843750,0.020544954359
14220.703125,0.018001474719
14226.562500,0.009112343567
14232.421875,0.019614354595
14238.281250,0.035389754492
14244.140625,0.040770252270
14250.000000,0.012142699673
14255.859375,0.018505584055
14261.718750,0.031080594978
14267.578125,0.031371354314
14273.437500,0.009348997759
14279.296875,0.038677891190
14285.156250,0.046051663491
14291.015625,0.041533505739
14296.875000,0.036378311655
14302.734375,0.009854413284
14308.593750,0.015925323477
14314.453125,0.019084229266
14320.312500,0.033666134584
14326.171875,0.057788302628
14332.031250,0.052172128015
14337.890625,0.041592238984
14343.750000,0.033871022450
14349.609375,0.018829039340
14355.468750,0.004052507225
14361.328125,0.007545931312
14367.187500,0.011970383331
14373.046875,0.011437120057
14378.906250,0.003186482237
14384.765625,0.021949331908
14390.625000,0.034706197687
14396.484375,0.035383800552
14402.343750,0.045613303870
14408.203125,0.035120819956
14414.062500,0.007819320143
14419.921875,0.024751302026
14425.781250,0.025833092602
14431.640625,0.033377388259
14437.500000,0.025617667247
14443.359375,0.012509210600
14449.218750,0.007779736154
14455.078125,0.001842700679
14460.937500,0.007878715231
14466.796875,0.009862949617
14472.656250,0.013092453957
14478.515625,0.008633891553
14484.375000,0.011809213486
14490.234375,0.010447116435
14496.093750,0.008268542707
14501.953125,0.009198455311
14507.812500,0.010473434642
14513.671875,0.013375561012
14519.531250,0.018378365287
14525.390625,0.023021286394
14531.250000,0.017251818660
14537.109375,0.012332604955
14542.968750,0.003090606217
14548.828125,0.007575495395
14554.687500,0.014447693537
14560.546875,0.011558770710
14566.406250,0.002466403910
14572.265625,0.009293283802
14578.125000,0.012936219841
14583.984375,0.012434854115
14589.843750,0.018365115270
14595.703125,0.038926270081
14601.562500,0.036481419212
14607.421875,0.023392870583
14613.281250,0.018661970300
14619.140625,0.016362788937
14625.000000,0.017532366086
14630.859375,0.010043997571
14636.718750,0.004008688507
14642.578125,0.011910363944
14648.437500,0.012785326136
14654.296875,0.005099762865
14660.156250,0.008548893974
14666.015625,0.015301099582
14671.875000,0.023148882479
14677.734375,0.025456189413
14683.593750,0.024698231196
14689.453125,0.023094635794
14695.312500,0.016402922547
14701.171875,0.017833490396
14707.031250,0.023023287483
14712.890625,0.019243497959
14718.750000,0.007748002177
14724.609375,0.012733381497
14730.468750,0.027678364909
14736.328125,0.024287128258
14742.187500,0.013933837956
14748.046875,0.002736003472
14753.906250,0.017510981057
14759.765625,0.034527464854
14765.625000,0.041148583452
14771.484375,0.033429777025
14777.343750,0.030803155388
14783.203125,0.038932333836
14789.062500,0.019890511660
14794.921875,0.021522032352
14800.781250,0.019774164898
14806.640625,0.009380155370
14812.500000,0.005948908416
14818.359375,0.010330863280
14824.218750,0.020696311839
14830.078125,0.017762389033
14835.937500,0.010587390158
14841.796875,0.013199322028
14847.656250,0.024082394414
14853.515625,0.021633798447
14859.375000,0.013801407826
14865.234375,0.013804551826
14871.093750,0.005236814889
14876.953125,0.011118327144
14882.812500,0.015088707289
14888.671875,0.009640712042
14894.531250,0.009133152102
14900.390625,0.014097197105
14906.250000,0.021733120540
14912.109375,0.019695854493
14917.968750,0.014623666916
14923.828125,0.009686538535
14929.687500,0.014109972181
14935.546875,0.013945557273
14941.406250,0.008498046584
14947.265625,0.003011992315
14953.125000,0.013767987651
14958.984375,0.020861028975
14964.843750,0.018171014729
14970.703125,0.018741065996
14976.562500,0.012916998581
14982.421875,0.024479459931
14988.281250,0.022471063355
14994.140625,0.009434638908
15000.000000,0.003638617762
15005.859375,0.023347526485
15011.718750,0.040370424406
15017.578125,0.052306045597
15023.437500,0.046591892983
15029.296875,0.024523742790
15035.156250,0.007734553203
15041.015625,0.009226739295
15046.875000,0.014303702225
15052.734375,0.012099799404
15058.593750,0.003125552962
15064.453125,0.011560876088
15070.312500,0.007049977952
15076.171875,0.010192957816
15082.031250,0.024193064861
15087.890625,0.026992916897
15093.750000,0.013236698915
15099.609375,0.030567743256
15105.468750,0.063563666645
15111.328125,0.065296970528
15117.187500,0.056164545634
15123.046875,0.059488299029
15128.906250,0.038929097326
15134.765625,0.004777150127
15140.625000,0.013539562405
15146.484375,0.004950342575
15152.343750,0.013006732282
15158.203125,0.012372775872
15164.062500,0.007061925027
15169.921875,0.011808517232
15175.781250,0.022020439141
15181.640625,0.028721553330
15187.500000,0.027750895241
15193.359375,0.016650179509
15199.218750,0.011650756836
15205.078125,0.011026561846
15210.937500,0.002874861416
15216.796875,0.008554670203
15222.656250,0.014030389627
15228.515625,0.014679975813
15234.375000,0.010979514256
15240.234375,0.008932258375
15246.093750,0.018057125456
15251.953125,0.014878105291
15257.812500,0.009816862542
15263.671875,0.012512743354
15269.531250,0.022810668680
15275.390625,0.019980422108
15281.250000,0.005290923451
15287.109375,0.020615997878
15292.968750,0.027532476009
15298.828125,0.018351406706
15304.687500,0.009178749592
15310.546875,0.004346317501
15316.406250,0.000719357447
15322.265625,0.010553098023
15328.125000,0.016272958118
15333.984375,0.021904836177
15339.843750,0.021427841583
15345.703125,0.011939833375
15351.562500,0.006565221431
15357.421875,0.009171797050
15363.281250,0.015099105177
15369.140625,0.008662163385
15375.000000,0.007076736100
15380.859375,0.020792136931
15386.718750,0.017608187217
15392.578125,0.009771927511
15398.437500,0.009158641999
15404.296875,0.014187468897
15410.156250,0.018820285434
15416.015625,0.016206946289
15421.875000,0.011377841727
15427.734375,0.009076944936
15433.593750,0.009734493011
15439.453125,0.009340427884
15445.312500,0.014383960839
15451.171875,0.023031578473
15457.031250,0.036102771386
15462.890625,0.039769088936
15468.750000,0.031181703191
15474.609375,0.020277512154
15480.468750,0.010737504202
15486.328125,0.009392437351
15492.187500,0.007550154489
15498.046875,0.005803441315
15503.906250,0.011320166045
15509.765625,0.024598721169
15515.625000,0.027409605944
15521.484375,0.014345403699
15527.343750,0.009084230213
15533.203125,0.009811946830
15539.062500,0.007851639772
15544.921875,0.022562061608
15550.781250,0.023941503782
15556.640625,0.033571510788
15562.500000,0.039121487704
15568.359375,0.038969296790
15574.218750,0.021050317904
15580.078125,0.003612873783
15585.937500,0.003123935941
15591.796875,0.009242478946
15597.656250,0.017984770595
15603.515625,0.020739305265
15609.375000,0.011197365675
15615.234375,0.003561821742
15621.093750,0.008177096482
15626.953125,0.017507952097
15632.812500,0.018786999120
15638.671875,0.009049084130
15644.531250,0.003802265472
15650.390625,0.006835695449
15656.250000,0.004969864584
15662.109375,0.020154444150
15667.968750,0.025733355875
15673.828125,0.012400758480
15679.687500,0.014056670490
15685.546875,0.012419800551
15691.406250,0.014318307956
15697.265625,0.024845205653
15703.125000,0.017273753264
15708.984375,0.008791567185
15714.843750,0.012475941306
15720.703125,0.010901771806
15726.562500,0.007273046035
15732.421875,0.006385235671
15738.281250,0.005432896657
15744.140625,0.016655608600
15750.000000,0.020825671210
15755.859375,0.018652723158
15761.718750,0.012319531598
15767.578125,0.011928124410
15773.437500,0.013103111095
15779.296875,0.013912443653
15785.156250,0.011894807947
15791.015625,0.015922093350
15796.875000,0.012775740463
15802.734375,0.006369771324
15808.593750,0.007316102143
15814.453125,0.006328421272
15820.312500,0.004236059700
15826.171875,0.005094918506
15832.031250,0.005003582046
15837.890625,0.005006707626
15843.750000,0.006543107340
15849.609375,0.009757681740
15855.468750,0.010363168333
15861.328125,0.008281005055
15867.187500,0.002241256350
15873.046875,0.009704021796
15878.906250,0.005243232126
15884.765625,0.007865870290
15890.625000,0.011892393844
15896.484375,0.011033022198
15902.343750,0.004801245622
15908.203125,0.003456834007
15914.062500,0.010376520588
15919.921875,0.009614353536
15925.781250,0.005502764685
15931.640625,0.003632605905
15937.500000,0.003984727392
15943.359375,0.005968284812
15949.218750,0.006338109905
15955.078125,0.012313793344
15960.937500,0.015473654541
15966.796875,0.009040602341
15972.656250,0.007619781962
15978.515625,0.011885973714
15984.375000,0.015508675268
15990.234375,0.017240584089
15996.093750,0.007851897252
16001.953125,0.008869658334
16007.812500,0.011371679199
16013.671875,0.012271512935
16019.531250,0.017240637235
16025.390625,0.018367209184
16031.250000,0.009532375389
16037.109375,0.005120700550
16042.968750,0.005204015494
16048.828125,0.021803652351
16054.687500,0.039603835530
16060.546875,0.038699706996
16066.406250,0.022895422448
16072.265625,0.010210336866
16078.125000,0.019287801879
16083.984375,0.023416658823
16089.843750,0.018289798957
16095.703125,0.011945937039
16101.562500,0.010468528956
16107.421875,0.002791114365
16113.281250,0.004182496235
16119.140625,0.000426635828
16125.000000,0.003601383253
16130.859375,0.007502834382
16136.718750,0.009002087239
16142.578125,0.012569626868
16148.437500,0.014643995459
16154.296875,0.008800674504
16160.156250,0.002266652605
16166.015625,0.012681452331
16171.875000,0.015485152698
16177.734375,0.009891353191
16183.593750,0.007437137694
16189.453125,0.002261352420
16195.312500,0.005400300669
16201.171875,0.009033641944
16207.031250,0.011555339485
16212.890625,0.010256247072
16218.750000,0.013876679268
16224.609375,0.008163128628
16230.468750,0.005560436535
16236.328125,0.014708186034
16242.187500,0.018056313145
16248.046875,0.014770360763
16253.906250,0.006726985240
16259.765625,0.009715602210
16265.625000,0.014674579588
16271.484375,0.010081624677
16277.343750,0.007393846786
16283.203125,0.012663357064
16289.062500,0.017085992064
16294.921875,0.009574724006
16300.781250,0.005512869505
16306.640625,0.014708226997
16312.500000,0.020874145088
16318.359375,0.021299645273
16324.218750,0.015372829937
16330.078125,0.009145486247
16335.937500,0.007298020061
16341.796875,0.009208476092
16347.656250,0.008421901872
16353.515625,0.007345107138
16359.375000,0.014923693654
16365.234375,0.017104628389
16371.093750,0.015868456896
16376.953125,0.016854796005
16382.812500,0.012925373175
16388.671875,0.009382130864
16394.531250,0.009183885292
16400.390625,0.007096316223
16406.250000,0.012640261732
16412.109375,0.018145670818
16417.968750,0.017455897792
16423.828125,0.009641486635
16429.687500,0.014921603234
16435.546875,0.016832567200
16441.406250,0.012356426749
16447.265625,0.009694297143
16453.125000,0.007447263197
16458.984375,0.006778585048
16464.843750,0.019039639659
16470.703125,0.019084547574
16476.562500,0.019322776458
16482.421875,0.015025676621
16488.281250,0.001806924367
16494.140625,0.011336355602
16500.000000,0.008276888344
16505.859375,0.003706641278
16511.718750,0.012221294020
16517.578125,0.011713163518
16523.437500,0.008498464329
16529.296875,0.013428640437
16535.156250,0.016925706645
16541.015625,0.012485239739
16546.875000,0.006470512823
16552.734375,0.006033170902
16558.593750,0.007716143988
16564.453125,0.002883469388
16570.312500,0.006140118645
16576.171875,0.005152365259
16582.031250,0.003326228364
16587.890625,0.006271007756
16593.750000,0.014492772627
16599.609375,0.015139276198
16605.468750,0.009582037082
16611.328125,0.012630848449
16617.187500,0.010956331356
16623.046875,0.006076704537
16628.906250,0.004048507964
16634.765625,0.004257570370
16640.625000,0.008495353834
16646.484375,0.012506759794
16652.343750,0.014580642196
16658.203125,0.014727081536
16664.062500,0.012418277639
16669.921875,0.005164774170
16675.781250,0.004215953402
16681.640625,0.007754181415
16687.500000,0.007180107754
16693.359375,0.002727565738
16699.218750,0.006656595244
16705.078125,0.006323834656
16710.937500,0.008519275987
16716.796875,0.005739360972
16722.656250,0.008048021538
16728.515625,0.007785670893
16734.375000,0.002333072409
16740.234375,0.003784941719
16746.093750,0.006363296226
16751.953125,0.007799565948
16757.812500,0.008165657292
16763.671875,0.010161626703
16769.531250,0.004189005261
16775.390625,0.002766409138
16781.250000,0.002104040037
16787.109375,0.002985829677
16792.968750,0.005294273336
16798.828125,0.001717364251
16804.687500,0.006147318227
16810.546875,0.006918284393
16816.406250,0.006689174356
16822.265625,0.005867678990
16828.125000,0.001556598100
16833.984375,0.004249462191
16839.843750,0.001922242924
16845.703125,0.008554951365
16851.562500,0.016724509338
16857.421875,0.013152177626
16863.281250,0.007212782467
16869.140625,0.001345135077
16875.000000,0.009588762912
16880.859375,0.007079157710
16886.718750,0.003857103910
16892.578125,0.005987088939
16898.437500,0.008718832199
16904.296875,0.005095388177
16910.156250,0.007009359214
16916.015625,0.011601995500
16921.875000,0.006599984366
16927.734375,0.003480946460
16933.593750,0.002005475265
16939.453125,0.005111792979
16945.312500,0.006003256182
16951.171875,0.012384560625
16957.031250,0.006907070975
16962.890625,0.002720320204
16968.750000,0.005095317155
16974.609375,0.005617515267
16980.468750,0.003071323227
16986.328125,0.002656986214
16992.187500,0.001389414414
16998.046875,0.010813015971
17003.906250,0.019271621501
17009.765625,0.017241422735
17015.625000,0.007345999744
17021.484375,0.004333296464
17027.343750,0.005084078654
17033.203125,0.009383392553
17039.062500,0.012353215355
17044.921875,0.012012725016
17050.781250,0.006215869102
17056.640625,0.001092113602
17062.500000,0.007172710932
17068.359375,0.010121716462
17074.218750,0.003034594474
17080.078125,0.005578181422
17085.937500,0.006224607824
17091.796875,0.001641985363
17097.656250,0.008025062458
17103.515625,0.015611727107
17109.375000,0.014562724393
17115.234375,0.004953292290
17121.093750,0.003462783152
17126.953125,0.004362433068
17132.812500,0.011555169019
17138.671875,0.016279940708
17144.531250,0.014358038460
17150.390625,0.009471914531
17156.250000,0.005157440682
17162.109375,0.002168927774
17167.968750,0.002017545011
17173.828125,0.002245073678
17179.687500,0.005550665030
17185.546875,0.003778871064
17191.406250,0.000728165570
17197.265625,0.004536358935
17203.125000,0.006463432763
17208.984375,0.003434897676
17214.843750,0.001712249984
17220.703125,0.003002941281
17226.562500,0.000910085920
17232.421875,0.002769766381
17238.281250,0.005967181106
17244.140625,0.004273843670
17250.000000,0.004739531243
17255.859375,0.003080165589
17261.718750,0.007405883929
17267.578125,0.007022202551
17273.437500,0.001644367817
17279.296875,0.003481615223
17285.156250,0.010133222435
17291.015625,0.011517795027
17296.875000,0.006167905280
17302.734375,0.003385918433
17308.593750,0.004525382324
17314.453125,0.005634184021
17320.312500,0.007323517815
17326.171875,0.010307649278
17332.031250,0.013255689187
17337.890625,0.013094691580
17343.750000,0.009343901412
17349.609375,0.005409206989
17355.468750,0.004268386821
17361.328125,0.005980367328
17367.187500,0.009377260191
17373.046875,0.012413170179
17378.906250,0.015434797273
17384.765625,0.014088198891
17390.625000,0.009819407200
17396.484375,0.007653860934
17402.343750,0.003597840384
17408.203125,0.005379647039
17414.062500,0.004455212878
17419.921875,0.007805681428
17425.781250,0.009755877571
17431.640625,0.007660853089
17437.500000,0.001156355926
17443.359375,0.002782335728
17449.218750,0.004644144323
17455.078125,0.006347442248
17460.937500,0.002870051886
17466.796875,0.007424437201
17472.656250,0.009461859273
17478.515625,0.005829714442
17484.375000,0.002400426734
17490.234375,0.000949219527
17496.093750,0.001522857798
17501.953125,0.001656344197
17507.812500,0.011189809428
17513.671875,0.015667512332
17519.531250,0.008873752232
17525.390625,0.004818205743
17531.250000,0.009158610711
17537.109375,0.011125674166
17542.968750,0.004143878780
17548.828125,0.001694324320
17554.687500,0.004794060852
17560.546875,0.012341758522
17566.406250,0.016219510304
17572.265625,0.015372828640
17578.125000,0.009879937358
17583.984375,0.002468758338
17589.843750,0.003739678490
17595.703125,0.007302610635
17601.562500,0.004929055161
17607.421875,0.003089664078
17613.281250,0.002473745049
17619.140625,0.005306278343
17625.000000,0.003639847791
17630.859375,0.001692864202
17636.718750,0.001644095100
17642.578125,0.004230608319
17648.437500,0.006417407057
17654.296875,0.008721023289
17660.156250,0.010443958079
17666.015625,0.004302417385
17671.875000,0.009030166427
17677.734375,0.009469568360
17683.593750,0.005912703862
17689.453125,0.004050096548
17695.312500,0.003797393363
17701.171875,0.004332274224
17707.031250,0.007330722004
17712.890625,0.005935088627
17718.750000,0.008140264917
17724.609375,0.008637193746
17730.468750,0.005752475277
17736.328125,0.007634287967
17742.187500,0.010181662769
17748.046875,0.006838314651
17753.906250,0.006211681851
17759.765625,0.000821483109
17765.625000,0.005947803568
17771.484375,0.006190955209
17777.343750,0.006987525252
17783.203125,0.007785377951
17789.062500,0.010504581258
17794.921875,0.012128463380
17800.781250,0.009613402108
17806.640625,0.007797749843
17812.500000,0.001860082158
17818.359375,0.004704548986
17824.218750,0.005321080772
17830.078125,0.004211246129
17835.937500,0.003074296890
17841.796875,0.004331811306
17847.656250,0.003869405087
17853.515625,0.002658657121
17859.375000,0.005913469544
17865.234375,0.009603000566
17871.093750,0.006206823266
17876.953125,0.001971824140
17882.812500,0.003334820845
17888.671875,0.005854461328
17894.531250,0.007104218272
17900.390625,0.006664025756
17906.250000,0.004722624856
17912.109375,0.004595198588
17917.968750,0.011324355687
17923.828125,0.013383173035
17929.687500,0.010346317917
17935.546875,0.009793511722
17941.406250,0.007984220014
17947.265625,0.005840083038
17953.125000,0.005450245951
17958.984375,0.003722646956
17964.843750,0.005954309472
17970.703125,0.006244039012
17976.562500,0.006520338677
17982.421875,0.006914731844
17988.281250,0.002280692417
17994.140625,0.004389867039
18000.000000,0.003377825604
18005.859375,0.003228962769
18011.718750,0.002990564705
18017.578125,0.007055353819
18023.437500,0.000165314380
18029.296875,0.007817825810
18035.156250,0.006787731840
18041.015625,0.002086998484
18046.875000,0.002349520412
18052.734375,0.004208807582
18058.593750,0.006426566799
18064.453125,0.007881455188
18070.312500,0.009821123034
18076.171875,0.010492947014
18082.031250,0.002995601865
18087.890625,0.005196493220
18093.750000,0.009040014186
18099.609375,0.006318721546
18105.468750,0.007675831642
18111.328125,0.011775544832
18117.187500,0.015616844657
18123.046875,0.009099672576
18128.906250,0.007660043047
18134.765625,0.006487354367
18140.625000,0.009372236032
18146.484375,0.008671998371
18152.343750,0.005683284311
18158.203125,0.001099816988
18164.062500,0.004372202603
18169.921875,0.002654575240
18175.781250,0.004045586941
18181.640625,0.006985107078
18187.500000,0.006081983055
18193.359375,0.008972340187
18199.218750,0.006906139981
18205.078125,0.003548554657
18210.937500,0.008397659255
18216.796875,0.009832683820
18222.656250,0.005768287371
18228.515625,0.003016039410
18234.375000,0.006637245335
18240.234375,0.006730526721
18246.093750,0.004913646110
18251.953125,0.001642880385
18257.812500,0.011728552749
18263.671875,0.016986162050
18269.531250,0.017486424645
18275.390625,0.014105753427
18281.250000,0.004166853114
18287.109375,0.005683159404
18292.968750,0.007531684860
18298.828125,0.008373413524
18304.687500,0.009288439633
18310.546875,0.006264125550
18316.406250,0.002216961909
18322.265625,0.003485324704
18328.125000,0.005893340035
18333.984375,0.006215734200
18339.843750,0.004675047511
18345.703125,0.011169855489
18351.562500,0.011499604826
18357.421875,0.008239369534
18363.281250,0.002428659615
18369.140625,0.000969647809
18375.000000,0.003333894011
18380.859375,0.007094412067
18386.718750,0.006555301281
18392.578125,0.004342250241
18398.437500,0.003659609247
18404.296875,0.003571168571
18410.156250,0.008285571102
18416.015625,0.010077522815
18421.875000,0.012201722750
18427.734375,0.009735907486
18433.593750,0.005368210664
18439.453125,0.001309791276
18445.312500,0.001334394741
18451.171875,0.001914729565
18457.031250,0.002539030280
18462.890625,0.003919772093
18468.750000,0.002857674548
18474.609375,0.003860228993
18480.468750,0.003039502687
18486.328125,0.002293995100
18492.187500,0.003369811250
18498.046875,0.001066491870
18503.906250,0.004438259803
18509.765625,0.001655215531
18515.625000,0.003743106914
18521.484375,0.006361232741
18527.343750,0.007264381923
18533.203125,0.005059651614
18539.062500,0.003256670319
18544.921875,0.003333063739
18550.781250,0.006156022137
18556.640625,0.003564196323
18562.500000,0.002596273257
18568.359375,0.005001174978
18574.218750,0.001164787702
18580.078125,0.003218899050
18585.937500,0.003211614204
18591.796875,0.003722663662
18597.656250,0.002849944039
18603.515625,0.001224879179
18609.375000,0.003216224787
18615.234375,0.006286819518
18621.093750,0.005079312316
18626.953125,0.003842842199
18632.812500,0.004083009884
18638.671875,0.002554413295
18644.531250,0.006975175255
18650.390625,0.007142860984
18656.250000,0.003216796463
18662.109375,0.000240402423
18667.968750,0.004699769664
18673.828125,0.006034459235
18679.687500,0.004356523029
18685.546875,0.003531540325
18691.406250,0.002452522902
18697.265625,0.003586096834
18703.125000,0.001979454468
18708.984375,0.000983193401
18714.843750,0.002424726469
18720.703125,0.003884738111
18726.562500,0.006362093430
18732.421875,0.004967674684
18738.281250,0.005517109748
18744.140625,0.007921426046
18750.000000,0.006397854653
18755.859375,0.000857754949
18761.718750,0.004413567665
18767.578125,0.006962629960
18773.437500,0.005173401964
18779.296875,0.000502298557
18785.156250,0.000789570924
18791.015625,0.002540665633
18796.875000,0.004201511319
18802.734375,0.004216009023
18808.593750,0.002835027577
18814.453125,0.006314611559
18820.312500,0.006060145897
18826.171875,0.003041005134
18832.031250,0.004959635509
18837.890625,0.001518078052
18843.750000,0.007702521574
18849.609375,0.005723265192
18855.468750,0.002975931208
18861.328125,0.005746616834
18867.187500,0.005828956979
18873.046875,0.005398269757
18878.906250,0.003285652546
18884.765625,0.001429613532
18890.625000,0.001557721738
18896.484375,0.005121549892
18902.343750,0.006316001789
18908.203125,0.008999041925
18914.062500,0.005834828778
18919.921875,0.003706381846
18925.781250,0.003239586162
18931.640625,0.004168642970
18937.500000,0.006559594635
18943.359375,0.006266119751
18949.218750,0.001505648785
18955.078125,0.007091622795
18960.937500,0.006159102580
18966.796875,0.004061439187
18972.656250,0.004942033290
18978.515625,0.004146779338
18984.375000,0.003742032390
18990.234375,0.002923662506
18996.093750,0.003477331517
19001.953125,0.003835302382
19007.812500,0.006340129578
19013.671875,0.006673321038
19019.531250,0.001895740818
19025.390625,0.000891667175
19031.250000,0.002697113178
19037.109375,0.005889380844
19042.968750,0.004396082359
19048.828125,0.000580805934
19054.687500,0.003709981256
19060.546875,0.004541205644
19066.406250,0.002545309585
19072.265625,0.004109244891
19078.125000,0.002631300841
19083.984375,0.002834447958
19089.843750,0.003461626337
19095.703125,0.001220220848
19101.562500,0.005923874792
19107.421875,0.006148410109
19113.281250,0.006862025298
19119.140625,0.005415322739
19125.000000,0.002804481207
19130.859375,0.003480859946
19136.718750,0.005023068280
19142.578125,0.001537999781
19148.437500,0.004534183454
19154.296875,0.007353407319
19160.156250,0.007656432254
19166.015625,0.004865289298
19171.875000,0.004129332848
19177.734375,0.003740481144
19183.593750,0.008526676761
19189.453125,0.006033476266
19195.312500,0.004653579546
19201.171875,0.005296595807
19207.031250,0.002447541149
19212.890625,0.002223928746
19218.750000,0.004626811482
19224.609375,0.004863744732
19230.468750,0.002655723167
19236.328125,0.004401139707
19242.187500,0.007754726683
19248.046875,0.003320385306
19253.906250,0.001932156792
19259.765625,0.001569883244
19265.625000,0.002772320455
19271.484375,0.001613957986
19277.343750,0.003348629144
19283.203125,0.003526905097
19289.062500,0.005159195946
19294.921875,0.005106698483
19300.781250,0.002493302365
19306.640625,0.006565757660
19312.500000,0.007440761725
19318.359375,0.004585914863
19324.218750,0.002972806404
19330.078125,0.006069724232
19335.937500,0.007248760945
19341.796875,0.006461657891
19347.656250,0.002851831438
19353.515625,0.000864446313
19359.375000,0.002009080698
19365.234375,0.001586748061
19371.093750,0.001714028535
19376.953125,0.002077680751
19382.812500,0.002854962752
19388.671875,0.000752421496
19394.531250,0.004082874867
19400.390625,0.004054181166
19406.250000,0.002978541010
19412.109375,0.002101212596
19417.968750,0.003036950985
19423.828125,0.003256980176
19429.687500,0.003360264391
19435.546875,0.000908277484
19441.406250,0.002186090419
19447.265625,0.004127677129
19453.125000,0.006368437854
19458.984375,0.005149325450
19464.843750,0.002590543045
19470.703125,0.001684153796
19476.562500,0.001851945879
19482.421875,0.002489239921
19488.281250,0.001490167881
19494.140625,0.005033681770
19500.000000,0.004656668152
19505.859375,0.001126507940
19511.718750,0.003554375575
19517.578125,0.004880756341
19523.437500,0.001737115889
19529.296875,0.004462516852
19535.156250,0.006383563884
19541.015625,0.004211684986
19546.875000,0.000574384859
19552.734375,0.001835679029
19558.593750,0.002189944981
19564.453125,0.002246010195
19570.312500,0.001155451667
19576.171875,0.000942464358
19582.031250,0.001212787010
19587.890625,0.003754773983
19593.750000,0.005378928779
19599.609375,0.001262944611
19605.468750,0.003021698375
19611.328125,0.002817355554
19617.187500,0.006118492476
19623.046875,0.006474196333
19628.906250,0.003311662613
19634.765625,0.004806903147
19640.625000,0.005241313016
19646.484375,0.002341718100
19652.343750,0.002434949929
19658.203125,0.006314580887
19664.062500,0.006561668601
19669.921875,0.004776806803
19675.781250,0.006445659659
19681.640625,0.001513486951
19687.500000,0.005710053479
19693.359375,0.005580128383
19699.218750,0.001412018625
19705.078125,0.001508378928
19710.937500,0.004845479646
19716.796875,0.005862811256
19722.656250,0.005487517276
19728.515625,0.005515544743
19734.375000,0.006622746957
19740.234375,0.006757097514
19746.093750,0.006080668383
19751.953125,0.006078017307
19757.812500,0.002262029701
19763.671875,0.002897440644
19769.531250,0.000862582040
19775.390625,0.003844603730
19781.250000,0.005837234942
19787.109375,0.005000508822
19792.968750,0.001743847388
19798.828125,0.003256415673
19804.687500,0.001945805346
19810.546875,0.000493235364
19816.406250,0.002725277780
19822.265625,0.002856906882
19828.125000,0.000613354588
19833.984375,0.001496720228
19839.843750,0.003146469827
19845.703125,0.003218163524
19851.562500,0.001675509954
19857.421875,0.001291782860
19863.281250,0.004905793246
19869.140625,0.007966665560
19875.000000,0.004339517020
19880.859375,0.001010850978
19886.718750,0.002672982811
19892.578125,0.003581749913
19898.437500,0.005672769735
19904.296875,0.008178458509
19910.156250,0.004260888025
19916.015625,0.001429512322
19921.875000,0.002153090708
19927.734375,0.003532695262
19933.593750,0.004976019050
19939.453125,0.004926111093
19945.312500,0.003275608387
19951.171875,0.001764685119
19957.031250,0.005232381531
19962.890625,0.005146395924
19968.750000,0.000488998645
19974.609375,0.003263391829
19980.468750,0.005563201928
19986.328125,0.005479509288
19992.187500,0.001300049820
19998.046875,0.000792195123
20003.906250,0.002001840263
20009.765625,0.002583275839
20015.625000,0.005067118594
20021.484375,0.005195960189
20027.343750,0.003725334968
20033.203125,0.002200726506
20039.062500,0.004000800087
20044.921875,0.000998145114
20050.781250,0.001204954393
20056.640625,0.002124472382
20062.500000,0.001519415727
20068.359375,0.002180629502
20074.218750,0.006422006593
20080.078125,0.006760701014
20085.937500,0.002782946213
20091.796875,0.001733145674
20097.656250,0.004114517925
20103.515625,0.002048491447
20109.375000,0.003464156671
20115.234375,0.002884024356
20121.093750,0.003821792006
20126.953125,0.003041210592
20132.812500,0.003517904440
20138.671875,0.003584562564
20144.531250,0.004463393503
20150.390625,0.003203105219
20156.250000,0.003093012951
20162.109375,0.003371260983
20167.968750,0.000990729579
20173.828125,0.004261969160
20179.687500,0.005708862011
20185.546875,0.000562004904
20191.406250,0.004157116173
20197.265625,0.004031714724
20203.125000,0.000898050824
20208.984375,0.002876493205
20214.843750,0.003243731720
20220.703125,0.002269388748
20226.562500,0.003957334310
20232.421875,0.005031624276
20238.281250,0.002482655041
20244.140625,0.005589218526
20250.000000,0.002553709973
20255.859375,0.001912964314
20261.718750,0.002858218597
20267.578125,0.000725742779
20273.437500,0.004696412519
20279.296875,0.005504407041
20285.156250,0.004117703669
20291.015625,0.001623817006
20296.875000,0.004576893484
20302.734375,0.005370162667
20308.593750,0.004249684729
20314.453125,0.006808943415
20320.312500,0.005854464478
20326.171875,0.003553212560
20332.031250,0.000959812905
20337.890625,0.003521082003
20343.750000,0.003663719053
20349.609375,0.001658289571
20355.468750,0.005091269521
20361.328125,0.006236955967
20367.187500,0.003507631502
20373.046875,0.001294560658
20378.906250,0.002449962960
20384.765625,0.002473034724
20390.625000,0.002856932588
20396.484375,0.002840945736
20402.343750,0.001419084035
20408.203125,0.002411405356
20414.062500,0.006360840309
20419.921875,0.003243337480
20425.781250,0.003738131795
20431.640625,0.004608092598
20437.500000,0.002074955797
20443.359375,0.001798822487
20449.218750,0.000882555487
20455.078125,0.002477170988
20460.937500,0.002289136150
20466.796875,0.005033119404
20472.656250,0.004253633644
20478.515625,0.004096735045
20484.375000,0.002559516343
20490.234375,0.004819039651
20496.093750,0.008588015137
20501.953125,0.003813538152
20507.812500,0.004554578209
20513.671875,0.007291178034
20519.531250,0.006893130024
20525.390625,0.003454088900
20531.250000,0.005590168397
20537.109375,0.002580340673
20542.968750,0.002729877612
20548.828125,0.003803697666
20554.687500,0.003812661863
20560.546875,0.004283181607
20566.406250,0.005152202705
20572.265625,0.004192036916
20578.125000,0.005434240364
20583.984375,0.003862526840
20589.843750,0.001051846896
20595.703125,0.003328816500
20601.562500,0.001596873660
20607.421875,0.003485958268
20613.281250,0.004663224120
20619.140625,0.001140367450
20625.000000,0.002095269713
20630.859375,0.003586304071
20636.718750,0.003687053942
20642.578125,0.002032572458
20648.437500,0.005811499190
20654.296875,0.005794856360
20660.156250,0.003004669895
20666.015625,0.002800991890
20671.875000,0.003310171227
20677.734375,0.002407047437
20683.593750,0.001575002358
20689.453125,0.001081634651
20695.312500,0.002895515844
20701.171875,0.002383913364
20707.031250,0.002494040010
20712.890625,0.007769165659
20718.750000,0.003846606898
20724.609375,0.003422738832
20730.468750,0.005057532891
20736.328125,0.003141168857
20742.187500,0.002481678821
20748.046875,0.002073305902
20753.906250,0.006629256917
20759.765625,0.005192653449
20765.625000,0.004488398338
20771.484375,0.004167798636
20777.343750,0.005476839131
20783.203125,0.003451294135
20789.062500,0.000864146111
20794.921875,0.002651699341
20800.781250,0.001924903646
20806.640625,0.000470374844
20812.500000,0.001594675929
20818.359375,0.001316002708
20824.218750,0.001117295336
20830.078125,0.002582435312
20835.937500,0.001670026493
20841.796875,0.001665170084
20847.656250,0.002832837620
20853.515625,0.003009795482
20859.375000,0.003505753867
20865.234375,0.003855579634
20871.093750,0.000653632166
20876.953125,0.000915590259
20882.812500,0.001372565472
20888.671875,0.003979687811
20894.531250,0.001266288372
20900.390625,0.000311212666
20906.250000,0.002168689933
20912.109375,0.000902237094
20917.968750,0.002775367119
20923.828125,0.002554729555
20929.687500,0.003317106563
20935.546875,0.001318519978
20941.406250,0.002567144527
20947.265625,0.002762553226
20953.125000,0.002805896509
20958.984375,0.005153453408
20964.843750,0.003727290531
20970.703125,0.001722994054
20976.562500,0.002039433484
20982.421875,0.005612171540
20988.281250,0.006430561969
20994.140625,0.004049753845
21000.000000,0.002802640827
21005.859375,0.001769455693
21011.718750,0.004789795282
21017.578125,0.002445028572
21023.437500,0.005861215272
21029.296875,0.002061221880
21035.156250,0.003871395007
21041.015625,0.003785919104
21046.875000,0.003542022119
21052.734375,0.002897085080
21058.593750,0.002099424352
21064.453125,0.002597165258
21070.312500,0.002827244552
21076.171875,0.003983315822
21082.031250,0.002244429160
21087.890625,0.000684624583
21093.750000,0.002514843577
21099.609375,0.003978603104
21105.468750,0.001993170923
21111.328125,0.001627590748
21117.187500,0.003598636576
21123.046875,0.002443819718
21128.906250,0.002592702477
21134.765625,0.005195250712
21140.625000,0.005633627190
21146.484375,0.002680466899
21152.343750,0.004268266780
21158.203125,0.006578502115
21164.062500,0.005249232293
21169.921875,0.004294408773
21175.781250,0.003941638070
21181.640625,0.004076468143
21187.500000,0.004123144534
21193.359375,0.002398071975
21199.218750,0.003618551043
21205.078125,0.003354113449
21210.937500,0.001422070504
21216.796875,0.000663573288
21222.656250,0.001523735573
21228.515625,0.004800391722
21234.375000,0.005280650178
21240.234375,0.003206846790
21246.093750,0.001984100516
21251.953125,0.002541249192
21257.812500,0.002038784664
21263.671875,0.004972027140
21269.531250,0.005811172024
21275.390625,0.002974575539
21281.250000,0.004056642391
21287.109375,0.001743535415
21292.968750,0.001842942737
21298.828125,0.005498769709
21304.687500,0.003865688660
21310.546875,0.004079684216
21316.406250,0.006444739517
21322.265625,0.005385844210
21328.125000,0.003555162002
21333.984375,0.004211564347
21339.843750,0.006194801280
21345.703125,0.003482500319
21351.562500,0.002751380673
21357.421875,0.003695286250
21363.281250,0.004060642191
21369.140625,0.003096724496
21375.000000,0.001273390225
21380.859375,0.002081922856
21386.718750,0.003041802026
21392.578125,0.003997586352
21398.437500,0.004311614413
21404.296875,0.003411687536
21410.156250,0.003070023701
21416.015625,0.002287459347
21421.875000,0.003286575802
21427.734375,0.001844264648
21433.593750,0.001314110257
21439.453125,0.004078605320
21445.312500,0.003160186178
21451.171875,0.002321487260
21457.031250,0.003279083025
21462.890625,0.002547673567
21468.750000,0.001918186062
21474.609375,0.002985611223
21480.468750,0.002226001418
21486.328125,0.000983679762
21492.187500,0.000864665803
21498.046875,0.001234687909
21503.906250,0.003485983368
21509.765625,0.005073538347
21515.625000,0.004867970559
21521.484375,0.002952500981
21527.343750,0.001755187532
21533.203125,0.002613603344
21539.062500,0.003917590868
21544.921875,0.001921680871
21550.781250,0.003555681221
21556.640625,0.003536075397
21562.500000,0.001169460873
21568.359375,0.001206659128
21574.218750,0.002845401680
21580.078125,0.002558118638
21585.937500,0.002716929048
21591.796875,0.004089292997
21597.656250,0.004030616422
21603.515625,0.004944189875
21609.375000,0.001468858424
21615.234375,0.002027532306
21621.093750,0.002729945688
21626.953125,0.000874385102
21632.812500,0.001398581672
21638.671875,0.002782517062
21644.531250,0.004150303589
21650.390625,0.000720515223
21656.250000,0.002878498554
21662.109375,0.001246561443
21667.968750,0.001652174125
21673.828125,0.002072514822
21679.687500,0.001663924992
21685.546875,0.002934010570
21691.406250,0.004331426107
21697.265625,0.003251299760
21703.125000,0.001952512315
21708.984375,0.003509330980
21714.843750,0.004147344977
21720.703125,0.003981650244
21726.562500,0.002545189240
21732.421875,0.003811220354
21738.281250,0.004523137038
21744.140625,0.004079395054
21750.000000,0.003805380156
21755.859375,0.003519674446
21761.718750,0.002890153225
21767.578125,0.000619938893
21773.437500,0.002458564189
21779.296875,0.002741392564
21785.156250,0.005549154142
21791.015625,0.007100179039
21796.875000,0.006370433725
21802.734375,0.003734279652
21808.593750,0.003701570144
21814.453125,0.002281870923
21820.312500,0.004069968955
21826.171875,0.003776395166
21832.031250,0.001702979289
21837.890625,0.000307754145
21843.750000,0.002135455147
21849.609375,0.003773269799
21855.468750,0.005847219701
21861.328125,0.004770041805
21867.187500,0.002402893371
21873.046875,0.001066523030
21878.906250,0.002794326722
21884.765625,0.004170432480
21890.625000,0.003659420088
21896.484375,0.000270085079
21902.343750,0.000384980111
21908.203125,0.002063155452
21914.062500,0.001397751982
21919.921875,0.003570622476
21925.781250,0.005719572681
21931.640625,0.003705350899
21937.500000,0.000578583835
21943.359375,0.000410414296
21949.218750,0.001327947365
21955.078125,0.000630884781
21960.937500,0.003229320091
21966.796875,0.001195218495
21972.656250,0.002539882009
21978.515625,0.003136893373
21984.375000,0.002277689920
21990.234375,0.001675361616
21996.093750,0.000800861875
22001.953125,0.000756668507
22007.812500,0.000740699658
22013.671875,0.003494196251
22019.531250,0.003769165738
22025.390625,0.004661943983
22031.250000,0.005537171090
22037.109375,0.002056748786
22042.968750,0.001225044307
22048.828125,0.002995776032
22054.687500,0.005072584491
22060.546875,0.005497647860
22066.406250,0.002995898499
22072.265625,0.001607470811
22078.125000,0.002213670729
22083.984375,0.002648284964
22089.843750,0.002375977190
22095.703125,0.004697695508
22101.562500,0.002560676019
22107.421875,0.005324028722
22113.281250,0.003944139315
22119.140625,0.002172346982
22125.000000,0.003260368152
22130.859375,0.003089717085
22136.718750,0.001548138090
22142.578125,0.001391240675
22148.437500,0.001754133062
22154.296875,0.001441272025
22160.156250,0.001710863948
22166.015625,0.001081159564
22171.875000,0.001369604903
22177.734375,0.001840726197
22183.593750,0.002291190566
22189.453125,0.003363373199
22195.312500,0.003451019333
22201.171875,0.002908925761
22207.031250,0.003117316792
22212.890625,0.003042175240
22218.750000,0.001293673029
22224.609375,0.003021757748
22230.468750,0.002610467528
22236.328125,0.000472194351
22242.187500,0.002167053654
22248.046875,0.002176101266
22253.906250,0.003707953314
22259.765625,0.004451633339
22265.625000,0.002786303352
22271.484375,0.000683697067
22277.343750,0.002619131331
22283.203125,0.002822227462
22289.062500,0.003771743885
22294.921875,0.003626272824
22300.781250,0.002152599670
22306.640625,0.001330450633
22312.500000,0.004059001795
22318.359375,0.003541616953
22324.218750,0.001237609938
22330.078125,0.000652895297
22335.937500,0.003519032262
22341.796875,0.003002323607
22347.656250,0.002622742812
22353.515625,0.003705444943
22359.375000,0.002677122131
22365.234375,0.004880090912
22371.093750,0.005349064410
22376.953125,0.002616620900
22382.812500,0.001643802889
22388.671875,0.000778389256
22394.531250,0.001423269147
22400.390625,0.004119419353
22406.250000,0.003058029202
22412.109375,0.004810432122
22417.968750,0.004213649964
22423.828125,0.002234101194
22429.687500,0.001250345037
22435.546875,0.001341605368
22441.406250,0.003105234632
22447.265625,0.002792115351
22453.125000,0.001142891893
22458.984375,0.001795267999
22464.843750,0.002670802164
22470.703125,0.003369523670
22476.562500,0.003395353945
22482.421875,0.001094798373
22488.281250,0.003957403138
22494.140625,0.005732231042
22500.000000,0.003793352708
22505.859375,0.001244923976
22511.718750,0.000954705287
22517.578125,0.002289055821
22523.437500,0.003750900795
22529.296875,0.002872911101
22535.156250,0.001969704391
22541.015625,0.002299208691
22546.875000,0.002049039430
22552.734375,0.001719083498
22558.593750,0.003749123770
22564.453125,0.003566765799
22570.312500,0.006662055231
22576.171875,0.004937313820
22582.031250,0.003869009629
22587.890625,0.005313283805
22593.750000,0.006771572166
22599.609375,0.007236461964
22605.468750,0.004037183738
22611.328125,0.001215971505
22617.187500,0.001588723598
22623.046875,0.000468384063
22628.906250,0.000681863109
22634.765625,0.000743350394
22640.625000,0.000926812406
22646.484375,0.001254955688
22652.343750,0.002314927414
22658.203125,0.000988836996
22664.062500,0.002389824172
22669.921875,0.002413419586
22675.781250,0.000202862994
22681.640625,0.000439771945
22687.500000,0.002018790098
22693.359375,0.001877023495
22699.218750,0.002591489713
22705.078125,0.004705514750
22710.937500,0.003590583615
22716.796875,0.000420801928
22722.656250,0.002354641805
22728.515625,0.004516550520
22734.375000,0.004615232311
22740.234375,0.003059995933
22746.093750,0.006991396876
22751.953125,0.003934039645
22757.812500,0.003515488924
22763.671875,0.003577432005
22769.531250,0.003624154918
22775.390625,0.001612433077
22781.250000,0.002296500238
22787.109375,0.001100489735
22792.968750,0.002986815130
22798.828125,0.004092254292
22804.687500,0.003844206941
22810.546875,0.002744358564
22816.406250,0.002397981497
22822.265625,0.003092057755
22828.125000,0.002067403569
22833.984375,0.002448035320
22839.843750,0.005808044683
22845.703125,0.004503639692
22851.562500,0.001768017006
22857.421875,0.001112162846
22863.281250,0.002743633351
22869.140625,0.003210789720
22875.000000,0.003209431081
22880.859375,0.003482783319
22886.718750,0.003160441425
22892.578125,0.003436001267
22898.437500,0.000898330708
22904.296875,0.001561590900
22910.156250,0.002757333680
22916.015625,0.003271217702
22921.875000,0.001362232372
22927.734375,0.002146052122
22933.593750,0.004528885987
22939.453125,0.005118591683
22945.312500,0.004610868207
22951.171875,0.005270787539
22957.031250,0.003923200767
22962.890625,0.001791637402
22968.750000,0.002542338226
22974.609375,0.001732204878
22980.468750,0.002699218586
22986.328125,0.003543790939
22992.187500,0.002609709536
22998.046875,0.003178064930
23003.906250,0.003797617799
23009.765625,0.004321817408
23015.625000,0.003152868833
23021.484375,0.002132997080
23027.343750,0.003103656806
23033.203125,0.002520668420
23039.062500,0.002663925562
23044.921875,0.002891260923
23050.781250,0.002979940527
23056.640625,0.001777393191
23062.500000,0.003309974712
23068.359375,0.003809715758
23074.218750,0.002518954700
23080.078125,0.002219702713
23085.937500,0.000263139296
23091.796875,0.002109154096
23097.656250,0.003749857670
23103.515625,0.003255732780
23109.375000,0.002481099603
23115.234375,0.001080106881
23121.093750,0.005233308946
23126.953125,0.003161049446
23132.812500,0.001917390868
23138.671875,0.002197186781
23144.531250,0.002033564247
23150.390625,0.001923343742
23156.250000,0.001202665003
23162.109375,0.001735175143
23167.968750,0.002392061513
23173.828125,0.005717445284
23179.687500,0.005755944330
23185.546875,0.002180546758
23191.406250,0.002456143351
23197.265625,0.002863031428
23203.125000,0.001924088479
23208.984375,0.001464145506
23214.843750,0.003311443142
23220.703125,0.001834483764
23226.562500,0.003114592774
23232.421875,0.002157081521
23238.281250,0.000568782278
23244.140625,0.004040398780
23250.000000,0.005306994449
23255.859375,0.005270640646
23261.718750,0.005860934078
23267.578125,0.005677331828
23273.437500,0.004791090702
23279.296875,0.001785804742
23285.156250,0.001434940682
23291.015625,0.000940859778
23296.875000,0.002844859906
23302.734375,0.002478210343
23308.593750,0.002985037334
23314.453125,0.003067462477
23320.312500,0.002580945335
23326.171875,0.002098756319
23332.031250,0.002951189156
23337.890625,0.004129623491
23343.750000,0.001723547278
23349.609375,0.001584438667
23355.468750,0.001437427995
23361.328125,0.002325861763
23367.187500,0.002942012598
23373.046875,0.002406392810
23378.906250,0.003023605753
23384.765625,0.001808331200
23390.625000,0.001705810548
23396.484375,0.002154762950
23402.343750,0.002282419400
23408.203125,0.003430406630
23414.062500,0.004797200687
23419.921875,0.004587756291
23425.781250,0.005264333701
23431.640625,0.005307343563
23437.500000,0.003803373576
23443.359375,0.004096156764
23449.218750,0.002565849703
23455.078125,0.005169805821
23460.937500,0.006048191306
23466.796875,0.003840157002
23472.656250,0.001826425835
23478.515625,0.000776292500
23484.375000,0.001119075015
23490.234375,0.000887521832
23496.093750,0.001829541297
23501.953125,0.003808495517
23507.812500,0.004687716807
23513.671875,0.004868673544
23519.531250,0.002941106479
23525.390625,0.001008255150
23531.250000,0.000595811699
23537.109375,0.002243169770
23542.968750,0.002379996121
23548.828125,0.003220753070
23554.687500,0.001479472938
23560.546875,0.000943995759
23566.406250,0.001443254371
23572.265625,0.001833059609
23578.125000,0.003338470413
23583.984375,0.003292318105
23589.843750,0.001202621986
23595.703125,0.002312869448
23601.562500,0.001792912535
23607.421875,0.001289014579
23613.281250,0.001141507386
23619.140625,0.003012444547
23625.000000,0.002994749304
23630.859375,0.000549600402
23636.718750,0.001445349343
23642.578125,0.003263925190
23648.437500,0.002919531741
23654.296875,0.002744530798
23660.156250,0.001533918161
23666.015625,0.001779037326
23671.875000,0.002249486513
23677.734375,0.001618905115
23683.593750,0.002242519274
23689.453125,0.002850449770
23695.312500,0.001721954660
23701.171875,0.000404307779
23707.031250,0.001853683164
23712.890625,0.003211933327
23718.750000,0.004041618123
23724.609375,0.004113866316
23730.468750,0.002300364108
23736.328125,0.000161148099
23742.187500,0.002007835534
23748.046875,0.002101261458
23753.906250,0.000670135003
23759.765625,0.001175281003
23765.625000,0.003033298851
23771.484375,0.005387752362
23777.343750,0.004542832060
23783.203125,0.000834087055
23789.062500,0.002136772676
23794.921875,0.001354367681
23800.781250,0.002032120061
23806.640625,0.002703772507
23812.500000,0.001900914784
23818.359375,0.001484210439
23824.218750,0.003987375452
23830.078125,0.002442116740
23835.937500,0.001218023474
23841.796875,0.002964342214
23847.656250,0.002600403154
23853.515625,0.002663600219
23859.375000,0.001914090774
23865.234375,0.001171972631
23871.093750,0.000843812407
23876.953125,0.002800379613
23882.812500,0.004541400303
23888.671875,0.002232518586
23894.531250,0.001043312088
23900.390625,0.002707840225
23906.250000,0.005043160523
23912.109375,0.004985790007
23917.968750,0.002898808358
23923.828125,0.002154160135
23929.687500,0.000757209831
23935.546875,0.003049123837
23941.406250,0.001438344507
23947.265625,0.001657978148
23953.125000,0.003242668555
23958.984375,0.002570491196
23964.843750,0.003069239804
23970.703125,0.002963994700
23976.562500,0.000778478562
23982.421875,0.001917354760
23988.281250,0.003918054341
23994.140625,0.004383058064
